filename,path,point_id,direction,grid_id,district,sample_id,sample_type,ori_level,urban_type,func_zone,stability_level
5420_106.693944822_29.8607129024_180_202305.jpg,/Users/catherine/Desktop/风险管理/imgs500米间隔161922_副本2/最新四方图/5420_106.693944822_29.8607129024_180_202305.jpg,5420,180,R060C087,渝北区,11,main,ORI低,一般建成区,居住主导,基本稳定-局部变化
5420_106.693944822_29.8607129024_270_202305.jpg,/Users/catherine/Desktop/风险管理/imgs500米间隔161922_副本2/最新四方图/5420_106.693944822_29.8607129024_270_202305.jpg,5420,270,R060C087,渝北区,11,main,ORI低,一般建成区,居住主导,基本稳定-局部变化
5420_106.693944822_29.8607129024_0_202305.jpg,/Users/catherine/Desktop/风险管理/imgs500米间隔161922_副本2/最新四方图/5420_106.693944822_29.8607129024_0_202305.jpg,5420,0,R060C087,渝北区,11,main,ORI低,一般建成区,居住主导,基本稳定-局部变化
5420_106.693944822_29.8607129024_90_202305.jpg,/Users/catherine/Desktop/风险管理/imgs500米间隔161922_副本2/最新四方图/5420_106.693944822_29.8607129024_90_202305.jpg,5420,90,R060C087,渝北区,11,main,ORI低,一般建成区,居住主导,基本稳定-局部变化
5416_106.68749609_29.8471863516_180_202305.jpg,/Users/catherine/Desktop/风险管理/imgs500米间隔161922_副本2/最新四方图/5416_106.68749609_29.8471863516_180_202305.jpg,5416,180,R063C085,渝北区,35,main,ORI低,密集城区,混合/非居住,稳定
5416_106.68749609_29.8471863516_0_202305.jpg,/Users/catherine/Desktop/风险管理/imgs500米间隔161922_副本2/最新四方图/5416_106.68749609_29.8471863516_0_202305.jpg,5416,0,R063C085,渝北区,35,main,ORI低,密集城区,混合/非居住,稳定
5416_106.68749609_29.8471863516_270_202305.jpg,/Users/catherine/Desktop/风险管理/imgs500米间隔161922_副本2/最新四方图/5416_106.68749609_29.8471863516_270_202305.jpg,5416,270,R063C085,渝北区,35,main,ORI低,密集城区,混合/非居住,稳定
5416_106.68749609_29.8471863516_90_202305.jpg,/Users/catherine/Desktop/风险管理/imgs500米间隔161922_副本2/最新四方图/5416_106.68749609_29.8471863516_90_202305.jpg,5416,90,R063C085,渝北区,35,main,ORI低,密集城区,混合/非居住,稳定
1587_106.737782288_29.839527249_0_202305.jpg,/Users/catherine/Desktop/风险管理/imgs500米间隔161922_副本2/最新四方图/1587_106.737782288_29.839527249_0_202305.jpg,1587,0,R065C095,渝北区,21,main,ORI低,密集城区,混合/非居住,稳定
1587_106.737782288_29.839527249_90_202305.jpg,/Users/catherine/Desktop/风险管理/imgs500米间隔161922_副本2/最新四方图/1587_106.737782288_29.839527249_90_202305.jpg,1587,90,R065C095,渝北区,21,main,ORI低,密集城区,混合/非居住,稳定
1587_106.737782288_29.839527249_180_202305.jpg,/Users/catherine/Desktop/风险管理/imgs500米间隔161922_副本2/最新四方图/1587_106.737782288_29.839527249_180_202305.jpg,1587,180,R065C095,渝北区,21,main,ORI低,密集城区,混合/非居住,稳定
1587_106.737782288_29.839527249_270_202305.jpg,/Users/catherine/Desktop/风险管理/imgs500米间隔161922_副本2/最新四方图/1587_106.737782288_29.839527249_270_202305.jpg,1587,270,R065C095,渝北区,21,main,ORI低,密集城区,混合/非居住,稳定
15499_106.76174776_29.8357353709_270_202305.jpg,/Users/catherine/Desktop/风险管理/imgs500米间隔161922_副本2/最新四方图/15499_106.76174776_29.8357353709_270_202305.jpg,15499,270,R066C100,渝北区,34,main,ORI低,一般建成区,居住主导,稳定
15499_106.76174776_29.8357353709_90_202305.jpg,/Users/catherine/Desktop/风险管理/imgs500米间隔161922_副本2/最新四方图/15499_106.76174776_29.8357353709_90_202305.jpg,15499,90,R066C100,渝北区,34,main,ORI低,一般建成区,居住主导,稳定
15499_106.76174776_29.8357353709_0_202305.jpg,/Users/catherine/Desktop/风险管理/imgs500米间隔161922_副本2/最新四方图/15499_106.76174776_29.8357353709_0_202305.jpg,15499,0,R066C100,渝北区,34,main,ORI低,一般建成区,居住主导,稳定
15499_106.76174776_29.8357353709_180_202305.jpg,/Users/catherine/Desktop/风险管理/imgs500米间隔161922_副本2/最新四方图/15499_106.76174776_29.8357353709_180_202305.jpg,15499,180,R066C100,渝北区,34,main,ORI低,一般建成区,居住主导,稳定
1579_106.717285056_29.8119862569_0_202305.jpg,/Users/catherine/Desktop/风险管理/imgs500米间隔161922_副本2/最新四方图/1579_106.717285056_29.8119862569_0_202305.jpg,1579,0,R071C091,渝北区,17,main,ORI低,一般建成区,居住主导,稳定
1579_106.717285056_29.8119862569_90_202305.jpg,/Users/catherine/Desktop/风险管理/imgs500米间隔161922_副本2/最新四方图/1579_106.717285056_29.8119862569_90_202305.jpg,1579,90,R071C091,渝北区,17,main,ORI低,一般建成区,居住主导,稳定
1579_106.717285056_29.8119862569_180_202305.jpg,/Users/catherine/Desktop/风险管理/imgs500米间隔161922_副本2/最新四方图/1579_106.717285056_29.8119862569_180_202305.jpg,1579,180,R071C091,渝北区,17,main,ORI低,一般建成区,居住主导,稳定
1579_106.717285056_29.8119862569_270_202305.jpg,/Users/catherine/Desktop/风险管理/imgs500米间隔161922_副本2/最新四方图/1579_106.717285056_29.8119862569_270_202305.jpg,1579,270,R071C091,渝北区,17,main,ORI低,一般建成区,居住主导,稳定
15541_106.72765048_29.8114232489_0_202305.jpg,/Users/catherine/Desktop/风险管理/imgs500米间隔161922_副本2/最新四方图/15541_106.72765048_29.8114232489_0_202305.jpg,15541,0,R071C093,渝北区,13,main,ORI低,密集城区,混合/非居住,稳定
15541_106.72765048_29.8114232489_90_202305.jpg,/Users/catherine/Desktop/风险管理/imgs500米间隔161922_副本2/最新四方图/15541_106.72765048_29.8114232489_90_202305.jpg,15541,90,R071C093,渝北区,13,main,ORI低,密集城区,混合/非居住,稳定
15541_106.72765048_29.8114232489_180_202305.jpg,/Users/catherine/Desktop/风险管理/imgs500米间隔161922_副本2/最新四方图/15541_106.72765048_29.8114232489_180_202305.jpg,15541,180,R071C093,渝北区,13,main,ORI低,密集城区,混合/非居住,稳定
15541_106.72765048_29.8114232489_270_202305.jpg,/Users/catherine/Desktop/风险管理/imgs500米间隔161922_副本2/最新四方图/15541_106.72765048_29.8114232489_270_202305.jpg,15541,270,R071C093,渝北区,13,main,ORI低,密集城区,混合/非居住,稳定
1793_106.729028421_29.808354146_90_202305.jpg,/Users/catherine/Desktop/风险管理/imgs500米间隔161922_副本2/最新四方图/1793_106.729028421_29.808354146_90_202305.jpg,1793,90,R072C094,渝北区,24,main,ORI低,一般建成区,混合/非居住,稳定
1793_106.729028421_29.808354146_180_202305.jpg,/Users/catherine/Desktop/风险管理/imgs500米间隔161922_副本2/最新四方图/1793_106.729028421_29.808354146_180_202305.jpg,1793,180,R072C094,渝北区,24,main,ORI低,一般建成区,混合/非居住,稳定
1793_106.729028421_29.808354146_0_202305.jpg,/Users/catherine/Desktop/风险管理/imgs500米间隔161922_副本2/最新四方图/1793_106.729028421_29.808354146_0_202305.jpg,1793,0,R072C094,渝北区,24,main,ORI低,一般建成区,混合/非居住,稳定
1793_106.729028421_29.808354146_270_202305.jpg,/Users/catherine/Desktop/风险管理/imgs500米间隔161922_副本2/最新四方图/1793_106.729028421_29.808354146_270_202305.jpg,1793,270,R072C094,渝北区,24,main,ORI低,一般建成区,混合/非居住,稳定
5402_106.640480396_29.8032257903_0_202305.jpg,/Users/catherine/Desktop/风险管理/imgs500米间隔161922_副本2/最新四方图/5402_106.640480396_29.8032257903_0_202305.jpg,5402,0,R073C076,渝北区,7,main,ORI低,密集城区,居住主导,稳定
5402_106.640480396_29.8032257903_270_202305.jpg,/Users/catherine/Desktop/风险管理/imgs500米间隔161922_副本2/最新四方图/5402_106.640480396_29.8032257903_270_202305.jpg,5402,270,R073C076,渝北区,7,main,ORI低,密集城区,居住主导,稳定
5402_106.640480396_29.8032257903_90_202305.jpg,/Users/catherine/Desktop/风险管理/imgs500米间隔161922_副本2/最新四方图/5402_106.640480396_29.8032257903_90_202305.jpg,5402,90,R073C076,渝北区,7,main,ORI低,密集城区,居住主导,稳定
5402_106.640480396_29.8032257903_180_202305.jpg,/Users/catherine/Desktop/风险管理/imgs500米间隔161922_副本2/最新四方图/5402_106.640480396_29.8032257903_180_202305.jpg,5402,180,R073C076,渝北区,7,main,ORI低,密集城区,居住主导,稳定
7062_106.530847759_29.795607299_270_202305.jpg,/Users/catherine/Desktop/风险管理/imgs500米间隔161922_副本2/最新四方图/7062_106.530847759_29.795607299_270_202305.jpg,7062,270,R075C055,北碚区,398,sensitivity,ORI低,乡村/自然,居住主导,显著变化
7062_106.530847759_29.795607299_180_202305.jpg,/Users/catherine/Desktop/风险管理/imgs500米间隔161922_副本2/最新四方图/7062_106.530847759_29.795607299_180_202305.jpg,7062,180,R075C055,北碚区,398,sensitivity,ORI低,乡村/自然,居住主导,显著变化
7062_106.530847759_29.795607299_0_202305.jpg,/Users/catherine/Desktop/风险管理/imgs500米间隔161922_副本2/最新四方图/7062_106.530847759_29.795607299_0_202305.jpg,7062,0,R075C055,北碚区,398,sensitivity,ORI低,乡村/自然,居住主导,显著变化
7062_106.530847759_29.795607299_90_202305.jpg,/Users/catherine/Desktop/风险管理/imgs500米间隔161922_副本2/最新四方图/7062_106.530847759_29.795607299_90_202305.jpg,7062,90,R075C055,北碚区,398,sensitivity,ORI低,乡村/自然,居住主导,显著变化
17488_106.684547327_29.7934225541_270_202305.jpg,/Users/catherine/Desktop/风险管理/imgs500米间隔161922_副本2/最新四方图/17488_106.684547327_29.7934225541_270_202305.jpg,17488,270,R075C085,渝北区,44,main,ORI中,密集城区,混合/非居住,稳定
17488_106.684547327_29.7934225541_90_202305.jpg,/Users/catherine/Desktop/风险管理/imgs500米间隔161922_副本2/最新四方图/17488_106.684547327_29.7934225541_90_202305.jpg,17488,90,R075C085,渝北区,44,main,ORI中,密集城区,混合/非居住,稳定
17488_106.684547327_29.7934225541_180_202305.jpg,/Users/catherine/Desktop/风险管理/imgs500米间隔161922_副本2/最新四方图/17488_106.684547327_29.7934225541_180_202305.jpg,17488,180,R075C085,渝北区,44,main,ORI中,密集城区,混合/非居住,稳定
17488_106.684547327_29.7934225541_0_202305.jpg,/Users/catherine/Desktop/风险管理/imgs500米间隔161922_副本2/最新四方图/17488_106.684547327_29.7934225541_0_202305.jpg,17488,0,R075C085,渝北区,44,main,ORI中,密集城区,混合/非居住,稳定
1572_106.715244757_29.7938618796_180_202305.jpg,/Users/catherine/Desktop/风险管理/imgs500米间隔161922_副本2/最新四方图/1572_106.715244757_29.7938618796_180_202305.jpg,1572,180,R075C091,渝北区,28,main,ORI低,密集城区,居住主导,稳定
1572_106.715244757_29.7938618796_0_202305.jpg,/Users/catherine/Desktop/风险管理/imgs500米间隔161922_副本2/最新四方图/1572_106.715244757_29.7938618796_0_202305.jpg,1572,0,R075C091,渝北区,28,main,ORI低,密集城区,居住主导,稳定
1572_106.715244757_29.7938618796_270_202305.jpg,/Users/catherine/Desktop/风险管理/imgs500米间隔161922_副本2/最新四方图/1572_106.715244757_29.7938618796_270_202305.jpg,1572,270,R075C091,渝北区,28,main,ORI低,密集城区,居住主导,稳定
1572_106.715244757_29.7938618796_90_202305.jpg,/Users/catherine/Desktop/风险管理/imgs500米间隔161922_副本2/最新四方图/1572_106.715244757_29.7938618796_90_202305.jpg,1572,90,R075C091,渝北区,28,main,ORI低,密集城区,居住主导,稳定
7067_106.509787548_29.7938651621_90_202305.jpg,/Users/catherine/Desktop/风险管理/imgs500米间隔161922_副本2/最新四方图/7067_106.509787548_29.7938651621_90_202305.jpg,7067,90,R076C051,北碚区,331,main,ORI中,密集城区,混合/非居住,基本稳定-局部变化
7067_106.509787548_29.7938651621_270_202305.jpg,/Users/catherine/Desktop/风险管理/imgs500米间隔161922_副本2/最新四方图/7067_106.509787548_29.7938651621_270_202305.jpg,7067,270,R076C051,北碚区,331,main,ORI中,密集城区,混合/非居住,基本稳定-局部变化
7067_106.509787548_29.7938651621_180_202305.jpg,/Users/catherine/Desktop/风险管理/imgs500米间隔161922_副本2/最新四方图/7067_106.509787548_29.7938651621_180_202305.jpg,7067,180,R076C051,北碚区,331,main,ORI中,密集城区,混合/非居住,基本稳定-局部变化
7067_106.509787548_29.7938651621_0_202305.jpg,/Users/catherine/Desktop/风险管理/imgs500米间隔161922_副本2/最新四方图/7067_106.509787548_29.7938651621_0_202305.jpg,7067,0,R076C051,北碚区,331,main,ORI中,密集城区,混合/非居住,基本稳定-局部变化
7056_106.529685235_29.7925072481_180_202305.jpg,/Users/catherine/Desktop/风险管理/imgs500米间隔161922_副本2/最新四方图/7056_106.529685235_29.7925072481_180_202305.jpg,7056,180,R076C055,北碚区,378,sensitivity,ORI中,一般建成区,混合/非居住,显著变化
7056_106.529685235_29.7925072481_90_202305.jpg,/Users/catherine/Desktop/风险管理/imgs500米间隔161922_副本2/最新四方图/7056_106.529685235_29.7925072481_90_202305.jpg,7056,90,R076C055,北碚区,378,sensitivity,ORI中,一般建成区,混合/非居住,显著变化
7056_106.529685235_29.7925072481_0_202305.jpg,/Users/catherine/Desktop/风险管理/imgs500米间隔161922_副本2/最新四方图/7056_106.529685235_29.7925072481_0_202305.jpg,7056,0,R076C055,北碚区,378,sensitivity,ORI中,一般建成区,混合/非居住,显著变化
7056_106.529685235_29.7925072481_270_202305.jpg,/Users/catherine/Desktop/风险管理/imgs500米间隔161922_副本2/最新四方图/7056_106.529685235_29.7925072481_270_202305.jpg,7056,270,R076C055,北碚区,378,sensitivity,ORI中,一般建成区,混合/非居住,显著变化
1571_106.71302914_29.7892446077_270_202305.jpg,/Users/catherine/Desktop/风险管理/imgs500米间隔161922_副本2/最新四方图/1571_106.71302914_29.7892446077_270_202305.jpg,1571,270,R076C091,渝北区,25,main,ORI低,密集城区,居住主导,稳定
1571_106.71302914_29.7892446077_0_202305.jpg,/Users/catherine/Desktop/风险管理/imgs500米间隔161922_副本2/最新四方图/1571_106.71302914_29.7892446077_0_202305.jpg,1571,0,R076C091,渝北区,25,main,ORI低,密集城区,居住主导,稳定
1571_106.71302914_29.7892446077_90_202305.jpg,/Users/catherine/Desktop/风险管理/imgs500米间隔161922_副本2/最新四方图/1571_106.71302914_29.7892446077_90_202305.jpg,1571,90,R076C091,渝北区,25,main,ORI低,密集城区,居住主导,稳定
1571_106.71302914_29.7892446077_180_202305.jpg,/Users/catherine/Desktop/风险管理/imgs500米间隔161922_副本2/最新四方图/1571_106.71302914_29.7892446077_180_202305.jpg,1571,180,R076C091,渝北区,25,main,ORI低,密集城区,居住主导,稳定
7710_106.527809939_29.7862899189_270_202305.jpg,/Users/catherine/Desktop/风险管理/imgs500米间隔161922_副本2/最新四方图/7710_106.527809939_29.7862899189_270_202305.jpg,7710,270,R077C055,北碚区,328,main,ORI中,一般建成区,混合/非居住,稳定
7710_106.527809939_29.7862899189_90_202305.jpg,/Users/catherine/Desktop/风险管理/imgs500米间隔161922_副本2/最新四方图/7710_106.527809939_29.7862899189_90_202305.jpg,7710,90,R077C055,北碚区,328,main,ORI中,一般建成区,混合/非居住,稳定
7710_106.527809939_29.7862899189_180_202305.jpg,/Users/catherine/Desktop/风险管理/imgs500米间隔161922_副本2/最新四方图/7710_106.527809939_29.7862899189_180_202305.jpg,7710,180,R077C055,北碚区,328,main,ORI中,一般建成区,混合/非居住,稳定
7710_106.527809939_29.7862899189_0_202305.jpg,/Users/catherine/Desktop/风险管理/imgs500米间隔161922_副本2/最新四方图/7710_106.527809939_29.7862899189_0_202305.jpg,7710,0,R077C055,北碚区,328,main,ORI中,一般建成区,混合/非居住,稳定
8831_106.490367363_29.7789260687_180_202305.jpg,/Users/catherine/Desktop/风险管理/imgs500米间隔161922_副本2/最新四方图/8831_106.490367363_29.7789260687_180_202305.jpg,8831,180,R079C048,北碚区,336,main,ORI高,密集城区,居住主导,稳定
8831_106.490367363_29.7789260687_0_202305.jpg,/Users/catherine/Desktop/风险管理/imgs500米间隔161922_副本2/最新四方图/8831_106.490367363_29.7789260687_0_202305.jpg,8831,0,R079C048,北碚区,336,main,ORI高,密集城区,居住主导,稳定
8831_106.490367363_29.7789260687_90_202305.jpg,/Users/catherine/Desktop/风险管理/imgs500米间隔161922_副本2/最新四方图/8831_106.490367363_29.7789260687_90_202305.jpg,8831,90,R079C048,北碚区,336,main,ORI高,密集城区,居住主导,稳定
8831_106.490367363_29.7789260687_270_202305.jpg,/Users/catherine/Desktop/风险管理/imgs500米间隔161922_副本2/最新四方图/8831_106.490367363_29.7789260687_270_202305.jpg,8831,270,R079C048,北碚区,336,main,ORI高,密集城区,居住主导,稳定
7560_106.495951554_29.7791949978_180_202305.jpg,/Users/catherine/Desktop/风险管理/imgs500米间隔161922_副本2/最新四方图/7560_106.495951554_29.7791949978_180_202305.jpg,7560,180,R079C049,北碚区,335,main,ORI高,密集城区,居住主导,稳定
7560_106.495951554_29.7791949978_0_202305.jpg,/Users/catherine/Desktop/风险管理/imgs500米间隔161922_副本2/最新四方图/7560_106.495951554_29.7791949978_0_202305.jpg,7560,0,R079C049,北碚区,335,main,ORI高,密集城区,居住主导,稳定
7560_106.495951554_29.7791949978_90_202305.jpg,/Users/catherine/Desktop/风险管理/imgs500米间隔161922_副本2/最新四方图/7560_106.495951554_29.7791949978_90_202305.jpg,7560,90,R079C049,北碚区,335,main,ORI高,密集城区,居住主导,稳定
7560_106.495951554_29.7791949978_270_202305.jpg,/Users/catherine/Desktop/风险管理/imgs500米间隔161922_副本2/最新四方图/7560_106.495951554_29.7791949978_270_202305.jpg,7560,270,R079C049,北碚区,335,main,ORI高,密集城区,居住主导,稳定
7643_106.667504193_29.7775236481_0_202305.jpg,/Users/catherine/Desktop/风险管理/imgs500米间隔161922_副本2/最新四方图/7643_106.667504193_29.7775236481_0_202305.jpg,7643,0,R079C082,渝北区,64,main,ORI中,密集城区,混合/非居住,稳定
7643_106.667504193_29.7775236481_270_202305.jpg,/Users/catherine/Desktop/风险管理/imgs500米间隔161922_副本2/最新四方图/7643_106.667504193_29.7775236481_270_202305.jpg,7643,270,R079C082,渝北区,64,main,ORI中,密集城区,混合/非居住,稳定
7643_106.667504193_29.7775236481_180_202305.jpg,/Users/catherine/Desktop/风险管理/imgs500米间隔161922_副本2/最新四方图/7643_106.667504193_29.7775236481_180_202305.jpg,7643,180,R079C082,渝北区,64,main,ORI中,密集城区,混合/非居住,稳定
7643_106.667504193_29.7775236481_90_202305.jpg,/Users/catherine/Desktop/风险管理/imgs500米间隔161922_副本2/最新四方图/7643_106.667504193_29.7775236481_90_202305.jpg,7643,90,R079C082,渝北区,64,main,ORI中,密集城区,混合/非居住,稳定
7860_106.48466363_29.7677236875_90_202305.jpg,/Users/catherine/Desktop/风险管理/imgs500米间隔161922_副本2/最新四方图/7860_106.48466363_29.7677236875_90_202305.jpg,7860,90,R081C046,北碚区,321,main,ORI低,乡村/自然,居住主导,基本稳定-局部变化
7860_106.48466363_29.7677236875_180_202305.jpg,/Users/catherine/Desktop/风险管理/imgs500米间隔161922_副本2/最新四方图/7860_106.48466363_29.7677236875_180_202305.jpg,7860,180,R081C046,北碚区,321,main,ORI低,乡村/自然,居住主导,基本稳定-局部变化
7860_106.48466363_29.7677236875_0_202305.jpg,/Users/catherine/Desktop/风险管理/imgs500米间隔161922_副本2/最新四方图/7860_106.48466363_29.7677236875_0_202305.jpg,7860,0,R081C046,北碚区,321,main,ORI低,乡村/自然,居住主导,基本稳定-局部变化
7860_106.48466363_29.7677236875_270_202305.jpg,/Users/catherine/Desktop/风险管理/imgs500米间隔161922_副本2/最新四方图/7860_106.48466363_29.7677236875_270_202305.jpg,7860,270,R081C046,北碚区,321,main,ORI低,乡村/自然,居住主导,基本稳定-局部变化
3239_106.556593173_29.7694866035_180_202305.jpg,/Users/catherine/Desktop/风险管理/imgs500米间隔161922_副本2/最新四方图/3239_106.556593173_29.7694866035_180_202305.jpg,3239,180,R081C060,北碚区,320,main,ORI低,一般建成区,混合/非居住,基本稳定-局部变化
3239_106.556593173_29.7694866035_0_202305.jpg,/Users/catherine/Desktop/风险管理/imgs500米间隔161922_副本2/最新四方图/3239_106.556593173_29.7694866035_0_202305.jpg,3239,0,R081C060,北碚区,320,main,ORI低,一般建成区,混合/非居住,基本稳定-局部变化
3239_106.556593173_29.7694866035_90_202305.jpg,/Users/catherine/Desktop/风险管理/imgs500米间隔161922_副本2/最新四方图/3239_106.556593173_29.7694866035_90_202305.jpg,3239,90,R081C060,北碚区,320,main,ORI低,一般建成区,混合/非居住,基本稳定-局部变化
3239_106.556593173_29.7694866035_270_202305.jpg,/Users/catherine/Desktop/风险管理/imgs500米间隔161922_副本2/最新四方图/3239_106.556593173_29.7694866035_270_202305.jpg,3239,270,R081C060,北碚区,320,main,ORI低,一般建成区,混合/非居住,基本稳定-局部变化
7702_106.53634082_29.76683951_0_202305.jpg,/Users/catherine/Desktop/风险管理/imgs500米间隔161922_副本2/最新四方图/7702_106.53634082_29.76683951_0_202305.jpg,7702,0,R082C056,渝北区,387,sensitivity,ORI低,一般建成区,混合/非居住,显著变化
7702_106.53634082_29.76683951_270_202305.jpg,/Users/catherine/Desktop/风险管理/imgs500米间隔161922_副本2/最新四方图/7702_106.53634082_29.76683951_270_202305.jpg,7702,270,R082C056,渝北区,387,sensitivity,ORI低,一般建成区,混合/非居住,显著变化
7702_106.53634082_29.76683951_90_202305.jpg,/Users/catherine/Desktop/风险管理/imgs500米间隔161922_副本2/最新四方图/7702_106.53634082_29.76683951_90_202305.jpg,7702,90,R082C056,渝北区,387,sensitivity,ORI低,一般建成区,混合/非居住,显著变化
7702_106.53634082_29.76683951_180_202305.jpg,/Users/catherine/Desktop/风险管理/imgs500米间隔161922_副本2/最新四方图/7702_106.53634082_29.76683951_180_202305.jpg,7702,180,R082C056,渝北区,387,sensitivity,ORI低,一般建成区,混合/非居住,显著变化
3248_106.633522514_29.7625031384_270_202305.jpg,/Users/catherine/Desktop/风险管理/imgs500米间隔161922_副本2/最新四方图/3248_106.633522514_29.7625031384_270_202305.jpg,3248,270,R082C075,渝北区,87,main,ORI高,密集城区,混合/非居住,稳定
3248_106.633522514_29.7625031384_90_202305.jpg,/Users/catherine/Desktop/风险管理/imgs500米间隔161922_副本2/最新四方图/3248_106.633522514_29.7625031384_90_202305.jpg,3248,90,R082C075,渝北区,87,main,ORI高,密集城区,混合/非居住,稳定
3248_106.633522514_29.7625031384_180_202305.jpg,/Users/catherine/Desktop/风险管理/imgs500米间隔161922_副本2/最新四方图/3248_106.633522514_29.7625031384_180_202305.jpg,3248,180,R082C075,渝北区,87,main,ORI高,密集城区,混合/非居住,稳定
3248_106.633522514_29.7625031384_0_202305.jpg,/Users/catherine/Desktop/风险管理/imgs500米间隔161922_副本2/最新四方图/3248_106.633522514_29.7625031384_0_202305.jpg,3248,0,R082C075,渝北区,87,main,ORI高,密集城区,混合/非居住,稳定
13798_106.709815042_29.7621535598_90_202305.jpg,/Users/catherine/Desktop/风险管理/imgs500米间隔161922_副本2/最新四方图/13798_106.709815042_29.7621535598_90_202305.jpg,13798,90,R082C090,渝北区,10,main,ORI低,乡村/自然,混合/非居住,基本稳定-局部变化
13798_106.709815042_29.7621535598_270_202305.jpg,/Users/catherine/Desktop/风险管理/imgs500米间隔161922_副本2/最新四方图/13798_106.709815042_29.7621535598_270_202305.jpg,13798,270,R082C090,渝北区,10,main,ORI低,乡村/自然,混合/非居住,基本稳定-局部变化
13798_106.709815042_29.7621535598_0_202305.jpg,/Users/catherine/Desktop/风险管理/imgs500米间隔161922_副本2/最新四方图/13798_106.709815042_29.7621535598_0_202305.jpg,13798,0,R082C090,渝北区,10,main,ORI低,乡村/自然,混合/非居住,基本稳定-局部变化
13798_106.709815042_29.7621535598_180_202305.jpg,/Users/catherine/Desktop/风险管理/imgs500米间隔161922_副本2/最新四方图/13798_106.709815042_29.7621535598_180_202305.jpg,13798,180,R082C090,渝北区,10,main,ORI低,乡村/自然,混合/非居住,基本稳定-局部变化
5088_106.46922237_29.7621982628_270_202305.jpg,/Users/catherine/Desktop/风险管理/imgs500米间隔161922_副本2/最新四方图/5088_106.46922237_29.7621982628_270_202305.jpg,5088,270,R083C043,北碚区,334,main,ORI高,密集城区,居住主导,稳定
5088_106.46922237_29.7621982628_0_202305.jpg,/Users/catherine/Desktop/风险管理/imgs500米间隔161922_副本2/最新四方图/5088_106.46922237_29.7621982628_0_202305.jpg,5088,0,R083C043,北碚区,334,main,ORI高,密集城区,居住主导,稳定
5088_106.46922237_29.7621982628_180_202305.jpg,/Users/catherine/Desktop/风险管理/imgs500米间隔161922_副本2/最新四方图/5088_106.46922237_29.7621982628_180_202305.jpg,5088,180,R083C043,北碚区,334,main,ORI高,密集城区,居住主导,稳定
5088_106.46922237_29.7621982628_90_202305.jpg,/Users/catherine/Desktop/风险管理/imgs500米间隔161922_副本2/最新四方图/5088_106.46922237_29.7621982628_90_202305.jpg,5088,90,R083C043,北碚区,334,main,ORI高,密集城区,居住主导,稳定
6415_106.660064725_29.7585779529_90_202305.jpg,/Users/catherine/Desktop/风险管理/imgs500米间隔161922_副本2/最新四方图/6415_106.660064725_29.7585779529_90_202305.jpg,6415,90,R083C080,渝北区,18,main,ORI低,一般建成区,混合/非居住,稳定
6415_106.660064725_29.7585779529_270_202305.jpg,/Users/catherine/Desktop/风险管理/imgs500米间隔161922_副本2/最新四方图/6415_106.660064725_29.7585779529_270_202305.jpg,6415,270,R083C080,渝北区,18,main,ORI低,一般建成区,混合/非居住,稳定
6415_106.660064725_29.7585779529_0_202305.jpg,/Users/catherine/Desktop/风险管理/imgs500米间隔161922_副本2/最新四方图/6415_106.660064725_29.7585779529_0_202305.jpg,6415,0,R083C080,渝北区,18,main,ORI低,一般建成区,混合/非居住,稳定
6415_106.660064725_29.7585779529_180_202305.jpg,/Users/catherine/Desktop/风险管理/imgs500米间隔161922_副本2/最新四方图/6415_106.660064725_29.7585779529_180_202305.jpg,6415,180,R083C080,渝北区,18,main,ORI低,一般建成区,混合/非居住,稳定
6410_106.68367735_29.7567249762_90_202305.jpg,/Users/catherine/Desktop/风险管理/imgs500米间隔161922_副本2/最新四方图/6410_106.68367735_29.7567249762_90_202305.jpg,6410,90,R083C085,渝北区,27,main,ORI低,乡村/自然,无/极少建筑,稳定
6410_106.68367735_29.7567249762_180_202305.jpg,/Users/catherine/Desktop/风险管理/imgs500米间隔161922_副本2/最新四方图/6410_106.68367735_29.7567249762_180_202305.jpg,6410,180,R083C085,渝北区,27,main,ORI低,乡村/自然,无/极少建筑,稳定
6410_106.68367735_29.7567249762_0_202305.jpg,/Users/catherine/Desktop/风险管理/imgs500米间隔161922_副本2/最新四方图/6410_106.68367735_29.7567249762_0_202305.jpg,6410,0,R083C085,渝北区,27,main,ORI低,乡村/自然,无/极少建筑,稳定
6410_106.68367735_29.7567249762_270_202305.jpg,/Users/catherine/Desktop/风险管理/imgs500米间隔161922_副本2/最新四方图/6410_106.68367735_29.7567249762_270_202305.jpg,6410,270,R083C085,渝北区,27,main,ORI低,乡村/自然,无/极少建筑,稳定
5099_106.463235416_29.7580846169_180_202305.jpg,/Users/catherine/Desktop/风险管理/imgs500米间隔161922_副本2/最新四方图/5099_106.463235416_29.7580846169_180_202305.jpg,5099,180,R084C042,北碚区,327,main,ORI中,一般建成区,居住主导,稳定
5099_106.463235416_29.7580846169_0_202305.jpg,/Users/catherine/Desktop/风险管理/imgs500米间隔161922_副本2/最新四方图/5099_106.463235416_29.7580846169_0_202305.jpg,5099,0,R084C042,北碚区,327,main,ORI中,一般建成区,居住主导,稳定
5099_106.463235416_29.7580846169_270_202305.jpg,/Users/catherine/Desktop/风险管理/imgs500米间隔161922_副本2/最新四方图/5099_106.463235416_29.7580846169_270_202305.jpg,5099,270,R084C042,北碚区,327,main,ORI中,一般建成区,居住主导,稳定
5099_106.463235416_29.7580846169_90_202305.jpg,/Users/catherine/Desktop/风险管理/imgs500米间隔161922_副本2/最新四方图/5099_106.463235416_29.7580846169_90_202305.jpg,5099,90,R084C042,北碚区,327,main,ORI中,一般建成区,居住主导,稳定
18570_106.60861732_29.75632208_180_202305.jpg,/Users/catherine/Desktop/风险管理/imgs500米间隔161922_副本2/最新四方图/18570_106.60861732_29.75632208_180_202305.jpg,18570,180,R084C070,渝北区,9,main,ORI低,密集城区,居住主导,基本稳定-局部变化
18570_106.60861732_29.75632208_270_202305.jpg,/Users/catherine/Desktop/风险管理/imgs500米间隔161922_副本2/最新四方图/18570_106.60861732_29.75632208_270_202305.jpg,18570,270,R084C070,渝北区,9,main,ORI低,密集城区,居住主导,基本稳定-局部变化
18570_106.60861732_29.75632208_0_202305.jpg,/Users/catherine/Desktop/风险管理/imgs500米间隔161922_副本2/最新四方图/18570_106.60861732_29.75632208_0_202305.jpg,18570,0,R084C070,渝北区,9,main,ORI低,密集城区,居住主导,基本稳定-局部变化
18570_106.60861732_29.75632208_90_202305.jpg,/Users/catherine/Desktop/风险管理/imgs500米间隔161922_副本2/最新四方图/18570_106.60861732_29.75632208_90_202305.jpg,18570,90,R084C070,渝北区,9,main,ORI低,密集城区,居住主导,基本稳定-局部变化
3275_106.639229898_29.7535967172_0_202305.jpg,/Users/catherine/Desktop/风险管理/imgs500米间隔161922_副本2/最新四方图/3275_106.639229898_29.7535967172_0_202305.jpg,3275,0,R084C076,渝北区,99,main,ORI高,密集城区,混合/非居住,稳定
3275_106.639229898_29.7535967172_180_202305.jpg,/Users/catherine/Desktop/风险管理/imgs500米间隔161922_副本2/最新四方图/3275_106.639229898_29.7535967172_180_202305.jpg,3275,180,R084C076,渝北区,99,main,ORI高,密集城区,混合/非居住,稳定
3275_106.639229898_29.7535967172_90_202305.jpg,/Users/catherine/Desktop/风险管理/imgs500米间隔161922_副本2/最新四方图/3275_106.639229898_29.7535967172_90_202305.jpg,3275,90,R084C076,渝北区,99,main,ORI高,密集城区,混合/非居住,稳定
3275_106.639229898_29.7535967172_270_202305.jpg,/Users/catherine/Desktop/风险管理/imgs500米间隔161922_副本2/最新四方图/3275_106.639229898_29.7535967172_270_202305.jpg,3275,270,R084C076,渝北区,99,main,ORI高,密集城区,混合/非居住,稳定
20321_106.646697413_29.7553829398_90_202305.jpg,/Users/catherine/Desktop/风险管理/imgs500米间隔161922_副本2/最新四方图/20321_106.646697413_29.7553829398_90_202305.jpg,20321,90,R084C078,渝北区,59,main,ORI中,密集城区,混合/非居住,稳定
20321_106.646697413_29.7553829398_270_202305.jpg,/Users/catherine/Desktop/风险管理/imgs500米间隔161922_副本2/最新四方图/20321_106.646697413_29.7553829398_270_202305.jpg,20321,270,R084C078,渝北区,59,main,ORI中,密集城区,混合/非居住,稳定
20321_106.646697413_29.7553829398_0_202305.jpg,/Users/catherine/Desktop/风险管理/imgs500米间隔161922_副本2/最新四方图/20321_106.646697413_29.7553829398_0_202305.jpg,20321,0,R084C078,渝北区,59,main,ORI中,密集城区,混合/非居住,稳定
20321_106.646697413_29.7553829398_180_202305.jpg,/Users/catherine/Desktop/风险管理/imgs500米间隔161922_副本2/最新四方图/20321_106.646697413_29.7553829398_180_202305.jpg,20321,180,R084C078,渝北区,59,main,ORI中,密集城区,混合/非居住,稳定
7566_106.652112879_29.7543687101_270_202305.jpg,/Users/catherine/Desktop/风险管理/imgs500米间隔161922_副本2/最新四方图/7566_106.652112879_29.7543687101_270_202305.jpg,7566,270,R084C079,渝北区,61,main,ORI中,密集城区,混合/非居住,稳定
7566_106.652112879_29.7543687101_90_202305.jpg,/Users/catherine/Desktop/风险管理/imgs500米间隔161922_副本2/最新四方图/7566_106.652112879_29.7543687101_90_202305.jpg,7566,90,R084C079,渝北区,61,main,ORI中,密集城区,混合/非居住,稳定
7566_106.652112879_29.7543687101_0_202305.jpg,/Users/catherine/Desktop/风险管理/imgs500米间隔161922_副本2/最新四方图/7566_106.652112879_29.7543687101_0_202305.jpg,7566,0,R084C079,渝北区,61,main,ORI中,密集城区,混合/非居住,稳定
7566_106.652112879_29.7543687101_180_202305.jpg,/Users/catherine/Desktop/风险管理/imgs500米间隔161922_副本2/最新四方图/7566_106.652112879_29.7543687101_180_202305.jpg,7566,180,R084C079,渝北区,61,main,ORI中,密集城区,混合/非居住,稳定
5132_106.465976196_29.7522960732_270_202305.jpg,/Users/catherine/Desktop/风险管理/imgs500米间隔161922_副本2/最新四方图/5132_106.465976196_29.7522960732_270_202305.jpg,5132,270,R085C043,北碚区,330,main,ORI中,密集城区,混合/非居住,稳定
5132_106.465976196_29.7522960732_90_202305.jpg,/Users/catherine/Desktop/风险管理/imgs500米间隔161922_副本2/最新四方图/5132_106.465976196_29.7522960732_90_202305.jpg,5132,90,R085C043,北碚区,330,main,ORI中,密集城区,混合/非居住,稳定
5132_106.465976196_29.7522960732_0_202305.jpg,/Users/catherine/Desktop/风险管理/imgs500米间隔161922_副本2/最新四方图/5132_106.465976196_29.7522960732_0_202305.jpg,5132,0,R085C043,北碚区,330,main,ORI中,密集城区,混合/非居住,稳定
5132_106.465976196_29.7522960732_180_202305.jpg,/Users/catherine/Desktop/风险管理/imgs500米间隔161922_副本2/最新四方图/5132_106.465976196_29.7522960732_180_202305.jpg,5132,180,R085C043,北碚区,330,main,ORI中,密集城区,混合/非居住,稳定
18501_106.685443018_29.7510808815_90_202305.jpg,/Users/catherine/Desktop/风险管理/imgs500米间隔161922_副本2/最新四方图/18501_106.685443018_29.7510808815_90_202305.jpg,18501,90,R085C085,渝北区,29,main,ORI低,一般建成区,居住主导,稳定
18501_106.685443018_29.7510808815_0_202305.jpg,/Users/catherine/Desktop/风险管理/imgs500米间隔161922_副本2/最新四方图/18501_106.685443018_29.7510808815_0_202305.jpg,18501,0,R085C085,渝北区,29,main,ORI低,一般建成区,居住主导,稳定
18501_106.685443018_29.7510808815_270_202305.jpg,/Users/catherine/Desktop/风险管理/imgs500米间隔161922_副本2/最新四方图/18501_106.685443018_29.7510808815_270_202305.jpg,18501,270,R085C085,渝北区,29,main,ORI低,一般建成区,居住主导,稳定
18501_106.685443018_29.7510808815_180_202305.jpg,/Users/catherine/Desktop/风险管理/imgs500米间隔161922_副本2/最新四方图/18501_106.685443018_29.7510808815_180_202305.jpg,18501,180,R085C085,渝北区,29,main,ORI低,一般建成区,居住主导,稳定
17677_106.493425581_29.7463062145_90_202305.jpg,/Users/catherine/Desktop/风险管理/imgs500米间隔161922_副本2/最新四方图/17677_106.493425581_29.7463062145_90_202305.jpg,17677,90,R086C048,北碚区,333,main,ORI高,密集城区,居住主导,稳定
17677_106.493425581_29.7463062145_180_202305.jpg,/Users/catherine/Desktop/风险管理/imgs500米间隔161922_副本2/最新四方图/17677_106.493425581_29.7463062145_180_202305.jpg,17677,180,R086C048,北碚区,333,main,ORI高,密集城区,居住主导,稳定
17677_106.493425581_29.7463062145_0_202305.jpg,/Users/catherine/Desktop/风险管理/imgs500米间隔161922_副本2/最新四方图/17677_106.493425581_29.7463062145_0_202305.jpg,17677,0,R086C048,北碚区,333,main,ORI高,密集城区,居住主导,稳定
17677_106.493425581_29.7463062145_270_202305.jpg,/Users/catherine/Desktop/风险管理/imgs500米间隔161922_副本2/最新四方图/17677_106.493425581_29.7463062145_270_202305.jpg,17677,270,R086C048,北碚区,333,main,ORI高,密集城区,居住主导,稳定
11860_106.539809282_29.7466906479_270_202305.jpg,/Users/catherine/Desktop/风险管理/imgs500米间隔161922_副本2/最新四方图/11860_106.539809282_29.7466906479_270_202305.jpg,11860,270,R086C057,渝北区,50,main,ORI中,一般建成区,混合/非居住,基本稳定-局部变化
11860_106.539809282_29.7466906479_0_202305.jpg,/Users/catherine/Desktop/风险管理/imgs500米间隔161922_副本2/最新四方图/11860_106.539809282_29.7466906479_0_202305.jpg,11860,0,R086C057,渝北区,50,main,ORI中,一般建成区,混合/非居住,基本稳定-局部变化
11860_106.539809282_29.7466906479_180_202305.jpg,/Users/catherine/Desktop/风险管理/imgs500米间隔161922_副本2/最新四方图/11860_106.539809282_29.7466906479_180_202305.jpg,11860,180,R086C057,渝北区,50,main,ORI中,一般建成区,混合/非居住,基本稳定-局部变化
11860_106.539809282_29.7466906479_90_202305.jpg,/Users/catherine/Desktop/风险管理/imgs500米间隔161922_副本2/最新四方图/11860_106.539809282_29.7466906479_90_202305.jpg,11860,90,R086C057,渝北区,50,main,ORI中,一般建成区,混合/非居住,基本稳定-局部变化
13415_106.542142092_29.7446060059_180_202305.jpg,/Users/catherine/Desktop/风险管理/imgs500米间隔161922_副本2/最新四方图/13415_106.542142092_29.7446060059_180_202305.jpg,13415,180,R086C058,渝北区,26,main,ORI低,一般建成区,居住主导,稳定
13415_106.542142092_29.7446060059_90_202305.jpg,/Users/catherine/Desktop/风险管理/imgs500米间隔161922_副本2/最新四方图/13415_106.542142092_29.7446060059_90_202305.jpg,13415,90,R086C058,渝北区,26,main,ORI低,一般建成区,居住主导,稳定
13415_106.542142092_29.7446060059_0_202305.jpg,/Users/catherine/Desktop/风险管理/imgs500米间隔161922_副本2/最新四方图/13415_106.542142092_29.7446060059_0_202305.jpg,13415,0,R086C058,渝北区,26,main,ORI低,一般建成区,居住主导,稳定
13415_106.542142092_29.7446060059_270_202305.jpg,/Users/catherine/Desktop/风险管理/imgs500米间隔161922_副本2/最新四方图/13415_106.542142092_29.7446060059_270_202305.jpg,13415,270,R086C058,渝北区,26,main,ORI低,一般建成区,居住主导,稳定
5126_106.456523642_29.7454182715_0_202305.jpg,/Users/catherine/Desktop/风险管理/imgs500米间隔161922_副本2/最新四方图/5126_106.456523642_29.7454182715_0_202305.jpg,5126,0,R087C041,北碚区,325,main,ORI低,密集城区,居住主导,稳定
5126_106.456523642_29.7454182715_180_202305.jpg,/Users/catherine/Desktop/风险管理/imgs500米间隔161922_副本2/最新四方图/5126_106.456523642_29.7454182715_180_202305.jpg,5126,180,R087C041,北碚区,325,main,ORI低,密集城区,居住主导,稳定
5126_106.456523642_29.7454182715_270_202305.jpg,/Users/catherine/Desktop/风险管理/imgs500米间隔161922_副本2/最新四方图/5126_106.456523642_29.7454182715_270_202305.jpg,5126,270,R087C041,北碚区,325,main,ORI低,密集城区,居住主导,稳定
5126_106.456523642_29.7454182715_90_202305.jpg,/Users/catherine/Desktop/风险管理/imgs500米间隔161922_副本2/最新四方图/5126_106.456523642_29.7454182715_90_202305.jpg,5126,90,R087C041,北碚区,325,main,ORI低,密集城区,居住主导,稳定
7306_106.395072307_29.7398056845_90_202305.jpg,/Users/catherine/Desktop/风险管理/imgs500米间隔161922_副本2/最新四方图/7306_106.395072307_29.7398056845_90_202305.jpg,7306,90,R088C029,沙坪坝区,189,main,ORI低,密集城区,居住主导,稳定
7306_106.395072307_29.7398056845_270_202305.jpg,/Users/catherine/Desktop/风险管理/imgs500米间隔161922_副本2/最新四方图/7306_106.395072307_29.7398056845_270_202305.jpg,7306,270,R088C029,沙坪坝区,189,main,ORI低,密集城区,居住主导,稳定
7306_106.395072307_29.7398056845_0_202305.jpg,/Users/catherine/Desktop/风险管理/imgs500米间隔161922_副本2/最新四方图/7306_106.395072307_29.7398056845_0_202305.jpg,7306,0,R088C029,沙坪坝区,189,main,ORI低,密集城区,居住主导,稳定
7306_106.395072307_29.7398056845_180_202305.jpg,/Users/catherine/Desktop/风险管理/imgs500米间隔161922_副本2/最新四方图/7306_106.395072307_29.7398056845_180_202305.jpg,7306,180,R088C029,沙坪坝区,189,main,ORI低,密集城区,居住主导,稳定
6499_106.449792766_29.7386951433_270_202305.jpg,/Users/catherine/Desktop/风险管理/imgs500米间隔161922_副本2/最新四方图/6499_106.449792766_29.7386951433_270_202305.jpg,6499,270,R088C040,北碚区,319,main,ORI低,密集城区,居住主导,基本稳定-局部变化
6499_106.449792766_29.7386951433_0_202305.jpg,/Users/catherine/Desktop/风险管理/imgs500米间隔161922_副本2/最新四方图/6499_106.449792766_29.7386951433_0_202305.jpg,6499,0,R088C040,北碚区,319,main,ORI低,密集城区,居住主导,基本稳定-局部变化
6499_106.449792766_29.7386951433_90_202305.jpg,/Users/catherine/Desktop/风险管理/imgs500米间隔161922_副本2/最新四方图/6499_106.449792766_29.7386951433_90_202305.jpg,6499,90,R088C040,北碚区,319,main,ORI低,密集城区,居住主导,基本稳定-局部变化
6499_106.449792766_29.7386951433_180_202305.jpg,/Users/catherine/Desktop/风险管理/imgs500米间隔161922_副本2/最新四方图/6499_106.449792766_29.7386951433_180_202305.jpg,6499,180,R088C040,北碚区,319,main,ORI低,密集城区,居住主导,基本稳定-局部变化
3278_106.631045029_29.73666977_270_202305.jpg,/Users/catherine/Desktop/风险管理/imgs500米间隔161922_副本2/最新四方图/3278_106.631045029_29.73666977_270_202305.jpg,3278,270,R088C075,渝北区,101,main,ORI高,密集城区,居住主导,稳定
3278_106.631045029_29.73666977_0_202305.jpg,/Users/catherine/Desktop/风险管理/imgs500米间隔161922_副本2/最新四方图/3278_106.631045029_29.73666977_0_202305.jpg,3278,0,R088C075,渝北区,101,main,ORI高,密集城区,居住主导,稳定
3278_106.631045029_29.73666977_90_202305.jpg,/Users/catherine/Desktop/风险管理/imgs500米间隔161922_副本2/最新四方图/3278_106.631045029_29.73666977_90_202305.jpg,3278,90,R088C075,渝北区,101,main,ORI高,密集城区,居住主导,稳定
3278_106.631045029_29.73666977_180_202305.jpg,/Users/catherine/Desktop/风险管理/imgs500米间隔161922_副本2/最新四方图/3278_106.631045029_29.73666977_180_202305.jpg,3278,180,R088C075,渝北区,101,main,ORI高,密集城区,居住主导,稳定
5136_106.459570765_29.7328895262_180_202305.jpg,/Users/catherine/Desktop/风险管理/imgs500米间隔161922_副本2/最新四方图/5136_106.459570765_29.7328895262_180_202305.jpg,5136,180,R089C042,北碚区,338,main,ORI高,密集城区,混合/非居住,稳定
5136_106.459570765_29.7328895262_270_202305.jpg,/Users/catherine/Desktop/风险管理/imgs500米间隔161922_副本2/最新四方图/5136_106.459570765_29.7328895262_270_202305.jpg,5136,270,R089C042,北碚区,338,main,ORI高,密集城区,混合/非居住,稳定
5136_106.459570765_29.7328895262_90_202305.jpg,/Users/catherine/Desktop/风险管理/imgs500米间隔161922_副本2/最新四方图/5136_106.459570765_29.7328895262_90_202305.jpg,5136,90,R089C042,北碚区,338,main,ORI高,密集城区,混合/非居住,稳定
5136_106.459570765_29.7328895262_0_202305.jpg,/Users/catherine/Desktop/风险管理/imgs500米间隔161922_副本2/最新四方图/5136_106.459570765_29.7328895262_0_202305.jpg,5136,0,R089C042,北碚区,338,main,ORI高,密集城区,混合/非居住,稳定
17773_106.591435708_29.7339463848_90_202305.jpg,/Users/catherine/Desktop/风险管理/imgs500米间隔161922_副本2/最新四方图/17773_106.591435708_29.7339463848_90_202305.jpg,17773,90,R089C067,渝北区,75,main,ORI高,密集城区,居住主导,稳定
17773_106.591435708_29.7339463848_180_202305.jpg,/Users/catherine/Desktop/风险管理/imgs500米间隔161922_副本2/最新四方图/17773_106.591435708_29.7339463848_180_202305.jpg,17773,180,R089C067,渝北区,75,main,ORI高,密集城区,居住主导,稳定
17773_106.591435708_29.7339463848_0_202305.jpg,/Users/catherine/Desktop/风险管理/imgs500米间隔161922_副本2/最新四方图/17773_106.591435708_29.7339463848_0_202305.jpg,17773,0,R089C067,渝北区,75,main,ORI高,密集城区,居住主导,稳定
17773_106.591435708_29.7339463848_270_202305.jpg,/Users/catherine/Desktop/风险管理/imgs500米间隔161922_副本2/最新四方图/17773_106.591435708_29.7339463848_270_202305.jpg,17773,270,R089C067,渝北区,75,main,ORI高,密集城区,居住主导,稳定
17436_106.342983084_29.7307264701_180_202305.jpg,/Users/catherine/Desktop/风险管理/imgs500米间隔161922_副本2/最新四方图/17436_106.342983084_29.7307264701_180_202305.jpg,17436,180,R090C019,沙坪坝区,201,main,ORI低,密集城区,居住主导,稳定
17436_106.342983084_29.7307264701_0_202305.jpg,/Users/catherine/Desktop/风险管理/imgs500米间隔161922_副本2/最新四方图/17436_106.342983084_29.7307264701_0_202305.jpg,17436,0,R090C019,沙坪坝区,201,main,ORI低,密集城区,居住主导,稳定
17436_106.342983084_29.7307264701_90_202305.jpg,/Users/catherine/Desktop/风险管理/imgs500米间隔161922_副本2/最新四方图/17436_106.342983084_29.7307264701_90_202305.jpg,17436,90,R090C019,沙坪坝区,201,main,ORI低,密集城区,居住主导,稳定
17436_106.342983084_29.7307264701_270_202305.jpg,/Users/catherine/Desktop/风险管理/imgs500米间隔161922_副本2/最新四方图/17436_106.342983084_29.7307264701_270_202305.jpg,17436,270,R090C019,沙坪坝区,201,main,ORI低,密集城区,居住主导,稳定
6108_106.386431371_29.7300986811_180_202305.jpg,/Users/catherine/Desktop/风险管理/imgs500米间隔161922_副本2/最新四方图/6108_106.386431371_29.7300986811_180_202305.jpg,6108,180,R090C028,沙坪坝区,222,main,ORI中,密集城区,居住主导,基本稳定-局部变化
6108_106.386431371_29.7300986811_90_202305.jpg,/Users/catherine/Desktop/风险管理/imgs500米间隔161922_副本2/最新四方图/6108_106.386431371_29.7300986811_90_202305.jpg,6108,90,R090C028,沙坪坝区,222,main,ORI中,密集城区,居住主导,基本稳定-局部变化
6108_106.386431371_29.7300986811_270_202305.jpg,/Users/catherine/Desktop/风险管理/imgs500米间隔161922_副本2/最新四方图/6108_106.386431371_29.7300986811_270_202305.jpg,6108,270,R090C028,沙坪坝区,222,main,ORI中,密集城区,居住主导,基本稳定-局部变化
6108_106.386431371_29.7300986811_0_202305.jpg,/Users/catherine/Desktop/风险管理/imgs500米间隔161922_副本2/最新四方图/6108_106.386431371_29.7300986811_0_202305.jpg,6108,0,R090C028,沙坪坝区,222,main,ORI中,密集城区,居住主导,基本稳定-局部变化
5156_106.457284845_29.7317054528_270_202305.jpg,/Users/catherine/Desktop/风险管理/imgs500米间隔161922_副本2/最新四方图/5156_106.457284845_29.7317054528_270_202305.jpg,5156,270,R090C041,北碚区,337,main,ORI高,密集城区,居住主导,稳定
5156_106.457284845_29.7317054528_0_202305.jpg,/Users/catherine/Desktop/风险管理/imgs500米间隔161922_副本2/最新四方图/5156_106.457284845_29.7317054528_0_202305.jpg,5156,0,R090C041,北碚区,337,main,ORI高,密集城区,居住主导,稳定
5156_106.457284845_29.7317054528_90_202305.jpg,/Users/catherine/Desktop/风险管理/imgs500米间隔161922_副本2/最新四方图/5156_106.457284845_29.7317054528_90_202305.jpg,5156,90,R090C041,北碚区,337,main,ORI高,密集城区,居住主导,稳定
5156_106.457284845_29.7317054528_180_202305.jpg,/Users/catherine/Desktop/风险管理/imgs500米间隔161922_副本2/最新四方图/5156_106.457284845_29.7317054528_180_202305.jpg,5156,180,R090C041,北碚区,337,main,ORI高,密集城区,居住主导,稳定
7682_106.54383071_29.7265057194_0_202305.jpg,/Users/catherine/Desktop/风险管理/imgs500米间隔161922_副本2/最新四方图/7682_106.54383071_29.7265057194_0_202305.jpg,7682,0,R090C058,渝北区,51,main,ORI中,密集城区,混合/非居住,基本稳定-局部变化
7682_106.54383071_29.7265057194_270_202305.jpg,/Users/catherine/Desktop/风险管理/imgs500米间隔161922_副本2/最新四方图/7682_106.54383071_29.7265057194_270_202305.jpg,7682,270,R090C058,渝北区,51,main,ORI中,密集城区,混合/非居住,基本稳定-局部变化
7682_106.54383071_29.7265057194_90_202305.jpg,/Users/catherine/Desktop/风险管理/imgs500米间隔161922_副本2/最新四方图/7682_106.54383071_29.7265057194_90_202305.jpg,7682,90,R090C058,渝北区,51,main,ORI中,密集城区,混合/非居住,基本稳定-局部变化
7682_106.54383071_29.7265057194_180_202305.jpg,/Users/catherine/Desktop/风险管理/imgs500米间隔161922_副本2/最新四方图/7682_106.54383071_29.7265057194_180_202305.jpg,7682,180,R090C058,渝北区,51,main,ORI中,密集城区,混合/非居住,基本稳定-局部变化
11854_106.547893579_29.7272271723_90_202305.jpg,/Users/catherine/Desktop/风险管理/imgs500米间隔161922_副本2/最新四方图/11854_106.547893579_29.7272271723_90_202305.jpg,11854,90,R090C059,渝北区,42,main,ORI中,密集城区,居住主导,稳定
11854_106.547893579_29.7272271723_180_202305.jpg,/Users/catherine/Desktop/风险管理/imgs500米间隔161922_副本2/最新四方图/11854_106.547893579_29.7272271723_180_202305.jpg,11854,180,R090C059,渝北区,42,main,ORI中,密集城区,居住主导,稳定
11854_106.547893579_29.7272271723_270_202305.jpg,/Users/catherine/Desktop/风险管理/imgs500米间隔161922_副本2/最新四方图/11854_106.547893579_29.7272271723_270_202305.jpg,11854,270,R090C059,渝北区,42,main,ORI中,密集城区,居住主导,稳定
11854_106.547893579_29.7272271723_0_202305.jpg,/Users/catherine/Desktop/风险管理/imgs500米间隔161922_副本2/最新四方图/11854_106.547893579_29.7272271723_0_202305.jpg,11854,0,R090C059,渝北区,42,main,ORI中,密集城区,居住主导,稳定
18281_106.623876474_29.727376037_270_202305.jpg,/Users/catherine/Desktop/风险管理/imgs500米间隔161922_副本2/最新四方图/18281_106.623876474_29.727376037_270_202305.jpg,18281,270,R090C073,渝北区,62,main,ORI中,密集城区,居住主导,稳定
18281_106.623876474_29.727376037_90_202305.jpg,/Users/catherine/Desktop/风险管理/imgs500米间隔161922_副本2/最新四方图/18281_106.623876474_29.727376037_90_202305.jpg,18281,90,R090C073,渝北区,62,main,ORI中,密集城区,居住主导,稳定
18281_106.623876474_29.727376037_0_202305.jpg,/Users/catherine/Desktop/风险管理/imgs500米间隔161922_副本2/最新四方图/18281_106.623876474_29.727376037_0_202305.jpg,18281,0,R090C073,渝北区,62,main,ORI中,密集城区,居住主导,稳定
18281_106.623876474_29.727376037_180_202305.jpg,/Users/catherine/Desktop/风险管理/imgs500米间隔161922_副本2/最新四方图/18281_106.623876474_29.727376037_180_202305.jpg,18281,180,R090C073,渝北区,62,main,ORI中,密集城区,居住主导,稳定
660_106.71393242_29.7252372_0_202305.jpg,/Users/catherine/Desktop/风险管理/imgs500米间隔161922_副本2/最新四方图/660_106.71393242_29.7252372_0_202305.jpg,660,0,R090C091,渝北区,32,main,ORI低,一般建成区,居住主导,稳定
660_106.71393242_29.7252372_180_202305.jpg,/Users/catherine/Desktop/风险管理/imgs500米间隔161922_副本2/最新四方图/660_106.71393242_29.7252372_180_202305.jpg,660,180,R090C091,渝北区,32,main,ORI低,一般建成区,居住主导,稳定
660_106.71393242_29.7252372_90_202305.jpg,/Users/catherine/Desktop/风险管理/imgs500米间隔161922_副本2/最新四方图/660_106.71393242_29.7252372_90_202305.jpg,660,90,R090C091,渝北区,32,main,ORI低,一般建成区,居住主导,稳定
660_106.71393242_29.7252372_270_202305.jpg,/Users/catherine/Desktop/风险管理/imgs500米间隔161922_副本2/最新四方图/660_106.71393242_29.7252372_270_202305.jpg,660,270,R090C091,渝北区,32,main,ORI低,一般建成区,居住主导,稳定
6208_106.381594106_29.7246377003_0_202305.jpg,/Users/catherine/Desktop/风险管理/imgs500米间隔161922_副本2/最新四方图/6208_106.381594106_29.7246377003_0_202305.jpg,6208,0,R091C027,沙坪坝区,202,main,ORI中,密集城区,居住主导,稳定
6208_106.381594106_29.7246377003_90_202305.jpg,/Users/catherine/Desktop/风险管理/imgs500米间隔161922_副本2/最新四方图/6208_106.381594106_29.7246377003_90_202305.jpg,6208,90,R091C027,沙坪坝区,202,main,ORI中,密集城区,居住主导,稳定
6208_106.381594106_29.7246377003_270_202305.jpg,/Users/catherine/Desktop/风险管理/imgs500米间隔161922_副本2/最新四方图/6208_106.381594106_29.7246377003_270_202305.jpg,6208,270,R091C027,沙坪坝区,202,main,ORI中,密集城区,居住主导,稳定
6208_106.381594106_29.7246377003_180_202305.jpg,/Users/catherine/Desktop/风险管理/imgs500米间隔161922_副本2/最新四方图/6208_106.381594106_29.7246377003_180_202305.jpg,6208,180,R091C027,沙坪坝区,202,main,ORI中,密集城区,居住主导,稳定
6496_106.451599599_29.7241741477_90_202305.jpg,/Users/catherine/Desktop/风险管理/imgs500米间隔161922_副本2/最新四方图/6496_106.451599599_29.7241741477_90_202305.jpg,6496,90,R091C040,北碚区,332,main,ORI中,密集城区,混合/非居住,稳定
6496_106.451599599_29.7241741477_270_202305.jpg,/Users/catherine/Desktop/风险管理/imgs500米间隔161922_副本2/最新四方图/6496_106.451599599_29.7241741477_270_202305.jpg,6496,270,R091C040,北碚区,332,main,ORI中,密集城区,混合/非居住,稳定
6496_106.451599599_29.7241741477_0_202305.jpg,/Users/catherine/Desktop/风险管理/imgs500米间隔161922_副本2/最新四方图/6496_106.451599599_29.7241741477_0_202305.jpg,6496,0,R091C040,北碚区,332,main,ORI中,密集城区,混合/非居住,稳定
6496_106.451599599_29.7241741477_180_202305.jpg,/Users/catherine/Desktop/风险管理/imgs500米间隔161922_副本2/最新四方图/6496_106.451599599_29.7241741477_180_202305.jpg,6496,180,R091C040,北碚区,332,main,ORI中,密集城区,混合/非居住,稳定
5230_106.560156678_29.7257926413_270_202305.jpg,/Users/catherine/Desktop/风险管理/imgs500米间隔161922_副本2/最新四方图/5230_106.560156678_29.7257926413_270_202305.jpg,5230,270,R091C061,渝北区,392,sensitivity,ORI低,一般建成区,混合/非居住,显著变化
5230_106.560156678_29.7257926413_0_202305.jpg,/Users/catherine/Desktop/风险管理/imgs500米间隔161922_副本2/最新四方图/5230_106.560156678_29.7257926413_0_202305.jpg,5230,0,R091C061,渝北区,392,sensitivity,ORI低,一般建成区,混合/非居住,显著变化
5230_106.560156678_29.7257926413_90_202305.jpg,/Users/catherine/Desktop/风险管理/imgs500米间隔161922_副本2/最新四方图/5230_106.560156678_29.7257926413_90_202305.jpg,5230,90,R091C061,渝北区,392,sensitivity,ORI低,一般建成区,混合/非居住,显著变化
5230_106.560156678_29.7257926413_180_202305.jpg,/Users/catherine/Desktop/风险管理/imgs500米间隔161922_副本2/最新四方图/5230_106.560156678_29.7257926413_180_202305.jpg,5230,180,R091C061,渝北区,392,sensitivity,ORI低,一般建成区,混合/非居住,显著变化
18279_106.620220105_29.7243197925_180_202305.jpg,/Users/catherine/Desktop/风险管理/imgs500米间隔161922_副本2/最新四方图/18279_106.620220105_29.7243197925_180_202305.jpg,18279,180,R091C073,渝北区,91,main,ORI高,密集城区,居住主导,稳定
18279_106.620220105_29.7243197925_0_202305.jpg,/Users/catherine/Desktop/风险管理/imgs500米间隔161922_副本2/最新四方图/18279_106.620220105_29.7243197925_0_202305.jpg,18279,0,R091C073,渝北区,91,main,ORI高,密集城区,居住主导,稳定
18279_106.620220105_29.7243197925_90_202305.jpg,/Users/catherine/Desktop/风险管理/imgs500米间隔161922_副本2/最新四方图/18279_106.620220105_29.7243197925_90_202305.jpg,18279,90,R091C073,渝北区,91,main,ORI高,密集城区,居住主导,稳定
18279_106.620220105_29.7243197925_270_202305.jpg,/Users/catherine/Desktop/风险管理/imgs500米间隔161922_副本2/最新四方图/18279_106.620220105_29.7243197925_270_202305.jpg,18279,270,R091C073,渝北区,91,main,ORI高,密集城区,居住主导,稳定
6110_106.38609534_29.7197885605_0_202305.jpg,/Users/catherine/Desktop/风险管理/imgs500米间隔161922_副本2/最新四方图/6110_106.38609534_29.7197885605_0_202305.jpg,6110,0,R092C027,沙坪坝区,192,main,ORI低,密集城区,居住主导,基本稳定-局部变化
6110_106.38609534_29.7197885605_270_202305.jpg,/Users/catherine/Desktop/风险管理/imgs500米间隔161922_副本2/最新四方图/6110_106.38609534_29.7197885605_270_202305.jpg,6110,270,R092C027,沙坪坝区,192,main,ORI低,密集城区,居住主导,基本稳定-局部变化
6110_106.38609534_29.7197885605_90_202305.jpg,/Users/catherine/Desktop/风险管理/imgs500米间隔161922_副本2/最新四方图/6110_106.38609534_29.7197885605_90_202305.jpg,6110,90,R092C027,沙坪坝区,192,main,ORI低,密集城区,居住主导,基本稳定-局部变化
6110_106.38609534_29.7197885605_180_202305.jpg,/Users/catherine/Desktop/风险管理/imgs500米间隔161922_副本2/最新四方图/6110_106.38609534_29.7197885605_180_202305.jpg,6110,180,R092C027,沙坪坝区,192,main,ORI低,密集城区,居住主导,基本稳定-局部变化
6229_106.396200759_29.7206820063_0_202305.jpg,/Users/catherine/Desktop/风险管理/imgs500米间隔161922_副本2/最新四方图/6229_106.396200759_29.7206820063_0_202305.jpg,6229,0,R092C029,沙坪坝区,186,main,ORI低,一般建成区,居住主导,基本稳定-局部变化
6229_106.396200759_29.7206820063_90_202305.jpg,/Users/catherine/Desktop/风险管理/imgs500米间隔161922_副本2/最新四方图/6229_106.396200759_29.7206820063_90_202305.jpg,6229,90,R092C029,沙坪坝区,186,main,ORI低,一般建成区,居住主导,基本稳定-局部变化
6229_106.396200759_29.7206820063_180_202305.jpg,/Users/catherine/Desktop/风险管理/imgs500米间隔161922_副本2/最新四方图/6229_106.396200759_29.7206820063_180_202305.jpg,6229,180,R092C029,沙坪坝区,186,main,ORI低,一般建成区,居住主导,基本稳定-局部变化
6229_106.396200759_29.7206820063_270_202305.jpg,/Users/catherine/Desktop/风险管理/imgs500米间隔161922_副本2/最新四方图/6229_106.396200759_29.7206820063_270_202305.jpg,6229,270,R092C029,沙坪坝区,186,main,ORI低,一般建成区,居住主导,基本稳定-局部变化
7850_106.46216515_29.722444717_90_202305.jpg,/Users/catherine/Desktop/风险管理/imgs500米间隔161922_副本2/最新四方图/7850_106.46216515_29.722444717_90_202305.jpg,7850,90,R092C042,北碚区,324,main,ORI低,密集城区,居住主导,稳定
7850_106.46216515_29.722444717_180_202305.jpg,/Users/catherine/Desktop/风险管理/imgs500米间隔161922_副本2/最新四方图/7850_106.46216515_29.722444717_180_202305.jpg,7850,180,R092C042,北碚区,324,main,ORI低,密集城区,居住主导,稳定
7850_106.46216515_29.722444717_0_202305.jpg,/Users/catherine/Desktop/风险管理/imgs500米间隔161922_副本2/最新四方图/7850_106.46216515_29.722444717_0_202305.jpg,7850,0,R092C042,北碚区,324,main,ORI低,密集城区,居住主导,稳定
7850_106.46216515_29.722444717_270_202305.jpg,/Users/catherine/Desktop/风险管理/imgs500米间隔161922_副本2/最新四方图/7850_106.46216515_29.722444717_270_202305.jpg,7850,270,R092C042,北碚区,324,main,ORI低,密集城区,居住主导,稳定
7518_106.478550578_29.7207714002_0_202305.jpg,/Users/catherine/Desktop/风险管理/imgs500米间隔161922_副本2/最新四方图/7518_106.478550578_29.7207714002_0_202305.jpg,7518,0,R092C045,北碚区,326,main,ORI中,密集城区,居住主导,稳定
7518_106.478550578_29.7207714002_90_202305.jpg,/Users/catherine/Desktop/风险管理/imgs500米间隔161922_副本2/最新四方图/7518_106.478550578_29.7207714002_90_202305.jpg,7518,90,R092C045,北碚区,326,main,ORI中,密集城区,居住主导,稳定
7518_106.478550578_29.7207714002_270_202305.jpg,/Users/catherine/Desktop/风险管理/imgs500米间隔161922_副本2/最新四方图/7518_106.478550578_29.7207714002_270_202305.jpg,7518,270,R092C045,北碚区,326,main,ORI中,密集城区,居住主导,稳定
7518_106.478550578_29.7207714002_180_202305.jpg,/Users/catherine/Desktop/风险管理/imgs500米间隔161922_副本2/最新四方图/7518_106.478550578_29.7207714002_180_202305.jpg,7518,180,R092C045,北碚区,326,main,ORI中,密集城区,居住主导,稳定
14937_106.547916477_29.7197341958_180_202305.jpg,/Users/catherine/Desktop/风险管理/imgs500米间隔161922_副本2/最新四方图/14937_106.547916477_29.7197341958_180_202305.jpg,14937,180,R092C059,渝北区,45,main,ORI中,密集城区,居住主导,稳定
14937_106.547916477_29.7197341958_0_202305.jpg,/Users/catherine/Desktop/风险管理/imgs500米间隔161922_副本2/最新四方图/14937_106.547916477_29.7197341958_0_202305.jpg,14937,0,R092C059,渝北区,45,main,ORI中,密集城区,居住主导,稳定
14937_106.547916477_29.7197341958_90_202305.jpg,/Users/catherine/Desktop/风险管理/imgs500米间隔161922_副本2/最新四方图/14937_106.547916477_29.7197341958_90_202305.jpg,14937,90,R092C059,渝北区,45,main,ORI中,密集城区,居住主导,稳定
14937_106.547916477_29.7197341958_270_202305.jpg,/Users/catherine/Desktop/风险管理/imgs500米间隔161922_副本2/最新四方图/14937_106.547916477_29.7197341958_270_202305.jpg,14937,270,R092C059,渝北区,45,main,ORI中,密集城区,居住主导,稳定
5910_106.577407758_29.7203760269_90_202305.jpg,/Users/catherine/Desktop/风险管理/imgs500米间隔161922_副本2/最新四方图/5910_106.577407758_29.7203760269_90_202305.jpg,5910,90,R092C065,渝北区,31,main,ORI低,一般建成区,混合/非居住,稳定
5910_106.577407758_29.7203760269_270_202305.jpg,/Users/catherine/Desktop/风险管理/imgs500米间隔161922_副本2/最新四方图/5910_106.577407758_29.7203760269_270_202305.jpg,5910,270,R092C065,渝北区,31,main,ORI低,一般建成区,混合/非居住,稳定
5910_106.577407758_29.7203760269_0_202305.jpg,/Users/catherine/Desktop/风险管理/imgs500米间隔161922_副本2/最新四方图/5910_106.577407758_29.7203760269_0_202305.jpg,5910,0,R092C065,渝北区,31,main,ORI低,一般建成区,混合/非居住,稳定
5910_106.577407758_29.7203760269_180_202305.jpg,/Users/catherine/Desktop/风险管理/imgs500米间隔161922_副本2/最新四方图/5910_106.577407758_29.7203760269_180_202305.jpg,5910,180,R092C065,渝北区,31,main,ORI低,一般建成区,混合/非居住,稳定
5898_106.586083834_29.7195903869_270_202305.jpg,/Users/catherine/Desktop/风险管理/imgs500米间隔161922_副本2/最新四方图/5898_106.586083834_29.7195903869_270_202305.jpg,5898,270,R092C066,渝北区,43,main,ORI中,密集城区,居住主导,稳定
5898_106.586083834_29.7195903869_90_202305.jpg,/Users/catherine/Desktop/风险管理/imgs500米间隔161922_副本2/最新四方图/5898_106.586083834_29.7195903869_90_202305.jpg,5898,90,R092C066,渝北区,43,main,ORI中,密集城区,居住主导,稳定
5898_106.586083834_29.7195903869_0_202305.jpg,/Users/catherine/Desktop/风险管理/imgs500米间隔161922_副本2/最新四方图/5898_106.586083834_29.7195903869_0_202305.jpg,5898,0,R092C066,渝北区,43,main,ORI中,密集城区,居住主导,稳定
5898_106.586083834_29.7195903869_180_202305.jpg,/Users/catherine/Desktop/风险管理/imgs500米间隔161922_副本2/最新四方图/5898_106.586083834_29.7195903869_180_202305.jpg,5898,180,R092C066,渝北区,43,main,ORI中,密集城区,居住主导,稳定
5155_106.45626983_29.7177701845_90_202305.jpg,/Users/catherine/Desktop/风险管理/imgs500米间隔161922_副本2/最新四方图/5155_106.45626983_29.7177701845_90_202305.jpg,5155,90,R093C041,北碚区,323,main,ORI低,密集城区,居住主导,稳定
5155_106.45626983_29.7177701845_180_202305.jpg,/Users/catherine/Desktop/风险管理/imgs500米间隔161922_副本2/最新四方图/5155_106.45626983_29.7177701845_180_202305.jpg,5155,180,R093C041,北碚区,323,main,ORI低,密集城区,居住主导,稳定
5155_106.45626983_29.7177701845_0_202305.jpg,/Users/catherine/Desktop/风险管理/imgs500米间隔161922_副本2/最新四方图/5155_106.45626983_29.7177701845_0_202305.jpg,5155,0,R093C041,北碚区,323,main,ORI低,密集城区,居住主导,稳定
5155_106.45626983_29.7177701845_270_202305.jpg,/Users/catherine/Desktop/风险管理/imgs500米间隔161922_副本2/最新四方图/5155_106.45626983_29.7177701845_270_202305.jpg,5155,270,R093C041,北碚区,323,main,ORI低,密集城区,居住主导,稳定
6450_106.46240432_29.7175844272_180_202305.jpg,/Users/catherine/Desktop/风险管理/imgs500米间隔161922_副本2/最新四方图/6450_106.46240432_29.7175844272_180_202305.jpg,6450,180,R093C042,北碚区,329,main,ORI中,密集城区,居住主导,基本稳定-局部变化
6450_106.46240432_29.7175844272_0_202305.jpg,/Users/catherine/Desktop/风险管理/imgs500米间隔161922_副本2/最新四方图/6450_106.46240432_29.7175844272_0_202305.jpg,6450,0,R093C042,北碚区,329,main,ORI中,密集城区,居住主导,基本稳定-局部变化
6450_106.46240432_29.7175844272_270_202305.jpg,/Users/catherine/Desktop/风险管理/imgs500米间隔161922_副本2/最新四方图/6450_106.46240432_29.7175844272_270_202305.jpg,6450,270,R093C042,北碚区,329,main,ORI中,密集城区,居住主导,基本稳定-局部变化
6450_106.46240432_29.7175844272_90_202305.jpg,/Users/catherine/Desktop/风险管理/imgs500米间隔161922_副本2/最新四方图/6450_106.46240432_29.7175844272_90_202305.jpg,6450,90,R093C042,北碚区,329,main,ORI中,密集城区,居住主导,基本稳定-局部变化
9330_106.343544912_29.7122596505_180_202305.jpg,/Users/catherine/Desktop/风险管理/imgs500米间隔161922_副本2/最新四方图/9330_106.343544912_29.7122596505_180_202305.jpg,9330,180,R094C019,沙坪坝区,191,main,ORI低,一般建成区,居住主导,稳定
9330_106.343544912_29.7122596505_90_202305.jpg,/Users/catherine/Desktop/风险管理/imgs500米间隔161922_副本2/最新四方图/9330_106.343544912_29.7122596505_90_202305.jpg,9330,90,R094C019,沙坪坝区,191,main,ORI低,一般建成区,居住主导,稳定
9330_106.343544912_29.7122596505_270_202305.jpg,/Users/catherine/Desktop/风险管理/imgs500米间隔161922_副本2/最新四方图/9330_106.343544912_29.7122596505_270_202305.jpg,9330,270,R094C019,沙坪坝区,191,main,ORI低,一般建成区,居住主导,稳定
9330_106.343544912_29.7122596505_0_202305.jpg,/Users/catherine/Desktop/风险管理/imgs500米间隔161922_副本2/最新四方图/9330_106.343544912_29.7122596505_0_202305.jpg,9330,0,R094C019,沙坪坝区,191,main,ORI低,一般建成区,居住主导,稳定
6224_106.366201119_29.7114117887_0_202305.jpg,/Users/catherine/Desktop/风险管理/imgs500米间隔161922_副本2/最新四方图/6224_106.366201119_29.7114117887_0_202305.jpg,6224,0,R094C024,沙坪坝区,190,main,ORI低,一般建成区,居住主导,稳定
6224_106.366201119_29.7114117887_180_202305.jpg,/Users/catherine/Desktop/风险管理/imgs500米间隔161922_副本2/最新四方图/6224_106.366201119_29.7114117887_180_202305.jpg,6224,180,R094C024,沙坪坝区,190,main,ORI低,一般建成区,居住主导,稳定
6224_106.366201119_29.7114117887_90_202305.jpg,/Users/catherine/Desktop/风险管理/imgs500米间隔161922_副本2/最新四方图/6224_106.366201119_29.7114117887_90_202305.jpg,6224,90,R094C024,沙坪坝区,190,main,ORI低,一般建成区,居住主导,稳定
6224_106.366201119_29.7114117887_270_202305.jpg,/Users/catherine/Desktop/风险管理/imgs500米间隔161922_副本2/最新四方图/6224_106.366201119_29.7114117887_270_202305.jpg,6224,270,R094C024,沙坪坝区,190,main,ORI低,一般建成区,居住主导,稳定
4473_106.4133602_29.7135830023_0_202305.jpg,/Users/catherine/Desktop/风险管理/imgs500米间隔161922_副本2/最新四方图/4473_106.4133602_29.7135830023_0_202305.jpg,4473,0,R094C033,沙坪坝区,197,main,ORI低,一般建成区,混合/非居住,稳定
4473_106.4133602_29.7135830023_270_202305.jpg,/Users/catherine/Desktop/风险管理/imgs500米间隔161922_副本2/最新四方图/4473_106.4133602_29.7135830023_270_202305.jpg,4473,270,R094C033,沙坪坝区,197,main,ORI低,一般建成区,混合/非居住,稳定
4473_106.4133602_29.7135830023_90_202305.jpg,/Users/catherine/Desktop/风险管理/imgs500米间隔161922_副本2/最新四方图/4473_106.4133602_29.7135830023_90_202305.jpg,4473,90,R094C033,沙坪坝区,197,main,ORI低,一般建成区,混合/非居住,稳定
4473_106.4133602_29.7135830023_180_202305.jpg,/Users/catherine/Desktop/风险管理/imgs500米间隔161922_副本2/最新四方图/4473_106.4133602_29.7135830023_180_202305.jpg,4473,180,R094C033,沙坪坝区,197,main,ORI低,一般建成区,混合/非居住,稳定
12650_106.420484926_29.7104272046_0_202305.jpg,/Users/catherine/Desktop/风险管理/imgs500米间隔161922_副本2/最新四方图/12650_106.420484926_29.7104272046_0_202305.jpg,12650,0,R094C034,沙坪坝区,198,main,ORI低,一般建成区,混合/非居住,稳定
12650_106.420484926_29.7104272046_270_202305.jpg,/Users/catherine/Desktop/风险管理/imgs500米间隔161922_副本2/最新四方图/12650_106.420484926_29.7104272046_270_202305.jpg,12650,270,R094C034,沙坪坝区,198,main,ORI低,一般建成区,混合/非居住,稳定
12650_106.420484926_29.7104272046_90_202305.jpg,/Users/catherine/Desktop/风险管理/imgs500米间隔161922_副本2/最新四方图/12650_106.420484926_29.7104272046_90_202305.jpg,12650,90,R094C034,沙坪坝区,198,main,ORI低,一般建成区,混合/非居住,稳定
12650_106.420484926_29.7104272046_180_202305.jpg,/Users/catherine/Desktop/风险管理/imgs500米间隔161922_副本2/最新四方图/12650_106.420484926_29.7104272046_180_202305.jpg,12650,180,R094C034,沙坪坝区,198,main,ORI低,一般建成区,混合/非居住,稳定
996_106.450347746_29.7116325476_90_202305.jpg,/Users/catherine/Desktop/风险管理/imgs500米间隔161922_副本2/最新四方图/996_106.450347746_29.7116325476_90_202305.jpg,996,90,R094C040,北碚区,322,main,ORI低,密集城区,居住主导,稳定
996_106.450347746_29.7116325476_180_202305.jpg,/Users/catherine/Desktop/风险管理/imgs500米间隔161922_副本2/最新四方图/996_106.450347746_29.7116325476_180_202305.jpg,996,180,R094C040,北碚区,322,main,ORI低,密集城区,居住主导,稳定
996_106.450347746_29.7116325476_270_202305.jpg,/Users/catherine/Desktop/风险管理/imgs500米间隔161922_副本2/最新四方图/996_106.450347746_29.7116325476_270_202305.jpg,996,270,R094C040,北碚区,322,main,ORI低,密集城区,居住主导,稳定
996_106.450347746_29.7116325476_0_202305.jpg,/Users/catherine/Desktop/风险管理/imgs500米间隔161922_副本2/最新四方图/996_106.450347746_29.7116325476_0_202305.jpg,996,0,R094C040,北碚区,322,main,ORI低,密集城区,居住主导,稳定
13362_106.520475223_29.71056469_90_202305.jpg,/Users/catherine/Desktop/风险管理/imgs500米间隔161922_副本2/最新四方图/13362_106.520475223_29.71056469_90_202305.jpg,13362,90,R094C054,渝北区,8,main,ORI低,密集城区,居住主导,稳定
13362_106.520475223_29.71056469_180_202305.jpg,/Users/catherine/Desktop/风险管理/imgs500米间隔161922_副本2/最新四方图/13362_106.520475223_29.71056469_180_202305.jpg,13362,180,R094C054,渝北区,8,main,ORI低,密集城区,居住主导,稳定
13362_106.520475223_29.71056469_270_202305.jpg,/Users/catherine/Desktop/风险管理/imgs500米间隔161922_副本2/最新四方图/13362_106.520475223_29.71056469_270_202305.jpg,13362,270,R094C054,渝北区,8,main,ORI低,密集城区,居住主导,稳定
13362_106.520475223_29.71056469_0_202305.jpg,/Users/catherine/Desktop/风险管理/imgs500米间隔161922_副本2/最新四方图/13362_106.520475223_29.71056469_0_202305.jpg,13362,0,R094C054,渝北区,8,main,ORI低,密集城区,居住主导,稳定
13398_106.537170494_29.7099765645_180_202305.jpg,/Users/catherine/Desktop/风险管理/imgs500米间隔161922_副本2/最新四方图/13398_106.537170494_29.7099765645_180_202305.jpg,13398,180,R094C057,渝北区,67,main,ORI中,密集城区,居住主导,稳定
13398_106.537170494_29.7099765645_270_202305.jpg,/Users/catherine/Desktop/风险管理/imgs500米间隔161922_副本2/最新四方图/13398_106.537170494_29.7099765645_270_202305.jpg,13398,270,R094C057,渝北区,67,main,ORI中,密集城区,居住主导,稳定
13398_106.537170494_29.7099765645_0_202305.jpg,/Users/catherine/Desktop/风险管理/imgs500米间隔161922_副本2/最新四方图/13398_106.537170494_29.7099765645_0_202305.jpg,13398,0,R094C057,渝北区,67,main,ORI中,密集城区,居住主导,稳定
13398_106.537170494_29.7099765645_90_202305.jpg,/Users/catherine/Desktop/风险管理/imgs500米间隔161922_副本2/最新四方图/13398_106.537170494_29.7099765645_90_202305.jpg,13398,90,R094C057,渝北区,67,main,ORI中,密集城区,居住主导,稳定
8800_106.616616105_29.7104998196_270_202305.jpg,/Users/catherine/Desktop/风险管理/imgs500米间隔161922_副本2/最新四方图/8800_106.616616105_29.7104998196_270_202305.jpg,8800,270,R094C072,渝北区,93,main,ORI高,密集城区,居住主导,稳定
8800_106.616616105_29.7104998196_0_202305.jpg,/Users/catherine/Desktop/风险管理/imgs500米间隔161922_副本2/最新四方图/8800_106.616616105_29.7104998196_0_202305.jpg,8800,0,R094C072,渝北区,93,main,ORI高,密集城区,居住主导,稳定
8800_106.616616105_29.7104998196_90_202305.jpg,/Users/catherine/Desktop/风险管理/imgs500米间隔161922_副本2/最新四方图/8800_106.616616105_29.7104998196_90_202305.jpg,8800,90,R094C072,渝北区,93,main,ORI高,密集城区,居住主导,稳定
8800_106.616616105_29.7104998196_180_202305.jpg,/Users/catherine/Desktop/风险管理/imgs500米间隔161922_副本2/最新四方图/8800_106.616616105_29.7104998196_180_202305.jpg,8800,180,R094C072,渝北区,93,main,ORI高,密集城区,居住主导,稳定
18276_106.671353068_29.7079534066_270_202305.jpg,/Users/catherine/Desktop/风险管理/imgs500米间隔161922_副本2/最新四方图/18276_106.671353068_29.7079534066_270_202305.jpg,18276,270,R094C083,渝北区,19,main,ORI低,一般建成区,混合/非居住,稳定
18276_106.671353068_29.7079534066_0_202305.jpg,/Users/catherine/Desktop/风险管理/imgs500米间隔161922_副本2/最新四方图/18276_106.671353068_29.7079534066_0_202305.jpg,18276,0,R094C083,渝北区,19,main,ORI低,一般建成区,混合/非居住,稳定
18276_106.671353068_29.7079534066_180_202305.jpg,/Users/catherine/Desktop/风险管理/imgs500米间隔161922_副本2/最新四方图/18276_106.671353068_29.7079534066_180_202305.jpg,18276,180,R094C083,渝北区,19,main,ORI低,一般建成区,混合/非居住,稳定
18276_106.671353068_29.7079534066_90_202305.jpg,/Users/catherine/Desktop/风险管理/imgs500米间隔161922_副本2/最新四方图/18276_106.671353068_29.7079534066_90_202305.jpg,18276,90,R094C083,渝北区,19,main,ORI低,一般建成区,混合/非居住,稳定
7741_106.53511806_29.706061695_270_202305.jpg,/Users/catherine/Desktop/风险管理/imgs500米间隔161922_副本2/最新四方图/7741_106.53511806_29.706061695_270_202305.jpg,7741,270,R095C056,渝北区,395,sensitivity,ORI低,一般建成区,混合/非居住,显著变化
7741_106.53511806_29.706061695_180_202305.jpg,/Users/catherine/Desktop/风险管理/imgs500米间隔161922_副本2/最新四方图/7741_106.53511806_29.706061695_180_202305.jpg,7741,180,R095C056,渝北区,395,sensitivity,ORI低,一般建成区,混合/非居住,显著变化
7741_106.53511806_29.706061695_0_202305.jpg,/Users/catherine/Desktop/风险管理/imgs500米间隔161922_副本2/最新四方图/7741_106.53511806_29.706061695_0_202305.jpg,7741,0,R095C056,渝北区,395,sensitivity,ORI低,一般建成区,混合/非居住,显著变化
7741_106.53511806_29.706061695_90_202305.jpg,/Users/catherine/Desktop/风险管理/imgs500米间隔161922_副本2/最新四方图/7741_106.53511806_29.706061695_90_202305.jpg,7741,90,R095C056,渝北区,395,sensitivity,ORI低,一般建成区,混合/非居住,显著变化
15195_106.59155094_29.7045449234_180_202305.jpg,/Users/catherine/Desktop/风险管理/imgs500米间隔161922_副本2/最新四方图/15195_106.59155094_29.7045449234_180_202305.jpg,15195,180,R095C067,渝北区,77,main,ORI高,密集城区,居住主导,稳定
15195_106.59155094_29.7045449234_270_202305.jpg,/Users/catherine/Desktop/风险管理/imgs500米间隔161922_副本2/最新四方图/15195_106.59155094_29.7045449234_270_202305.jpg,15195,270,R095C067,渝北区,77,main,ORI高,密集城区,居住主导,稳定
15195_106.59155094_29.7045449234_0_202305.jpg,/Users/catherine/Desktop/风险管理/imgs500米间隔161922_副本2/最新四方图/15195_106.59155094_29.7045449234_0_202305.jpg,15195,0,R095C067,渝北区,77,main,ORI高,密集城区,居住主导,稳定
15195_106.59155094_29.7045449234_90_202305.jpg,/Users/catherine/Desktop/风险管理/imgs500米间隔161922_副本2/最新四方图/15195_106.59155094_29.7045449234_90_202305.jpg,15195,90,R095C067,渝北区,77,main,ORI高,密集城区,居住主导,稳定
6113_106.381833869_29.7055096426_180_202305.jpg,/Users/catherine/Desktop/风险管理/imgs500米间隔161922_副本2/最新四方图/6113_106.381833869_29.7055096426_180_202305.jpg,6113,180,R096C027,沙坪坝区,209,main,ORI中,密集城区,居住主导,稳定
6113_106.381833869_29.7055096426_0_202305.jpg,/Users/catherine/Desktop/风险管理/imgs500米间隔161922_副本2/最新四方图/6113_106.381833869_29.7055096426_0_202305.jpg,6113,0,R096C027,沙坪坝区,209,main,ORI中,密集城区,居住主导,稳定
6113_106.381833869_29.7055096426_90_202305.jpg,/Users/catherine/Desktop/风险管理/imgs500米间隔161922_副本2/最新四方图/6113_106.381833869_29.7055096426_90_202305.jpg,6113,90,R096C027,沙坪坝区,209,main,ORI中,密集城区,居住主导,稳定
6113_106.381833869_29.7055096426_270_202305.jpg,/Users/catherine/Desktop/风险管理/imgs500米间隔161922_副本2/最新四方图/6113_106.381833869_29.7055096426_270_202305.jpg,6113,270,R096C027,沙坪坝区,209,main,ORI中,密集城区,居住主导,稳定
10137_106.643135886_29.7024008271_90_202305.jpg,/Users/catherine/Desktop/风险管理/imgs500米间隔161922_副本2/最新四方图/10137_106.643135886_29.7024008271_90_202305.jpg,10137,90,R096C077,渝北区,48,main,ORI中,密集城区,混合/非居住,稳定
10137_106.643135886_29.7024008271_270_202305.jpg,/Users/catherine/Desktop/风险管理/imgs500米间隔161922_副本2/最新四方图/10137_106.643135886_29.7024008271_270_202305.jpg,10137,270,R096C077,渝北区,48,main,ORI中,密集城区,混合/非居住,稳定
10137_106.643135886_29.7024008271_0_202305.jpg,/Users/catherine/Desktop/风险管理/imgs500米间隔161922_副本2/最新四方图/10137_106.643135886_29.7024008271_0_202305.jpg,10137,0,R096C077,渝北区,48,main,ORI中,密集城区,混合/非居住,稳定
10137_106.643135886_29.7024008271_180_202305.jpg,/Users/catherine/Desktop/风险管理/imgs500米间隔161922_副本2/最新四方图/10137_106.643135886_29.7024008271_180_202305.jpg,10137,180,R096C077,渝北区,48,main,ORI中,密集城区,混合/非居住,稳定
9820_106.746422399_29.6980470309_90_202305.jpg,/Users/catherine/Desktop/风险管理/imgs500米间隔161922_副本2/最新四方图/9820_106.746422399_29.6980470309_90_202305.jpg,9820,90,R096C097,渝北区,377,sensitivity,ORI中,密集城区,混合/非居住,显著变化
9820_106.746422399_29.6980470309_180_202305.jpg,/Users/catherine/Desktop/风险管理/imgs500米间隔161922_副本2/最新四方图/9820_106.746422399_29.6980470309_180_202305.jpg,9820,180,R096C097,渝北区,377,sensitivity,ORI中,密集城区,混合/非居住,显著变化
9820_106.746422399_29.6980470309_270_202305.jpg,/Users/catherine/Desktop/风险管理/imgs500米间隔161922_副本2/最新四方图/9820_106.746422399_29.6980470309_270_202305.jpg,9820,270,R096C097,渝北区,377,sensitivity,ORI中,密集城区,混合/非居住,显著变化
9820_106.746422399_29.6980470309_0_202305.jpg,/Users/catherine/Desktop/风险管理/imgs500米间隔161922_副本2/最新四方图/9820_106.746422399_29.6980470309_0_202305.jpg,9820,0,R096C097,渝北区,377,sensitivity,ORI中,密集城区,混合/非居住,显著变化
6127_106.375543346_29.6968158536_270_202305.jpg,/Users/catherine/Desktop/风险管理/imgs500米间隔161922_副本2/最新四方图/6127_106.375543346_29.6968158536_270_202305.jpg,6127,270,R097C026,沙坪坝区,373,sensitivity,ORI高,密集城区,混合/非居住,显著变化
6127_106.375543346_29.6968158536_180_202305.jpg,/Users/catherine/Desktop/风险管理/imgs500米间隔161922_副本2/最新四方图/6127_106.375543346_29.6968158536_180_202305.jpg,6127,180,R097C026,沙坪坝区,373,sensitivity,ORI高,密集城区,混合/非居住,显著变化
6127_106.375543346_29.6968158536_90_202305.jpg,/Users/catherine/Desktop/风险管理/imgs500米间隔161922_副本2/最新四方图/6127_106.375543346_29.6968158536_90_202305.jpg,6127,90,R097C026,沙坪坝区,373,sensitivity,ORI高,密集城区,混合/非居住,显著变化
6127_106.375543346_29.6968158536_0_202305.jpg,/Users/catherine/Desktop/风险管理/imgs500米间隔161922_副本2/最新四方图/6127_106.375543346_29.6968158536_0_202305.jpg,6127,0,R097C026,沙坪坝区,373,sensitivity,ORI高,密集城区,混合/非居住,显著变化
3236_106.606550563_29.6978885705_90_202305.jpg,/Users/catherine/Desktop/风险管理/imgs500米间隔161922_副本2/最新四方图/3236_106.606550563_29.6978885705_90_202305.jpg,3236,90,R097C070,渝北区,102,main,ORI高,密集城区,居住主导,稳定
3236_106.606550563_29.6978885705_270_202305.jpg,/Users/catherine/Desktop/风险管理/imgs500米间隔161922_副本2/最新四方图/3236_106.606550563_29.6978885705_270_202305.jpg,3236,270,R097C070,渝北区,102,main,ORI高,密集城区,居住主导,稳定
3236_106.606550563_29.6978885705_0_202305.jpg,/Users/catherine/Desktop/风险管理/imgs500米间隔161922_副本2/最新四方图/3236_106.606550563_29.6978885705_0_202305.jpg,3236,0,R097C070,渝北区,102,main,ORI高,密集城区,居住主导,稳定
3236_106.606550563_29.6978885705_180_202305.jpg,/Users/catherine/Desktop/风险管理/imgs500米间隔161922_副本2/最新四方图/3236_106.606550563_29.6978885705_180_202305.jpg,3236,180,R097C070,渝北区,102,main,ORI高,密集城区,居住主导,稳定
18275_106.656665184_29.6951295654_270_202305.jpg,/Users/catherine/Desktop/风险管理/imgs500米间隔161922_副本2/最新四方图/18275_106.656665184_29.6951295654_270_202305.jpg,18275,270,R097C080,渝北区,393,sensitivity,ORI低,一般建成区,居住主导,显著变化
18275_106.656665184_29.6951295654_180_202305.jpg,/Users/catherine/Desktop/风险管理/imgs500米间隔161922_副本2/最新四方图/18275_106.656665184_29.6951295654_180_202305.jpg,18275,180,R097C080,渝北区,393,sensitivity,ORI低,一般建成区,居住主导,显著变化
18275_106.656665184_29.6951295654_0_202305.jpg,/Users/catherine/Desktop/风险管理/imgs500米间隔161922_副本2/最新四方图/18275_106.656665184_29.6951295654_0_202305.jpg,18275,0,R097C080,渝北区,393,sensitivity,ORI低,一般建成区,居住主导,显著变化
18275_106.656665184_29.6951295654_90_202305.jpg,/Users/catherine/Desktop/风险管理/imgs500米间隔161922_副本2/最新四方图/18275_106.656665184_29.6951295654_90_202305.jpg,18275,90,R097C080,渝北区,393,sensitivity,ORI低,一般建成区,居住主导,显著变化
6435_106.774541449_29.6928303764_180_202305.jpg,/Users/catherine/Desktop/风险管理/imgs500米间隔161922_副本2/最新四方图/6435_106.774541449_29.6928303764_180_202305.jpg,6435,180,R097C103,渝北区,380,sensitivity,ORI中,密集城区,居住主导,显著变化
6435_106.774541449_29.6928303764_270_202305.jpg,/Users/catherine/Desktop/风险管理/imgs500米间隔161922_副本2/最新四方图/6435_106.774541449_29.6928303764_270_202305.jpg,6435,270,R097C103,渝北区,380,sensitivity,ORI中,密集城区,居住主导,显著变化
6435_106.774541449_29.6928303764_90_202305.jpg,/Users/catherine/Desktop/风险管理/imgs500米间隔161922_副本2/最新四方图/6435_106.774541449_29.6928303764_90_202305.jpg,6435,90,R097C103,渝北区,380,sensitivity,ORI中,密集城区,居住主导,显著变化
6435_106.774541449_29.6928303764_0_202305.jpg,/Users/catherine/Desktop/风险管理/imgs500米间隔161922_副本2/最新四方图/6435_106.774541449_29.6928303764_0_202305.jpg,6435,0,R097C103,渝北区,380,sensitivity,ORI中,密集城区,居住主导,显著变化
1505_106.585184712_29.6903881566_270_202305.jpg,/Users/catherine/Desktop/风险管理/imgs500米间隔161922_副本2/最新四方图/1505_106.585184712_29.6903881566_270_202305.jpg,1505,270,R098C066,渝北区,71,main,ORI高,密集城区,混合/非居住,稳定
1505_106.585184712_29.6903881566_90_202305.jpg,/Users/catherine/Desktop/风险管理/imgs500米间隔161922_副本2/最新四方图/1505_106.585184712_29.6903881566_90_202305.jpg,1505,90,R098C066,渝北区,71,main,ORI高,密集城区,混合/非居住,稳定
1505_106.585184712_29.6903881566_0_202305.jpg,/Users/catherine/Desktop/风险管理/imgs500米间隔161922_副本2/最新四方图/1505_106.585184712_29.6903881566_0_202305.jpg,1505,0,R098C066,渝北区,71,main,ORI高,密集城区,混合/非居住,稳定
1505_106.585184712_29.6903881566_180_202305.jpg,/Users/catherine/Desktop/风险管理/imgs500米间隔161922_副本2/最新四方图/1505_106.585184712_29.6903881566_180_202305.jpg,1505,180,R098C066,渝北区,71,main,ORI高,密集城区,混合/非居住,稳定
14508_106.67081309_29.6895247_0_202305.jpg,/Users/catherine/Desktop/风险管理/imgs500米间隔161922_副本2/最新四方图/14508_106.67081309_29.6895247_0_202305.jpg,14508,0,R098C083,渝北区,23,main,ORI低,一般建成区,居住主导,稳定
14508_106.67081309_29.6895247_270_202305.jpg,/Users/catherine/Desktop/风险管理/imgs500米间隔161922_副本2/最新四方图/14508_106.67081309_29.6895247_270_202305.jpg,14508,270,R098C083,渝北区,23,main,ORI低,一般建成区,居住主导,稳定
14508_106.67081309_29.6895247_90_202305.jpg,/Users/catherine/Desktop/风险管理/imgs500米间隔161922_副本2/最新四方图/14508_106.67081309_29.6895247_90_202305.jpg,14508,90,R098C083,渝北区,23,main,ORI低,一般建成区,居住主导,稳定
14508_106.67081309_29.6895247_180_202305.jpg,/Users/catherine/Desktop/风险管理/imgs500米间隔161922_副本2/最新四方图/14508_106.67081309_29.6895247_180_202305.jpg,14508,180,R098C083,渝北区,23,main,ORI低,一般建成区,居住主导,稳定
12394_106.688145354_29.6908777527_0_202305.jpg,/Users/catherine/Desktop/风险管理/imgs500米间隔161922_副本2/最新四方图/12394_106.688145354_29.6908777527_0_202305.jpg,12394,0,R098C086,渝北区,30,main,ORI低,一般建成区,居住主导,稳定
12394_106.688145354_29.6908777527_270_202305.jpg,/Users/catherine/Desktop/风险管理/imgs500米间隔161922_副本2/最新四方图/12394_106.688145354_29.6908777527_270_202305.jpg,12394,270,R098C086,渝北区,30,main,ORI低,一般建成区,居住主导,稳定
12394_106.688145354_29.6908777527_90_202305.jpg,/Users/catherine/Desktop/风险管理/imgs500米间隔161922_副本2/最新四方图/12394_106.688145354_29.6908777527_90_202305.jpg,12394,90,R098C086,渝北区,30,main,ORI低,一般建成区,居住主导,稳定
12394_106.688145354_29.6908777527_180_202305.jpg,/Users/catherine/Desktop/风险管理/imgs500米间隔161922_副本2/最新四方图/12394_106.688145354_29.6908777527_180_202305.jpg,12394,180,R098C086,渝北区,30,main,ORI低,一般建成区,居住主导,稳定
9821_106.745364741_29.6888718159_180_202305.jpg,/Users/catherine/Desktop/风险管理/imgs500米间隔161922_副本2/最新四方图/9821_106.745364741_29.6888718159_180_202305.jpg,9821,180,R098C097,渝北区,55,main,ORI中,密集城区,混合/非居住,稳定
9821_106.745364741_29.6888718159_90_202305.jpg,/Users/catherine/Desktop/风险管理/imgs500米间隔161922_副本2/最新四方图/9821_106.745364741_29.6888718159_90_202305.jpg,9821,90,R098C097,渝北区,55,main,ORI中,密集城区,混合/非居住,稳定
9821_106.745364741_29.6888718159_0_202305.jpg,/Users/catherine/Desktop/风险管理/imgs500米间隔161922_副本2/最新四方图/9821_106.745364741_29.6888718159_0_202305.jpg,9821,0,R098C097,渝北区,55,main,ORI中,密集城区,混合/非居住,稳定
9821_106.745364741_29.6888718159_270_202305.jpg,/Users/catherine/Desktop/风险管理/imgs500米间隔161922_副本2/最新四方图/9821_106.745364741_29.6888718159_270_202305.jpg,9821,270,R098C097,渝北区,55,main,ORI中,密集城区,混合/非居住,稳定
8261_106.457967519_29.6890748891_270_202305.jpg,/Users/catherine/Desktop/风险管理/imgs500米间隔161922_副本2/最新四方图/8261_106.457967519_29.6890748891_270_202305.jpg,8261,270,R099C041,渝北区,65,main,ORI中,一般建成区,混合/非居住,稳定
8261_106.457967519_29.6890748891_180_202305.jpg,/Users/catherine/Desktop/风险管理/imgs500米间隔161922_副本2/最新四方图/8261_106.457967519_29.6890748891_180_202305.jpg,8261,180,R099C041,渝北区,65,main,ORI中,一般建成区,混合/非居住,稳定
8261_106.457967519_29.6890748891_0_202305.jpg,/Users/catherine/Desktop/风险管理/imgs500米间隔161922_副本2/最新四方图/8261_106.457967519_29.6890748891_0_202305.jpg,8261,0,R099C041,渝北区,65,main,ORI中,一般建成区,混合/非居住,稳定
8261_106.457967519_29.6890748891_90_202305.jpg,/Users/catherine/Desktop/风险管理/imgs500米间隔161922_副本2/最新四方图/8261_106.457967519_29.6890748891_90_202305.jpg,8261,90,R099C041,渝北区,65,main,ORI中,一般建成区,混合/非居住,稳定
1493_106.569024185_29.688923167_180_202305.jpg,/Users/catherine/Desktop/风险管理/imgs500米间隔161922_副本2/最新四方图/1493_106.569024185_29.688923167_180_202305.jpg,1493,180,R099C063,渝北区,36,main,ORI中,密集城区,居住主导,稳定
1493_106.569024185_29.688923167_90_202305.jpg,/Users/catherine/Desktop/风险管理/imgs500米间隔161922_副本2/最新四方图/1493_106.569024185_29.688923167_90_202305.jpg,1493,90,R099C063,渝北区,36,main,ORI中,密集城区,居住主导,稳定
1493_106.569024185_29.688923167_270_202305.jpg,/Users/catherine/Desktop/风险管理/imgs500米间隔161922_副本2/最新四方图/1493_106.569024185_29.688923167_270_202305.jpg,1493,270,R099C063,渝北区,36,main,ORI中,密集城区,居住主导,稳定
1493_106.569024185_29.688923167_0_202305.jpg,/Users/catherine/Desktop/风险管理/imgs500米间隔161922_副本2/最新四方图/1493_106.569024185_29.688923167_0_202305.jpg,1493,0,R099C063,渝北区,36,main,ORI中,密集城区,居住主导,稳定
17713_106.603158014_29.6862525179_180_202305.jpg,/Users/catherine/Desktop/风险管理/imgs500米间隔161922_副本2/最新四方图/17713_106.603158014_29.6862525179_180_202305.jpg,17713,180,R099C070,渝北区,86,main,ORI高,密集城区,居住主导,稳定
17713_106.603158014_29.6862525179_0_202305.jpg,/Users/catherine/Desktop/风险管理/imgs500米间隔161922_副本2/最新四方图/17713_106.603158014_29.6862525179_0_202305.jpg,17713,0,R099C070,渝北区,86,main,ORI高,密集城区,居住主导,稳定
17713_106.603158014_29.6862525179_270_202305.jpg,/Users/catherine/Desktop/风险管理/imgs500米间隔161922_副本2/最新四方图/17713_106.603158014_29.6862525179_270_202305.jpg,17713,270,R099C070,渝北区,86,main,ORI高,密集城区,居住主导,稳定
17713_106.603158014_29.6862525179_90_202305.jpg,/Users/catherine/Desktop/风险管理/imgs500米间隔161922_副本2/最新四方图/17713_106.603158014_29.6862525179_90_202305.jpg,17713,90,R099C070,渝北区,86,main,ORI高,密集城区,居住主导,稳定
10888_106.617464226_29.6861066474_180_202305.jpg,/Users/catherine/Desktop/风险管理/imgs500米间隔161922_副本2/最新四方图/10888_106.617464226_29.6861066474_180_202305.jpg,10888,180,R099C072,渝北区,12,main,ORI低,一般建成区,居住主导,稳定
10888_106.617464226_29.6861066474_90_202305.jpg,/Users/catherine/Desktop/风险管理/imgs500米间隔161922_副本2/最新四方图/10888_106.617464226_29.6861066474_90_202305.jpg,10888,90,R099C072,渝北区,12,main,ORI低,一般建成区,居住主导,稳定
10888_106.617464226_29.6861066474_270_202305.jpg,/Users/catherine/Desktop/风险管理/imgs500米间隔161922_副本2/最新四方图/10888_106.617464226_29.6861066474_270_202305.jpg,10888,270,R099C072,渝北区,12,main,ORI低,一般建成区,居住主导,稳定
10888_106.617464226_29.6861066474_0_202305.jpg,/Users/catherine/Desktop/风险管理/imgs500米间隔161922_副本2/最新四方图/10888_106.617464226_29.6861066474_0_202305.jpg,10888,0,R099C072,渝北区,12,main,ORI低,一般建成区,居住主导,稳定
7414_106.669528365_29.6881423554_180_202305.jpg,/Users/catherine/Desktop/风险管理/imgs500米间隔161922_副本2/最新四方图/7414_106.669528365_29.6881423554_180_202305.jpg,7414,180,R099C082,渝北区,47,main,ORI中,一般建成区,混合/非居住,稳定
7414_106.669528365_29.6881423554_90_202305.jpg,/Users/catherine/Desktop/风险管理/imgs500米间隔161922_副本2/最新四方图/7414_106.669528365_29.6881423554_90_202305.jpg,7414,90,R099C082,渝北区,47,main,ORI中,一般建成区,混合/非居住,稳定
7414_106.669528365_29.6881423554_0_202305.jpg,/Users/catherine/Desktop/风险管理/imgs500米间隔161922_副本2/最新四方图/7414_106.669528365_29.6881423554_0_202305.jpg,7414,0,R099C082,渝北区,47,main,ORI中,一般建成区,混合/非居住,稳定
7414_106.669528365_29.6881423554_270_202305.jpg,/Users/catherine/Desktop/风险管理/imgs500米间隔161922_副本2/最新四方图/7414_106.669528365_29.6881423554_270_202305.jpg,7414,270,R099C082,渝北区,47,main,ORI中,一般建成区,混合/非居住,稳定
14523_106.696170363_29.6864584982_270_202305.jpg,/Users/catherine/Desktop/风险管理/imgs500米间隔161922_副本2/最新四方图/14523_106.696170363_29.6864584982_270_202305.jpg,14523,270,R099C088,渝北区,5,main,ORI低,乡村/自然,无/极少建筑,稳定
14523_106.696170363_29.6864584982_90_202305.jpg,/Users/catherine/Desktop/风险管理/imgs500米间隔161922_副本2/最新四方图/14523_106.696170363_29.6864584982_90_202305.jpg,14523,90,R099C088,渝北区,5,main,ORI低,乡村/自然,无/极少建筑,稳定
14523_106.696170363_29.6864584982_180_202305.jpg,/Users/catherine/Desktop/风险管理/imgs500米间隔161922_副本2/最新四方图/14523_106.696170363_29.6864584982_180_202305.jpg,14523,180,R099C088,渝北区,5,main,ORI低,乡村/自然,无/极少建筑,稳定
14523_106.696170363_29.6864584982_0_202305.jpg,/Users/catherine/Desktop/风险管理/imgs500米间隔161922_副本2/最新四方图/14523_106.696170363_29.6864584982_0_202305.jpg,14523,0,R099C088,渝北区,5,main,ORI低,乡村/自然,无/极少建筑,稳定
14522_106.70133494_29.68616677_180_202305.jpg,/Users/catherine/Desktop/风险管理/imgs500米间隔161922_副本2/最新四方图/14522_106.70133494_29.68616677_180_202305.jpg,14522,180,R099C089,渝北区,3,main,ORI低,乡村/自然,无/极少建筑,稳定
14522_106.70133494_29.68616677_0_202305.jpg,/Users/catherine/Desktop/风险管理/imgs500米间隔161922_副本2/最新四方图/14522_106.70133494_29.68616677_0_202305.jpg,14522,0,R099C089,渝北区,3,main,ORI低,乡村/自然,无/极少建筑,稳定
14522_106.70133494_29.68616677_270_202305.jpg,/Users/catherine/Desktop/风险管理/imgs500米间隔161922_副本2/最新四方图/14522_106.70133494_29.68616677_270_202305.jpg,14522,270,R099C089,渝北区,3,main,ORI低,乡村/自然,无/极少建筑,稳定
14522_106.70133494_29.68616677_90_202305.jpg,/Users/catherine/Desktop/风险管理/imgs500米间隔161922_副本2/最新四方图/14522_106.70133494_29.68616677_90_202305.jpg,14522,90,R099C089,渝北区,3,main,ORI低,乡村/自然,无/极少建筑,稳定
14519_106.716828654_29.6852915661_90_202305.jpg,/Users/catherine/Desktop/风险管理/imgs500米间隔161922_副本2/最新四方图/14519_106.716828654_29.6852915661_90_202305.jpg,14519,90,R099C092,渝北区,4,main,ORI低,一般建成区,混合/非居住,稳定
14519_106.716828654_29.6852915661_180_202305.jpg,/Users/catherine/Desktop/风险管理/imgs500米间隔161922_副本2/最新四方图/14519_106.716828654_29.6852915661_180_202305.jpg,14519,180,R099C092,渝北区,4,main,ORI低,一般建成区,混合/非居住,稳定
14519_106.716828654_29.6852915661_0_202305.jpg,/Users/catherine/Desktop/风险管理/imgs500米间隔161922_副本2/最新四方图/14519_106.716828654_29.6852915661_0_202305.jpg,14519,0,R099C092,渝北区,4,main,ORI低,一般建成区,混合/非居住,稳定
14519_106.716828654_29.6852915661_270_202305.jpg,/Users/catherine/Desktop/风险管理/imgs500米间隔161922_副本2/最新四方图/14519_106.716828654_29.6852915661_270_202305.jpg,14519,270,R099C092,渝北区,4,main,ORI低,一般建成区,混合/非居住,稳定
14515_106.724035983_29.6846344923_90_202305.jpg,/Users/catherine/Desktop/风险管理/imgs500米间隔161922_副本2/最新四方图/14515_106.724035983_29.6846344923_90_202305.jpg,14515,90,R099C093,渝北区,6,main,ORI低,一般建成区,居住主导,稳定
14515_106.724035983_29.6846344923_270_202305.jpg,/Users/catherine/Desktop/风险管理/imgs500米间隔161922_副本2/最新四方图/14515_106.724035983_29.6846344923_270_202305.jpg,14515,270,R099C093,渝北区,6,main,ORI低,一般建成区,居住主导,稳定
14515_106.724035983_29.6846344923_0_202305.jpg,/Users/catherine/Desktop/风险管理/imgs500米间隔161922_副本2/最新四方图/14515_106.724035983_29.6846344923_0_202305.jpg,14515,0,R099C093,渝北区,6,main,ORI低,一般建成区,居住主导,稳定
14515_106.724035983_29.6846344923_180_202305.jpg,/Users/catherine/Desktop/风险管理/imgs500米间隔161922_副本2/最新四方图/14515_106.724035983_29.6846344923_180_202305.jpg,14515,180,R099C093,渝北区,6,main,ORI低,一般建成区,居住主导,稳定
15177_106.67556927_29.6808173_180_202305.jpg,/Users/catherine/Desktop/风险管理/imgs500米间隔161922_副本2/最新四方图/15177_106.67556927_29.6808173_180_202305.jpg,15177,180,R100C084,渝北区,386,sensitivity,ORI低,一般建成区,混合/非居住,显著变化
15177_106.67556927_29.6808173_0_202305.jpg,/Users/catherine/Desktop/风险管理/imgs500米间隔161922_副本2/最新四方图/15177_106.67556927_29.6808173_0_202305.jpg,15177,0,R100C084,渝北区,386,sensitivity,ORI低,一般建成区,混合/非居住,显著变化
15177_106.67556927_29.6808173_90_202305.jpg,/Users/catherine/Desktop/风险管理/imgs500米间隔161922_副本2/最新四方图/15177_106.67556927_29.6808173_90_202305.jpg,15177,90,R100C084,渝北区,386,sensitivity,ORI低,一般建成区,混合/非居住,显著变化
15177_106.67556927_29.6808173_270_202305.jpg,/Users/catherine/Desktop/风险管理/imgs500米间隔161922_副本2/最新四方图/15177_106.67556927_29.6808173_270_202305.jpg,15177,270,R100C084,渝北区,386,sensitivity,ORI低,一般建成区,混合/非居住,显著变化
12392_106.687017148_29.6822420709_270_202305.jpg,/Users/catherine/Desktop/风险管理/imgs500米间隔161922_副本2/最新四方图/12392_106.687017148_29.6822420709_270_202305.jpg,12392,270,R100C086,渝北区,394,sensitivity,ORI低,一般建成区,混合/非居住,显著变化
12392_106.687017148_29.6822420709_0_202305.jpg,/Users/catherine/Desktop/风险管理/imgs500米间隔161922_副本2/最新四方图/12392_106.687017148_29.6822420709_0_202305.jpg,12392,0,R100C086,渝北区,394,sensitivity,ORI低,一般建成区,混合/非居住,显著变化
12392_106.687017148_29.6822420709_180_202305.jpg,/Users/catherine/Desktop/风险管理/imgs500米间隔161922_副本2/最新四方图/12392_106.687017148_29.6822420709_180_202305.jpg,12392,180,R100C086,渝北区,394,sensitivity,ORI低,一般建成区,混合/非居住,显著变化
12392_106.687017148_29.6822420709_90_202305.jpg,/Users/catherine/Desktop/风险管理/imgs500米间隔161922_副本2/最新四方图/12392_106.687017148_29.6822420709_90_202305.jpg,12392,90,R100C086,渝北区,394,sensitivity,ORI低,一般建成区,混合/非居住,显著变化
4480_106.410996936_29.6821960069_90_202305.jpg,/Users/catherine/Desktop/风险管理/imgs500米间隔161922_副本2/最新四方图/4480_106.410996936_29.6821960069_90_202305.jpg,4480,90,R101C032,沙坪坝区,193,main,ORI低,一般建成区,居住主导,基本稳定-局部变化
4480_106.410996936_29.6821960069_270_202305.jpg,/Users/catherine/Desktop/风险管理/imgs500米间隔161922_副本2/最新四方图/4480_106.410996936_29.6821960069_270_202305.jpg,4480,270,R101C032,沙坪坝区,193,main,ORI低,一般建成区,居住主导,基本稳定-局部变化
4480_106.410996936_29.6821960069_180_202305.jpg,/Users/catherine/Desktop/风险管理/imgs500米间隔161922_副本2/最新四方图/4480_106.410996936_29.6821960069_180_202305.jpg,4480,180,R101C032,沙坪坝区,193,main,ORI低,一般建成区,居住主导,基本稳定-局部变化
4480_106.410996936_29.6821960069_0_202305.jpg,/Users/catherine/Desktop/风险管理/imgs500米间隔161922_副本2/最新四方图/4480_106.410996936_29.6821960069_0_202305.jpg,4480,0,R101C032,沙坪坝区,193,main,ORI低,一般建成区,居住主导,基本稳定-局部变化
17915_106.484041574_29.6800177386_270_202305.jpg,/Users/catherine/Desktop/风险管理/imgs500米间隔161922_副本2/最新四方图/17915_106.484041574_29.6800177386_270_202305.jpg,17915,270,R101C047,渝北区,15,main,ORI低,密集城区,居住主导,稳定
17915_106.484041574_29.6800177386_90_202305.jpg,/Users/catherine/Desktop/风险管理/imgs500米间隔161922_副本2/最新四方图/17915_106.484041574_29.6800177386_90_202305.jpg,17915,90,R101C047,渝北区,15,main,ORI低,密集城区,居住主导,稳定
17915_106.484041574_29.6800177386_0_202305.jpg,/Users/catherine/Desktop/风险管理/imgs500米间隔161922_副本2/最新四方图/17915_106.484041574_29.6800177386_0_202305.jpg,17915,0,R101C047,渝北区,15,main,ORI低,密集城区,居住主导,稳定
17915_106.484041574_29.6800177386_180_202305.jpg,/Users/catherine/Desktop/风险管理/imgs500米间隔161922_副本2/最新四方图/17915_106.484041574_29.6800177386_180_202305.jpg,17915,180,R101C047,渝北区,15,main,ORI低,密集城区,居住主导,稳定
8238_106.49293347_29.6796389438_180_202305.jpg,/Users/catherine/Desktop/风险管理/imgs500米间隔161922_副本2/最新四方图/8238_106.49293347_29.6796389438_180_202305.jpg,8238,180,R101C048,渝北区,68,main,ORI中,密集城区,居住主导,稳定
8238_106.49293347_29.6796389438_90_202305.jpg,/Users/catherine/Desktop/风险管理/imgs500米间隔161922_副本2/最新四方图/8238_106.49293347_29.6796389438_90_202305.jpg,8238,90,R101C048,渝北区,68,main,ORI中,密集城区,居住主导,稳定
8238_106.49293347_29.6796389438_0_202305.jpg,/Users/catherine/Desktop/风险管理/imgs500米间隔161922_副本2/最新四方图/8238_106.49293347_29.6796389438_0_202305.jpg,8238,0,R101C048,渝北区,68,main,ORI中,密集城区,居住主导,稳定
8238_106.49293347_29.6796389438_270_202305.jpg,/Users/catherine/Desktop/风险管理/imgs500米间隔161922_副本2/最新四方图/8238_106.49293347_29.6796389438_270_202305.jpg,8238,270,R101C048,渝北区,68,main,ORI中,密集城区,居住主导,稳定
17923_106.498492175_29.6801012699_270_202305.jpg,/Users/catherine/Desktop/风险管理/imgs500米间隔161922_副本2/最新四方图/17923_106.498492175_29.6801012699_270_202305.jpg,17923,270,R101C049,渝北区,52,main,ORI中,密集城区,居住主导,稳定
17923_106.498492175_29.6801012699_0_202305.jpg,/Users/catherine/Desktop/风险管理/imgs500米间隔161922_副本2/最新四方图/17923_106.498492175_29.6801012699_0_202305.jpg,17923,0,R101C049,渝北区,52,main,ORI中,密集城区,居住主导,稳定
17923_106.498492175_29.6801012699_180_202305.jpg,/Users/catherine/Desktop/风险管理/imgs500米间隔161922_副本2/最新四方图/17923_106.498492175_29.6801012699_180_202305.jpg,17923,180,R101C049,渝北区,52,main,ORI中,密集城区,居住主导,稳定
17923_106.498492175_29.6801012699_90_202305.jpg,/Users/catherine/Desktop/风险管理/imgs500米间隔161922_副本2/最新四方图/17923_106.498492175_29.6801012699_90_202305.jpg,17923,90,R101C049,渝北区,52,main,ORI中,密集城区,居住主导,稳定
19234_106.521275432_29.6797118048_270_202305.jpg,/Users/catherine/Desktop/风险管理/imgs500米间隔161922_副本2/最新四方图/19234_106.521275432_29.6797118048_270_202305.jpg,19234,270,R101C054,渝北区,56,main,ORI中,密集城区,混合/非居住,稳定
19234_106.521275432_29.6797118048_0_202305.jpg,/Users/catherine/Desktop/风险管理/imgs500米间隔161922_副本2/最新四方图/19234_106.521275432_29.6797118048_0_202305.jpg,19234,0,R101C054,渝北区,56,main,ORI中,密集城区,混合/非居住,稳定
19234_106.521275432_29.6797118048_180_202305.jpg,/Users/catherine/Desktop/风险管理/imgs500米间隔161922_副本2/最新四方图/19234_106.521275432_29.6797118048_180_202305.jpg,19234,180,R101C054,渝北区,56,main,ORI中,密集城区,混合/非居住,稳定
19234_106.521275432_29.6797118048_90_202305.jpg,/Users/catherine/Desktop/风险管理/imgs500米间隔161922_副本2/最新四方图/19234_106.521275432_29.6797118048_90_202305.jpg,19234,90,R101C054,渝北区,56,main,ORI中,密集城区,混合/非居住,稳定
1485_106.570812991_29.677488782_90_202305.jpg,/Users/catherine/Desktop/风险管理/imgs500米间隔161922_副本2/最新四方图/1485_106.570812991_29.677488782_90_202305.jpg,1485,90,R101C063,渝北区,2,main,ORI低,一般建成区,居住主导,稳定
1485_106.570812991_29.677488782_180_202305.jpg,/Users/catherine/Desktop/风险管理/imgs500米间隔161922_副本2/最新四方图/1485_106.570812991_29.677488782_180_202305.jpg,1485,180,R101C063,渝北区,2,main,ORI低,一般建成区,居住主导,稳定
1485_106.570812991_29.677488782_0_202305.jpg,/Users/catherine/Desktop/风险管理/imgs500米间隔161922_副本2/最新四方图/1485_106.570812991_29.677488782_0_202305.jpg,1485,0,R101C063,渝北区,2,main,ORI低,一般建成区,居住主导,稳定
1485_106.570812991_29.677488782_270_202305.jpg,/Users/catherine/Desktop/风险管理/imgs500米间隔161922_副本2/最新四方图/1485_106.570812991_29.677488782_270_202305.jpg,1485,270,R101C063,渝北区,2,main,ORI低,一般建成区,居住主导,稳定
12383_106.70949528_29.6755657255_270_202305.jpg,/Users/catherine/Desktop/风险管理/imgs500米间隔161922_副本2/最新四方图/12383_106.70949528_29.6755657255_270_202305.jpg,12383,270,R101C090,渝北区,16,main,ORI低,一般建成区,混合/非居住,稳定
12383_106.70949528_29.6755657255_90_202305.jpg,/Users/catherine/Desktop/风险管理/imgs500米间隔161922_副本2/最新四方图/12383_106.70949528_29.6755657255_90_202305.jpg,12383,90,R101C090,渝北区,16,main,ORI低,一般建成区,混合/非居住,稳定
12383_106.70949528_29.6755657255_180_202305.jpg,/Users/catherine/Desktop/风险管理/imgs500米间隔161922_副本2/最新四方图/12383_106.70949528_29.6755657255_180_202305.jpg,12383,180,R101C090,渝北区,16,main,ORI低,一般建成区,混合/非居住,稳定
12383_106.70949528_29.6755657255_0_202305.jpg,/Users/catherine/Desktop/风险管理/imgs500米间隔161922_副本2/最新四方图/12383_106.70949528_29.6755657255_0_202305.jpg,12383,0,R101C090,渝北区,16,main,ORI低,一般建成区,混合/非居住,稳定
8236_106.459050409_29.6760534925_270_202305.jpg,/Users/catherine/Desktop/风险管理/imgs500米间隔161922_副本2/最新四方图/8236_106.459050409_29.6760534925_270_202305.jpg,8236,270,R102C042,渝北区,20,main,ORI低,一般建成区,无/极少建筑,基本稳定-局部变化
8236_106.459050409_29.6760534925_0_202305.jpg,/Users/catherine/Desktop/风险管理/imgs500米间隔161922_副本2/最新四方图/8236_106.459050409_29.6760534925_0_202305.jpg,8236,0,R102C042,渝北区,20,main,ORI低,一般建成区,无/极少建筑,基本稳定-局部变化
8236_106.459050409_29.6760534925_90_202305.jpg,/Users/catherine/Desktop/风险管理/imgs500米间隔161922_副本2/最新四方图/8236_106.459050409_29.6760534925_90_202305.jpg,8236,90,R102C042,渝北区,20,main,ORI低,一般建成区,无/极少建筑,基本稳定-局部变化
8236_106.459050409_29.6760534925_180_202305.jpg,/Users/catherine/Desktop/风险管理/imgs500米间隔161922_副本2/最新四方图/8236_106.459050409_29.6760534925_180_202305.jpg,8236,180,R102C042,渝北区,20,main,ORI低,一般建成区,无/极少建筑,基本稳定-局部变化
3142_106.572648992_29.6759545671_180_202305.jpg,/Users/catherine/Desktop/风险管理/imgs500米间隔161922_副本2/最新四方图/3142_106.572648992_29.6759545671_180_202305.jpg,3142,180,R102C064,渝北区,1,main,ORI低,一般建成区,居住主导,稳定
3142_106.572648992_29.6759545671_0_202305.jpg,/Users/catherine/Desktop/风险管理/imgs500米间隔161922_副本2/最新四方图/3142_106.572648992_29.6759545671_0_202305.jpg,3142,0,R102C064,渝北区,1,main,ORI低,一般建成区,居住主导,稳定
3142_106.572648992_29.6759545671_90_202305.jpg,/Users/catherine/Desktop/风险管理/imgs500米间隔161922_副本2/最新四方图/3142_106.572648992_29.6759545671_90_202305.jpg,3142,90,R102C064,渝北区,1,main,ORI低,一般建成区,居住主导,稳定
3142_106.572648992_29.6759545671_270_202305.jpg,/Users/catherine/Desktop/风险管理/imgs500米间隔161922_副本2/最新四方图/3142_106.572648992_29.6759545671_270_202305.jpg,3142,270,R102C064,渝北区,1,main,ORI低,一般建成区,居住主导,稳定
18322_106.772995839_29.6707340277_180_202305.jpg,/Users/catherine/Desktop/风险管理/imgs500米间隔161922_副本2/最新四方图/18322_106.772995839_29.6707340277_180_202305.jpg,18322,180,R102C103,渝北区,374,sensitivity,ORI高,密集城区,混合/非居住,显著变化
18322_106.772995839_29.6707340277_270_202305.jpg,/Users/catherine/Desktop/风险管理/imgs500米间隔161922_副本2/最新四方图/18322_106.772995839_29.6707340277_270_202305.jpg,18322,270,R102C103,渝北区,374,sensitivity,ORI高,密集城区,混合/非居住,显著变化
18322_106.772995839_29.6707340277_0_202305.jpg,/Users/catherine/Desktop/风险管理/imgs500米间隔161922_副本2/最新四方图/18322_106.772995839_29.6707340277_0_202305.jpg,18322,0,R102C103,渝北区,374,sensitivity,ORI高,密集城区,混合/非居住,显著变化
18322_106.772995839_29.6707340277_90_202305.jpg,/Users/catherine/Desktop/风险管理/imgs500米间隔161922_副本2/最新四方图/18322_106.772995839_29.6707340277_90_202305.jpg,18322,90,R102C103,渝北区,374,sensitivity,ORI高,密集城区,混合/非居住,显著变化
1447_106.488061335_29.6712429437_0_202305.jpg,/Users/catherine/Desktop/风险管理/imgs500米间隔161922_副本2/最新四方图/1447_106.488061335_29.6712429437_0_202305.jpg,1447,0,R103C047,渝北区,81,main,ORI高,密集城区,居住主导,稳定
1447_106.488061335_29.6712429437_270_202305.jpg,/Users/catherine/Desktop/风险管理/imgs500米间隔161922_副本2/最新四方图/1447_106.488061335_29.6712429437_270_202305.jpg,1447,270,R103C047,渝北区,81,main,ORI高,密集城区,居住主导,稳定
1447_106.488061335_29.6712429437_180_202305.jpg,/Users/catherine/Desktop/风险管理/imgs500米间隔161922_副本2/最新四方图/1447_106.488061335_29.6712429437_180_202305.jpg,1447,180,R103C047,渝北区,81,main,ORI高,密集城区,居住主导,稳定
1447_106.488061335_29.6712429437_90_202305.jpg,/Users/catherine/Desktop/风险管理/imgs500米间隔161922_副本2/最新四方图/1447_106.488061335_29.6712429437_90_202305.jpg,1447,90,R103C047,渝北区,81,main,ORI高,密集城区,居住主导,稳定
7601_106.611106475_29.6690658956_180_202305.jpg,/Users/catherine/Desktop/风险管理/imgs500米间隔161922_副本2/最新四方图/7601_106.611106475_29.6690658956_180_202305.jpg,7601,180,R103C071,渝北区,96,main,ORI高,密集城区,居住主导,稳定
7601_106.611106475_29.6690658956_0_202305.jpg,/Users/catherine/Desktop/风险管理/imgs500米间隔161922_副本2/最新四方图/7601_106.611106475_29.6690658956_0_202305.jpg,7601,0,R103C071,渝北区,96,main,ORI高,密集城区,居住主导,稳定
7601_106.611106475_29.6690658956_90_202305.jpg,/Users/catherine/Desktop/风险管理/imgs500米间隔161922_副本2/最新四方图/7601_106.611106475_29.6690658956_90_202305.jpg,7601,90,R103C071,渝北区,96,main,ORI高,密集城区,居住主导,稳定
7601_106.611106475_29.6690658956_270_202305.jpg,/Users/catherine/Desktop/风险管理/imgs500米间隔161922_副本2/最新四方图/7601_106.611106475_29.6690658956_270_202305.jpg,7601,270,R103C071,渝北区,96,main,ORI高,密集城区,居住主导,稳定
1455_106.524879347_29.6663840398_90_202305.jpg,/Users/catherine/Desktop/风险管理/imgs500米间隔161922_副本2/最新四方图/1455_106.524879347_29.6663840398_90_202305.jpg,1455,90,R104C055,渝北区,40,main,ORI中,密集城区,居住主导,稳定
1455_106.524879347_29.6663840398_270_202305.jpg,/Users/catherine/Desktop/风险管理/imgs500米间隔161922_副本2/最新四方图/1455_106.524879347_29.6663840398_270_202305.jpg,1455,270,R104C055,渝北区,40,main,ORI中,密集城区,居住主导,稳定
1455_106.524879347_29.6663840398_0_202305.jpg,/Users/catherine/Desktop/风险管理/imgs500米间隔161922_副本2/最新四方图/1455_106.524879347_29.6663840398_0_202305.jpg,1455,0,R104C055,渝北区,40,main,ORI中,密集城区,居住主导,稳定
1455_106.524879347_29.6663840398_180_202305.jpg,/Users/catherine/Desktop/风险管理/imgs500米间隔161922_副本2/最新四方图/1455_106.524879347_29.6663840398_180_202305.jpg,1455,180,R104C055,渝北区,40,main,ORI中,密集城区,居住主导,稳定
1446_106.531155806_29.6644910878_180_202305.jpg,/Users/catherine/Desktop/风险管理/imgs500米间隔161922_副本2/最新四方图/1446_106.531155806_29.6644910878_180_202305.jpg,1446,180,R104C056,渝北区,22,main,ORI低,一般建成区,混合/非居住,稳定
1446_106.531155806_29.6644910878_270_202305.jpg,/Users/catherine/Desktop/风险管理/imgs500米间隔161922_副本2/最新四方图/1446_106.531155806_29.6644910878_270_202305.jpg,1446,270,R104C056,渝北区,22,main,ORI低,一般建成区,混合/非居住,稳定
1446_106.531155806_29.6644910878_90_202305.jpg,/Users/catherine/Desktop/风险管理/imgs500米间隔161922_副本2/最新四方图/1446_106.531155806_29.6644910878_90_202305.jpg,1446,90,R104C056,渝北区,22,main,ORI低,一般建成区,混合/非居住,稳定
1446_106.531155806_29.6644910878_0_202305.jpg,/Users/catherine/Desktop/风险管理/imgs500米间隔161922_副本2/最新四方图/1446_106.531155806_29.6644910878_0_202305.jpg,1446,0,R104C056,渝北区,22,main,ORI低,一般建成区,混合/非居住,稳定
1507_106.556529995_29.6637990352_270_202305.jpg,/Users/catherine/Desktop/风险管理/imgs500米间隔161922_副本2/最新四方图/1507_106.556529995_29.6637990352_270_202305.jpg,1507,270,R104C061,渝北区,41,main,ORI中,密集城区,居住主导,稳定
1507_106.556529995_29.6637990352_90_202305.jpg,/Users/catherine/Desktop/风险管理/imgs500米间隔161922_副本2/最新四方图/1507_106.556529995_29.6637990352_90_202305.jpg,1507,90,R104C061,渝北区,41,main,ORI中,密集城区,居住主导,稳定
1507_106.556529995_29.6637990352_180_202305.jpg,/Users/catherine/Desktop/风险管理/imgs500米间隔161922_副本2/最新四方图/1507_106.556529995_29.6637990352_180_202305.jpg,1507,180,R104C061,渝北区,41,main,ORI中,密集城区,居住主导,稳定
1507_106.556529995_29.6637990352_0_202305.jpg,/Users/catherine/Desktop/风险管理/imgs500米间隔161922_副本2/最新四方图/1507_106.556529995_29.6637990352_0_202305.jpg,1507,0,R104C061,渝北区,41,main,ORI中,密集城区,居住主导,稳定
4814_106.74763032_29.6625859552_180_202305.jpg,/Users/catherine/Desktop/风险管理/imgs500米间隔161922_副本2/最新四方图/4814_106.74763032_29.6625859552_180_202305.jpg,4814,180,R104C098,渝北区,66,main,ORI中,密集城区,混合/非居住,稳定
4814_106.74763032_29.6625859552_270_202305.jpg,/Users/catherine/Desktop/风险管理/imgs500米间隔161922_副本2/最新四方图/4814_106.74763032_29.6625859552_270_202305.jpg,4814,270,R104C098,渝北区,66,main,ORI中,密集城区,混合/非居住,稳定
4814_106.74763032_29.6625859552_90_202305.jpg,/Users/catherine/Desktop/风险管理/imgs500米间隔161922_副本2/最新四方图/4814_106.74763032_29.6625859552_90_202305.jpg,4814,90,R104C098,渝北区,66,main,ORI中,密集城区,混合/非居住,稳定
4814_106.74763032_29.6625859552_0_202305.jpg,/Users/catherine/Desktop/风险管理/imgs500米间隔161922_副本2/最新四方图/4814_106.74763032_29.6625859552_0_202305.jpg,4814,0,R104C098,渝北区,66,main,ORI中,密集城区,混合/非居住,稳定
9812_106.753904579_29.6636333919_180_202305.jpg,/Users/catherine/Desktop/风险管理/imgs500米间隔161922_副本2/最新四方图/9812_106.753904579_29.6636333919_180_202305.jpg,9812,180,R104C099,渝北区,49,main,ORI中,一般建成区,混合/非居住,稳定
9812_106.753904579_29.6636333919_90_202305.jpg,/Users/catherine/Desktop/风险管理/imgs500米间隔161922_副本2/最新四方图/9812_106.753904579_29.6636333919_90_202305.jpg,9812,90,R104C099,渝北区,49,main,ORI中,一般建成区,混合/非居住,稳定
9812_106.753904579_29.6636333919_270_202305.jpg,/Users/catherine/Desktop/风险管理/imgs500米间隔161922_副本2/最新四方图/9812_106.753904579_29.6636333919_270_202305.jpg,9812,270,R104C099,渝北区,49,main,ORI中,一般建成区,混合/非居住,稳定
9812_106.753904579_29.6636333919_0_202305.jpg,/Users/catherine/Desktop/风险管理/imgs500米间隔161922_副本2/最新四方图/9812_106.753904579_29.6636333919_0_202305.jpg,9812,0,R104C099,渝北区,49,main,ORI中,一般建成区,混合/非居住,稳定
11408_106.370061021_29.6649870275_90_202305.jpg,/Users/catherine/Desktop/风险管理/imgs500米间隔161922_副本2/最新四方图/11408_106.370061021_29.6649870275_90_202305.jpg,11408,90,R105C025,沙坪坝区,391,sensitivity,ORI低,一般建成区,混合/非居住,显著变化
11408_106.370061021_29.6649870275_270_202305.jpg,/Users/catherine/Desktop/风险管理/imgs500米间隔161922_副本2/最新四方图/11408_106.370061021_29.6649870275_270_202305.jpg,11408,270,R105C025,沙坪坝区,391,sensitivity,ORI低,一般建成区,混合/非居住,显著变化
11408_106.370061021_29.6649870275_180_202305.jpg,/Users/catherine/Desktop/风险管理/imgs500米间隔161922_副本2/最新四方图/11408_106.370061021_29.6649870275_180_202305.jpg,11408,180,R105C025,沙坪坝区,391,sensitivity,ORI低,一般建成区,混合/非居住,显著变化
11408_106.370061021_29.6649870275_0_202305.jpg,/Users/catherine/Desktop/风险管理/imgs500米间隔161922_副本2/最新四方图/11408_106.370061021_29.6649870275_0_202305.jpg,11408,0,R105C025,沙坪坝区,391,sensitivity,ORI低,一般建成区,混合/非居住,显著变化
20389_106.612563898_29.6587735407_0_202305.jpg,/Users/catherine/Desktop/风险管理/imgs500米间隔161922_副本2/最新四方图/20389_106.612563898_29.6587735407_0_202305.jpg,20389,0,R105C072,渝北区,79,main,ORI高,密集城区,混合/非居住,稳定
20389_106.612563898_29.6587735407_180_202305.jpg,/Users/catherine/Desktop/风险管理/imgs500米间隔161922_副本2/最新四方图/20389_106.612563898_29.6587735407_180_202305.jpg,20389,180,R105C072,渝北区,79,main,ORI高,密集城区,混合/非居住,稳定
20389_106.612563898_29.6587735407_90_202305.jpg,/Users/catherine/Desktop/风险管理/imgs500米间隔161922_副本2/最新四方图/20389_106.612563898_29.6587735407_90_202305.jpg,20389,90,R105C072,渝北区,79,main,ORI高,密集城区,混合/非居住,稳定
20389_106.612563898_29.6587735407_270_202305.jpg,/Users/catherine/Desktop/风险管理/imgs500米间隔161922_副本2/最新四方图/20389_106.612563898_29.6587735407_270_202305.jpg,20389,270,R105C072,渝北区,79,main,ORI高,密集城区,混合/非居住,稳定
19168_106.618374023_29.6613611757_180_202305.jpg,/Users/catherine/Desktop/风险管理/imgs500米间隔161922_副本2/最新四方图/19168_106.618374023_29.6613611757_180_202305.jpg,19168,180,R105C073,渝北区,85,main,ORI高,密集城区,混合/非居住,稳定
19168_106.618374023_29.6613611757_0_202305.jpg,/Users/catherine/Desktop/风险管理/imgs500米间隔161922_副本2/最新四方图/19168_106.618374023_29.6613611757_0_202305.jpg,19168,0,R105C073,渝北区,85,main,ORI高,密集城区,混合/非居住,稳定
19168_106.618374023_29.6613611757_270_202305.jpg,/Users/catherine/Desktop/风险管理/imgs500米间隔161922_副本2/最新四方图/19168_106.618374023_29.6613611757_270_202305.jpg,19168,270,R105C073,渝北区,85,main,ORI高,密集城区,混合/非居住,稳定
19168_106.618374023_29.6613611757_90_202305.jpg,/Users/catherine/Desktop/风险管理/imgs500米间隔161922_副本2/最新四方图/19168_106.618374023_29.6613611757_90_202305.jpg,19168,90,R105C073,渝北区,85,main,ORI高,密集城区,混合/非居住,稳定
15168_106.661573953_29.6583128009_270_202305.jpg,/Users/catherine/Desktop/风险管理/imgs500米间隔161922_副本2/最新四方图/15168_106.661573953_29.6583128009_270_202305.jpg,15168,270,R105C081,渝北区,33,main,ORI低,密集城区,居住主导,稳定
15168_106.661573953_29.6583128009_0_202305.jpg,/Users/catherine/Desktop/风险管理/imgs500米间隔161922_副本2/最新四方图/15168_106.661573953_29.6583128009_0_202305.jpg,15168,0,R105C081,渝北区,33,main,ORI低,密集城区,居住主导,稳定
15168_106.661573953_29.6583128009_180_202305.jpg,/Users/catherine/Desktop/风险管理/imgs500米间隔161922_副本2/最新四方图/15168_106.661573953_29.6583128009_180_202305.jpg,15168,180,R105C081,渝北区,33,main,ORI低,密集城区,居住主导,稳定
15168_106.661573953_29.6583128009_90_202305.jpg,/Users/catherine/Desktop/风险管理/imgs500米间隔161922_副本2/最新四方图/15168_106.661573953_29.6583128009_90_202305.jpg,15168,90,R105C081,渝北区,33,main,ORI低,密集城区,居住主导,稳定
11139_106.733845877_29.6564460568_180_202305.jpg,/Users/catherine/Desktop/风险管理/imgs500米间隔161922_副本2/最新四方图/11139_106.733845877_29.6564460568_180_202305.jpg,11139,180,R105C095,江北区,253,main,ORI中,密集城区,居住主导,稳定
11139_106.733845877_29.6564460568_90_202305.jpg,/Users/catherine/Desktop/风险管理/imgs500米间隔161922_副本2/最新四方图/11139_106.733845877_29.6564460568_90_202305.jpg,11139,90,R105C095,江北区,253,main,ORI中,密集城区,居住主导,稳定
11139_106.733845877_29.6564460568_270_202305.jpg,/Users/catherine/Desktop/风险管理/imgs500米间隔161922_副本2/最新四方图/11139_106.733845877_29.6564460568_270_202305.jpg,11139,270,R105C095,江北区,253,main,ORI中,密集城区,居住主导,稳定
11139_106.733845877_29.6564460568_0_202305.jpg,/Users/catherine/Desktop/风险管理/imgs500米间隔161922_副本2/最新四方图/11139_106.733845877_29.6564460568_0_202305.jpg,11139,0,R105C095,江北区,253,main,ORI中,密集城区,居住主导,稳定
5539_106.73923962_29.66068892_270_202305.jpg,/Users/catherine/Desktop/风险管理/imgs500米间隔161922_副本2/最新四方图/5539_106.73923962_29.66068892_270_202305.jpg,5539,270,R105C096,江北区,245,main,ORI低,一般建成区,居住主导,稳定
5539_106.73923962_29.66068892_0_202305.jpg,/Users/catherine/Desktop/风险管理/imgs500米间隔161922_副本2/最新四方图/5539_106.73923962_29.66068892_0_202305.jpg,5539,0,R105C096,江北区,245,main,ORI低,一般建成区,居住主导,稳定
5539_106.73923962_29.66068892_180_202305.jpg,/Users/catherine/Desktop/风险管理/imgs500米间隔161922_副本2/最新四方图/5539_106.73923962_29.66068892_180_202305.jpg,5539,180,R105C096,江北区,245,main,ORI低,一般建成区,居住主导,稳定
5539_106.73923962_29.66068892_90_202305.jpg,/Users/catherine/Desktop/风险管理/imgs500米间隔161922_副本2/最新四方图/5539_106.73923962_29.66068892_90_202305.jpg,5539,90,R105C096,江北区,245,main,ORI低,一般建成区,居住主导,稳定
9650_106.766983189_29.6581433076_90_202305.jpg,/Users/catherine/Desktop/风险管理/imgs500米间隔161922_副本2/最新四方图/9650_106.766983189_29.6581433076_90_202305.jpg,9650,90,R105C101,江北区,258,main,ORI中,一般建成区,无/极少建筑,稳定
9650_106.766983189_29.6581433076_180_202305.jpg,/Users/catherine/Desktop/风险管理/imgs500米间隔161922_副本2/最新四方图/9650_106.766983189_29.6581433076_180_202305.jpg,9650,180,R105C101,江北区,258,main,ORI中,一般建成区,无/极少建筑,稳定
9650_106.766983189_29.6581433076_0_202305.jpg,/Users/catherine/Desktop/风险管理/imgs500米间隔161922_副本2/最新四方图/9650_106.766983189_29.6581433076_0_202305.jpg,9650,0,R105C101,江北区,258,main,ORI中,一般建成区,无/极少建筑,稳定
9650_106.766983189_29.6581433076_270_202305.jpg,/Users/catherine/Desktop/风险管理/imgs500米间隔161922_副本2/最新四方图/9650_106.766983189_29.6581433076_270_202305.jpg,9650,270,R105C101,江北区,258,main,ORI中,一般建成区,无/极少建筑,稳定
17452_106.382282041_29.6563545184_270_202305.jpg,/Users/catherine/Desktop/风险管理/imgs500米间隔161922_副本2/最新四方图/17452_106.382282041_29.6563545184_270_202305.jpg,17452,270,R106C027,沙坪坝区,211,main,ORI中,密集城区,混合/非居住,基本稳定-局部变化
17452_106.382282041_29.6563545184_90_202305.jpg,/Users/catherine/Desktop/风险管理/imgs500米间隔161922_副本2/最新四方图/17452_106.382282041_29.6563545184_90_202305.jpg,17452,90,R106C027,沙坪坝区,211,main,ORI中,密集城区,混合/非居住,基本稳定-局部变化
17452_106.382282041_29.6563545184_0_202305.jpg,/Users/catherine/Desktop/风险管理/imgs500米间隔161922_副本2/最新四方图/17452_106.382282041_29.6563545184_0_202305.jpg,17452,0,R106C027,沙坪坝区,211,main,ORI中,密集城区,混合/非居住,基本稳定-局部变化
17452_106.382282041_29.6563545184_180_202305.jpg,/Users/catherine/Desktop/风险管理/imgs500米间隔161922_副本2/最新四方图/17452_106.382282041_29.6563545184_180_202305.jpg,17452,180,R106C027,沙坪坝区,211,main,ORI中,密集城区,混合/非居住,基本稳定-局部变化
12638_106.453693954_29.6597201953_270_202305.jpg,/Users/catherine/Desktop/风险管理/imgs500米间隔161922_副本2/最新四方图/12638_106.453693954_29.6597201953_270_202305.jpg,12638,270,R106C041,沙坪坝区,205,main,ORI中,密集城区,混合/非居住,稳定
12638_106.453693954_29.6597201953_180_202305.jpg,/Users/catherine/Desktop/风险管理/imgs500米间隔161922_副本2/最新四方图/12638_106.453693954_29.6597201953_180_202305.jpg,12638,180,R106C041,沙坪坝区,205,main,ORI中,密集城区,混合/非居住,稳定
12638_106.453693954_29.6597201953_0_202305.jpg,/Users/catherine/Desktop/风险管理/imgs500米间隔161922_副本2/最新四方图/12638_106.453693954_29.6597201953_0_202305.jpg,12638,0,R106C041,沙坪坝区,205,main,ORI中,密集城区,混合/非居住,稳定
12638_106.453693954_29.6597201953_90_202305.jpg,/Users/catherine/Desktop/风险管理/imgs500米间隔161922_副本2/最新四方图/12638_106.453693954_29.6597201953_90_202305.jpg,12638,90,R106C041,沙坪坝区,205,main,ORI中,密集城区,混合/非居住,稳定
14694_106.532306433_29.65560069_270_202305.jpg,/Users/catherine/Desktop/风险管理/imgs500米间隔161922_副本2/最新四方图/14694_106.532306433_29.65560069_270_202305.jpg,14694,270,R106C056,渝北区,90,main,ORI高,密集城区,居住主导,稳定
14694_106.532306433_29.65560069_90_202305.jpg,/Users/catherine/Desktop/风险管理/imgs500米间隔161922_副本2/最新四方图/14694_106.532306433_29.65560069_90_202305.jpg,14694,90,R106C056,渝北区,90,main,ORI高,密集城区,居住主导,稳定
14694_106.532306433_29.65560069_0_202305.jpg,/Users/catherine/Desktop/风险管理/imgs500米间隔161922_副本2/最新四方图/14694_106.532306433_29.65560069_0_202305.jpg,14694,0,R106C056,渝北区,90,main,ORI高,密集城区,居住主导,稳定
14694_106.532306433_29.65560069_180_202305.jpg,/Users/catherine/Desktop/风险管理/imgs500米间隔161922_副本2/最新四方图/14694_106.532306433_29.65560069_180_202305.jpg,14694,180,R106C056,渝北区,90,main,ORI高,密集城区,居住主导,稳定
12929_106.545377723_29.658001203_90_202305.jpg,/Users/catherine/Desktop/风险管理/imgs500米间隔161922_副本2/最新四方图/12929_106.545377723_29.658001203_90_202305.jpg,12929,90,R106C058,渝北区,58,main,ORI中,密集城区,混合/非居住,稳定
12929_106.545377723_29.658001203_270_202305.jpg,/Users/catherine/Desktop/风险管理/imgs500米间隔161922_副本2/最新四方图/12929_106.545377723_29.658001203_270_202305.jpg,12929,270,R106C058,渝北区,58,main,ORI中,密集城区,混合/非居住,稳定
12929_106.545377723_29.658001203_0_202305.jpg,/Users/catherine/Desktop/风险管理/imgs500米间隔161922_副本2/最新四方图/12929_106.545377723_29.658001203_0_202305.jpg,12929,0,R106C058,渝北区,58,main,ORI中,密集城区,混合/非居住,稳定
12929_106.545377723_29.658001203_180_202305.jpg,/Users/catherine/Desktop/风险管理/imgs500米间隔161922_副本2/最新四方图/12929_106.545377723_29.658001203_180_202305.jpg,12929,180,R106C058,渝北区,58,main,ORI中,密集城区,混合/非居住,稳定
1423_106.548466612_29.6570140543_0_202305.jpg,/Users/catherine/Desktop/风险管理/imgs500米间隔161922_副本2/最新四方图/1423_106.548466612_29.6570140543_0_202305.jpg,1423,0,R106C059,渝北区,60,main,ORI中,密集城区,居住主导,稳定
1423_106.548466612_29.6570140543_270_202305.jpg,/Users/catherine/Desktop/风险管理/imgs500米间隔161922_副本2/最新四方图/1423_106.548466612_29.6570140543_270_202305.jpg,1423,270,R106C059,渝北区,60,main,ORI中,密集城区,居住主导,稳定
1423_106.548466612_29.6570140543_90_202305.jpg,/Users/catherine/Desktop/风险管理/imgs500米间隔161922_副本2/最新四方图/1423_106.548466612_29.6570140543_90_202305.jpg,1423,90,R106C059,渝北区,60,main,ORI中,密集城区,居住主导,稳定
1423_106.548466612_29.6570140543_180_202305.jpg,/Users/catherine/Desktop/风险管理/imgs500米间隔161922_副本2/最新四方图/1423_106.548466612_29.6570140543_180_202305.jpg,1423,180,R106C059,渝北区,60,main,ORI中,密集城区,居住主导,稳定
6423_106.746851476_29.6523804473_0_202305.jpg,/Users/catherine/Desktop/风险管理/imgs500米间隔161922_副本2/最新四方图/6423_106.746851476_29.6523804473_0_202305.jpg,6423,0,R106C098,江北区,249,main,ORI低,一般建成区,混合/非居住,稳定
6423_106.746851476_29.6523804473_270_202305.jpg,/Users/catherine/Desktop/风险管理/imgs500米间隔161922_副本2/最新四方图/6423_106.746851476_29.6523804473_270_202305.jpg,6423,270,R106C098,江北区,249,main,ORI低,一般建成区,混合/非居住,稳定
6423_106.746851476_29.6523804473_90_202305.jpg,/Users/catherine/Desktop/风险管理/imgs500米间隔161922_副本2/最新四方图/6423_106.746851476_29.6523804473_90_202305.jpg,6423,90,R106C098,江北区,249,main,ORI低,一般建成区,混合/非居住,稳定
6423_106.746851476_29.6523804473_180_202305.jpg,/Users/catherine/Desktop/风险管理/imgs500米间隔161922_副本2/最新四方图/6423_106.746851476_29.6523804473_180_202305.jpg,6423,180,R106C098,江北区,249,main,ORI低,一般建成区,混合/非居住,稳定
5735_106.752530456_29.6518767701_0_202305.jpg,/Users/catherine/Desktop/风险管理/imgs500米间隔161922_副本2/最新四方图/5735_106.752530456_29.6518767701_0_202305.jpg,5735,0,R106C099,江北区,251,main,ORI低,乡村/自然,无/极少建筑,基本稳定-局部变化
5735_106.752530456_29.6518767701_270_202305.jpg,/Users/catherine/Desktop/风险管理/imgs500米间隔161922_副本2/最新四方图/5735_106.752530456_29.6518767701_270_202305.jpg,5735,270,R106C099,江北区,251,main,ORI低,乡村/自然,无/极少建筑,基本稳定-局部变化
5735_106.752530456_29.6518767701_90_202305.jpg,/Users/catherine/Desktop/风险管理/imgs500米间隔161922_副本2/最新四方图/5735_106.752530456_29.6518767701_90_202305.jpg,5735,90,R106C099,江北区,251,main,ORI低,乡村/自然,无/极少建筑,基本稳定-局部变化
5735_106.752530456_29.6518767701_180_202305.jpg,/Users/catherine/Desktop/风险管理/imgs500米间隔161922_副本2/最新四方图/5735_106.752530456_29.6518767701_180_202305.jpg,5735,180,R106C099,江北区,251,main,ORI低,乡村/自然,无/极少建筑,基本稳定-局部变化
9806_106.76960888_29.6521575764_0_202305.jpg,/Users/catherine/Desktop/风险管理/imgs500米间隔161922_副本2/最新四方图/9806_106.76960888_29.6521575764_0_202305.jpg,9806,0,R106C102,江北区,250,main,ORI低,一般建成区,无/极少建筑,基本稳定-局部变化
9806_106.76960888_29.6521575764_270_202305.jpg,/Users/catherine/Desktop/风险管理/imgs500米间隔161922_副本2/最新四方图/9806_106.76960888_29.6521575764_270_202305.jpg,9806,270,R106C102,江北区,250,main,ORI低,一般建成区,无/极少建筑,基本稳定-局部变化
9806_106.76960888_29.6521575764_90_202305.jpg,/Users/catherine/Desktop/风险管理/imgs500米间隔161922_副本2/最新四方图/9806_106.76960888_29.6521575764_90_202305.jpg,9806,90,R106C102,江北区,250,main,ORI低,一般建成区,无/极少建筑,基本稳定-局部变化
9806_106.76960888_29.6521575764_180_202305.jpg,/Users/catherine/Desktop/风险管理/imgs500米间隔161922_副本2/最新四方图/9806_106.76960888_29.6521575764_180_202305.jpg,9806,180,R106C102,江北区,250,main,ORI低,一般建成区,无/极少建筑,基本稳定-局部变化
11438_106.377371118_29.6521450806_180_202305.jpg,/Users/catherine/Desktop/风险管理/imgs500米间隔161922_副本2/最新四方图/11438_106.377371118_29.6521450806_180_202305.jpg,11438,180,R107C026,沙坪坝区,382,sensitivity,ORI中,密集城区,混合/非居住,显著变化
11438_106.377371118_29.6521450806_90_202305.jpg,/Users/catherine/Desktop/风险管理/imgs500米间隔161922_副本2/最新四方图/11438_106.377371118_29.6521450806_90_202305.jpg,11438,90,R107C026,沙坪坝区,382,sensitivity,ORI中,密集城区,混合/非居住,显著变化
11438_106.377371118_29.6521450806_0_202305.jpg,/Users/catherine/Desktop/风险管理/imgs500米间隔161922_副本2/最新四方图/11438_106.377371118_29.6521450806_0_202305.jpg,11438,0,R107C026,沙坪坝区,382,sensitivity,ORI中,密集城区,混合/非居住,显著变化
11438_106.377371118_29.6521450806_270_202305.jpg,/Users/catherine/Desktop/风险管理/imgs500米间隔161922_副本2/最新四方图/11438_106.377371118_29.6521450806_270_202305.jpg,11438,270,R107C026,沙坪坝区,382,sensitivity,ORI中,密集城区,混合/非居住,显著变化
8244_106.478965917_29.6536908723_270_202305.jpg,/Users/catherine/Desktop/风险管理/imgs500米间隔161922_副本2/最新四方图/8244_106.478965917_29.6536908723_270_202305.jpg,8244,270,R107C046,渝北区,69,main,ORI中,密集城区,居住主导,稳定
8244_106.478965917_29.6536908723_0_202305.jpg,/Users/catherine/Desktop/风险管理/imgs500米间隔161922_副本2/最新四方图/8244_106.478965917_29.6536908723_0_202305.jpg,8244,0,R107C046,渝北区,69,main,ORI中,密集城区,居住主导,稳定
8244_106.478965917_29.6536908723_180_202305.jpg,/Users/catherine/Desktop/风险管理/imgs500米间隔161922_副本2/最新四方图/8244_106.478965917_29.6536908723_180_202305.jpg,8244,180,R107C046,渝北区,69,main,ORI中,密集城区,居住主导,稳定
8244_106.478965917_29.6536908723_90_202305.jpg,/Users/catherine/Desktop/风险管理/imgs500米间隔161922_副本2/最新四方图/8244_106.478965917_29.6536908723_90_202305.jpg,8244,90,R107C046,渝北区,69,main,ORI中,密集城区,居住主导,稳定
1437_106.556730282_29.6540531665_270_202305.jpg,/Users/catherine/Desktop/风险管理/imgs500米间隔161922_副本2/最新四方图/1437_106.556730282_29.6540531665_270_202305.jpg,1437,270,R107C061,渝北区,54,main,ORI中,密集城区,居住主导,稳定
1437_106.556730282_29.6540531665_90_202305.jpg,/Users/catherine/Desktop/风险管理/imgs500米间隔161922_副本2/最新四方图/1437_106.556730282_29.6540531665_90_202305.jpg,1437,90,R107C061,渝北区,54,main,ORI中,密集城区,居住主导,稳定
1437_106.556730282_29.6540531665_0_202305.jpg,/Users/catherine/Desktop/风险管理/imgs500米间隔161922_副本2/最新四方图/1437_106.556730282_29.6540531665_0_202305.jpg,1437,0,R107C061,渝北区,54,main,ORI中,密集城区,居住主导,稳定
1437_106.556730282_29.6540531665_180_202305.jpg,/Users/catherine/Desktop/风险管理/imgs500米间隔161922_副本2/最新四方图/1437_106.556730282_29.6540531665_180_202305.jpg,1437,180,R107C061,渝北区,54,main,ORI中,密集城区,居住主导,稳定
20387_106.605242408_29.6525473302_180_202305.jpg,/Users/catherine/Desktop/风险管理/imgs500米间隔161922_副本2/最新四方图/20387_106.605242408_29.6525473302_180_202305.jpg,20387,180,R107C070,渝北区,103,main,ORI高,密集城区,混合/非居住,稳定
20387_106.605242408_29.6525473302_90_202305.jpg,/Users/catherine/Desktop/风险管理/imgs500米间隔161922_副本2/最新四方图/20387_106.605242408_29.6525473302_90_202305.jpg,20387,90,R107C070,渝北区,103,main,ORI高,密集城区,混合/非居住,稳定
20387_106.605242408_29.6525473302_270_202305.jpg,/Users/catherine/Desktop/风险管理/imgs500米间隔161922_副本2/最新四方图/20387_106.605242408_29.6525473302_270_202305.jpg,20387,270,R107C070,渝北区,103,main,ORI高,密集城区,混合/非居住,稳定
20387_106.605242408_29.6525473302_0_202305.jpg,/Users/catherine/Desktop/风险管理/imgs500米间隔161922_副本2/最新四方图/20387_106.605242408_29.6525473302_0_202305.jpg,20387,0,R107C070,渝北区,103,main,ORI高,密集城区,混合/非居住,稳定
19185_106.613407161_29.6522730447_180_202305.jpg,/Users/catherine/Desktop/风险管理/imgs500米间隔161922_副本2/最新四方图/19185_106.613407161_29.6522730447_180_202305.jpg,19185,180,R107C072,渝北区,57,main,ORI中,密集城区,混合/非居住,稳定
19185_106.613407161_29.6522730447_90_202305.jpg,/Users/catherine/Desktop/风险管理/imgs500米间隔161922_副本2/最新四方图/19185_106.613407161_29.6522730447_90_202305.jpg,19185,90,R107C072,渝北区,57,main,ORI中,密集城区,混合/非居住,稳定
19185_106.613407161_29.6522730447_270_202305.jpg,/Users/catherine/Desktop/风险管理/imgs500米间隔161922_副本2/最新四方图/19185_106.613407161_29.6522730447_270_202305.jpg,19185,270,R107C072,渝北区,57,main,ORI中,密集城区,混合/非居住,稳定
19185_106.613407161_29.6522730447_0_202305.jpg,/Users/catherine/Desktop/风险管理/imgs500米间隔161922_副本2/最新四方图/19185_106.613407161_29.6522730447_0_202305.jpg,19185,0,R107C072,渝北区,57,main,ORI中,密集城区,混合/非居住,稳定
11203_106.646792892_29.6502826887_180_202305.jpg,/Users/catherine/Desktop/风险管理/imgs500米间隔161922_副本2/最新四方图/11203_106.646792892_29.6502826887_180_202305.jpg,11203,180,R107C078,渝北区,14,main,ORI低,一般建成区,无/极少建筑,基本稳定-局部变化
11203_106.646792892_29.6502826887_90_202305.jpg,/Users/catherine/Desktop/风险管理/imgs500米间隔161922_副本2/最新四方图/11203_106.646792892_29.6502826887_90_202305.jpg,11203,90,R107C078,渝北区,14,main,ORI低,一般建成区,无/极少建筑,基本稳定-局部变化
11203_106.646792892_29.6502826887_270_202305.jpg,/Users/catherine/Desktop/风险管理/imgs500米间隔161922_副本2/最新四方图/11203_106.646792892_29.6502826887_270_202305.jpg,11203,270,R107C078,渝北区,14,main,ORI低,一般建成区,无/极少建筑,基本稳定-局部变化
11203_106.646792892_29.6502826887_0_202305.jpg,/Users/catherine/Desktop/风险管理/imgs500米间隔161922_副本2/最新四方图/11203_106.646792892_29.6502826887_0_202305.jpg,11203,0,R107C078,渝北区,14,main,ORI低,一般建成区,无/极少建筑,基本稳定-局部变化
5739_106.730776918_29.6492760551_90_202305.jpg,/Users/catherine/Desktop/风险管理/imgs500米间隔161922_副本2/最新四方图/5739_106.730776918_29.6492760551_90_202305.jpg,5739,90,R107C094,江北区,248,main,ORI低,一般建成区,无/极少建筑,基本稳定-局部变化
5739_106.730776918_29.6492760551_180_202305.jpg,/Users/catherine/Desktop/风险管理/imgs500米间隔161922_副本2/最新四方图/5739_106.730776918_29.6492760551_180_202305.jpg,5739,180,R107C094,江北区,248,main,ORI低,一般建成区,无/极少建筑,基本稳定-局部变化
5739_106.730776918_29.6492760551_0_202305.jpg,/Users/catherine/Desktop/风险管理/imgs500米间隔161922_副本2/最新四方图/5739_106.730776918_29.6492760551_0_202305.jpg,5739,0,R107C094,江北区,248,main,ORI低,一般建成区,无/极少建筑,基本稳定-局部变化
5739_106.730776918_29.6492760551_270_202305.jpg,/Users/catherine/Desktop/风险管理/imgs500米间隔161922_副本2/最新四方图/5739_106.730776918_29.6492760551_270_202305.jpg,5739,270,R107C094,江北区,248,main,ORI低,一般建成区,无/极少建筑,基本稳定-局部变化
11141_106.746633842_29.6491407393_180_202305.jpg,/Users/catherine/Desktop/风险管理/imgs500米间隔161922_副本2/最新四方图/11141_106.746633842_29.6491407393_180_202305.jpg,11141,180,R107C097,江北区,371,sensitivity,ORI高,密集城区,混合/非居住,显著变化
11141_106.746633842_29.6491407393_90_202305.jpg,/Users/catherine/Desktop/风险管理/imgs500米间隔161922_副本2/最新四方图/11141_106.746633842_29.6491407393_90_202305.jpg,11141,90,R107C097,江北区,371,sensitivity,ORI高,密集城区,混合/非居住,显著变化
11141_106.746633842_29.6491407393_0_202305.jpg,/Users/catherine/Desktop/风险管理/imgs500米间隔161922_副本2/最新四方图/11141_106.746633842_29.6491407393_0_202305.jpg,11141,0,R107C097,江北区,371,sensitivity,ORI高,密集城区,混合/非居住,显著变化
11141_106.746633842_29.6491407393_270_202305.jpg,/Users/catherine/Desktop/风险管理/imgs500米间隔161922_副本2/最新四方图/11141_106.746633842_29.6491407393_270_202305.jpg,11141,270,R107C097,江北区,371,sensitivity,ORI高,密集城区,混合/非居住,显著变化
6137_106.372825581_29.6491924123_270_202305.jpg,/Users/catherine/Desktop/风险管理/imgs500米间隔161922_副本2/最新四方图/6137_106.372825581_29.6491924123_270_202305.jpg,6137,270,R108C025,沙坪坝区,220,main,ORI中,一般建成区,混合/非居住,基本稳定-局部变化
6137_106.372825581_29.6491924123_180_202305.jpg,/Users/catherine/Desktop/风险管理/imgs500米间隔161922_副本2/最新四方图/6137_106.372825581_29.6491924123_180_202305.jpg,6137,180,R108C025,沙坪坝区,220,main,ORI中,一般建成区,混合/非居住,基本稳定-局部变化
6137_106.372825581_29.6491924123_90_202305.jpg,/Users/catherine/Desktop/风险管理/imgs500米间隔161922_副本2/最新四方图/6137_106.372825581_29.6491924123_90_202305.jpg,6137,90,R108C025,沙坪坝区,220,main,ORI中,一般建成区,混合/非居住,基本稳定-局部变化
6137_106.372825581_29.6491924123_0_202305.jpg,/Users/catherine/Desktop/风险管理/imgs500米间隔161922_副本2/最新四方图/6137_106.372825581_29.6491924123_0_202305.jpg,6137,0,R108C025,沙坪坝区,220,main,ORI中,一般建成区,混合/非居住,基本稳定-局部变化
11233_106.471547137_29.6474786117_180_202305.jpg,/Users/catherine/Desktop/风险管理/imgs500米间隔161922_副本2/最新四方图/11233_106.471547137_29.6474786117_180_202305.jpg,11233,180,R108C044,渝北区,379,sensitivity,ORI中,一般建成区,居住主导,显著变化
11233_106.471547137_29.6474786117_0_202305.jpg,/Users/catherine/Desktop/风险管理/imgs500米间隔161922_副本2/最新四方图/11233_106.471547137_29.6474786117_0_202305.jpg,11233,0,R108C044,渝北区,379,sensitivity,ORI中,一般建成区,居住主导,显著变化
11233_106.471547137_29.6474786117_90_202305.jpg,/Users/catherine/Desktop/风险管理/imgs500米间隔161922_副本2/最新四方图/11233_106.471547137_29.6474786117_90_202305.jpg,11233,90,R108C044,渝北区,379,sensitivity,ORI中,一般建成区,居住主导,显著变化
11233_106.471547137_29.6474786117_270_202305.jpg,/Users/catherine/Desktop/风险管理/imgs500米间隔161922_副本2/最新四方图/11233_106.471547137_29.6474786117_270_202305.jpg,11233,270,R108C044,渝北区,379,sensitivity,ORI中,一般建成区,居住主导,显著变化
8245_106.477947855_29.6486333729_180_202305.jpg,/Users/catherine/Desktop/风险管理/imgs500米间隔161922_副本2/最新四方图/8245_106.477947855_29.6486333729_180_202305.jpg,8245,180,R108C045,渝北区,389,sensitivity,ORI低,一般建成区,居住主导,显著变化
8245_106.477947855_29.6486333729_0_202305.jpg,/Users/catherine/Desktop/风险管理/imgs500米间隔161922_副本2/最新四方图/8245_106.477947855_29.6486333729_0_202305.jpg,8245,0,R108C045,渝北区,389,sensitivity,ORI低,一般建成区,居住主导,显著变化
8245_106.477947855_29.6486333729_90_202305.jpg,/Users/catherine/Desktop/风险管理/imgs500米间隔161922_副本2/最新四方图/8245_106.477947855_29.6486333729_90_202305.jpg,8245,90,R108C045,渝北区,389,sensitivity,ORI低,一般建成区,居住主导,显著变化
8245_106.477947855_29.6486333729_270_202305.jpg,/Users/catherine/Desktop/风险管理/imgs500米间隔161922_副本2/最新四方图/8245_106.477947855_29.6486333729_270_202305.jpg,8245,270,R108C045,渝北区,389,sensitivity,ORI低,一般建成区,居住主导,显著变化
8219_106.478736329_29.6504533462_270_202305.jpg,/Users/catherine/Desktop/风险管理/imgs500米间隔161922_副本2/最新四方图/8219_106.478736329_29.6504533462_270_202305.jpg,8219,270,R108C046,渝北区,383,sensitivity,ORI中,密集城区,居住主导,显著变化
8219_106.478736329_29.6504533462_90_202305.jpg,/Users/catherine/Desktop/风险管理/imgs500米间隔161922_副本2/最新四方图/8219_106.478736329_29.6504533462_90_202305.jpg,8219,90,R108C046,渝北区,383,sensitivity,ORI中,密集城区,居住主导,显著变化
8219_106.478736329_29.6504533462_0_202305.jpg,/Users/catherine/Desktop/风险管理/imgs500米间隔161922_副本2/最新四方图/8219_106.478736329_29.6504533462_0_202305.jpg,8219,0,R108C046,渝北区,383,sensitivity,ORI中,密集城区,居住主导,显著变化
8219_106.478736329_29.6504533462_180_202305.jpg,/Users/catherine/Desktop/风险管理/imgs500米间隔161922_副本2/最新四方图/8219_106.478736329_29.6504533462_180_202305.jpg,8219,180,R108C046,渝北区,383,sensitivity,ORI中,密集城区,居住主导,显著变化
4550_106.498415087_29.6457651756_180_202305.jpg,/Users/catherine/Desktop/风险管理/imgs500米间隔161922_副本2/最新四方图/4550_106.498415087_29.6457651756_180_202305.jpg,4550,180,R108C049,渝北区,88,main,ORI高,密集城区,混合/非居住,稳定
4550_106.498415087_29.6457651756_0_202305.jpg,/Users/catherine/Desktop/风险管理/imgs500米间隔161922_副本2/最新四方图/4550_106.498415087_29.6457651756_0_202305.jpg,4550,0,R108C049,渝北区,88,main,ORI高,密集城区,混合/非居住,稳定
4550_106.498415087_29.6457651756_90_202305.jpg,/Users/catherine/Desktop/风险管理/imgs500米间隔161922_副本2/最新四方图/4550_106.498415087_29.6457651756_90_202305.jpg,4550,90,R108C049,渝北区,88,main,ORI高,密集城区,混合/非居住,稳定
4550_106.498415087_29.6457651756_270_202305.jpg,/Users/catherine/Desktop/风险管理/imgs500米间隔161922_副本2/最新四方图/4550_106.498415087_29.6457651756_270_202305.jpg,4550,270,R108C049,渝北区,88,main,ORI高,密集城区,混合/非居住,稳定
14681_106.50862826_29.6472134747_180_202305.jpg,/Users/catherine/Desktop/风险管理/imgs500米间隔161922_副本2/最新四方图/14681_106.50862826_29.6472134747_180_202305.jpg,14681,180,R108C051,渝北区,46,main,ORI中,密集城区,居住主导,基本稳定-局部变化
14681_106.50862826_29.6472134747_90_202305.jpg,/Users/catherine/Desktop/风险管理/imgs500米间隔161922_副本2/最新四方图/14681_106.50862826_29.6472134747_90_202305.jpg,14681,90,R108C051,渝北区,46,main,ORI中,密集城区,居住主导,基本稳定-局部变化
14681_106.50862826_29.6472134747_0_202305.jpg,/Users/catherine/Desktop/风险管理/imgs500米间隔161922_副本2/最新四方图/14681_106.50862826_29.6472134747_0_202305.jpg,14681,0,R108C051,渝北区,46,main,ORI中,密集城区,居住主导,基本稳定-局部变化
14681_106.50862826_29.6472134747_270_202305.jpg,/Users/catherine/Desktop/风险管理/imgs500米间隔161922_副本2/最新四方图/14681_106.50862826_29.6472134747_270_202305.jpg,14681,270,R108C051,渝北区,46,main,ORI中,密集城区,居住主导,基本稳定-局部变化
19187_106.606511276_29.6447302879_270_202305.jpg,/Users/catherine/Desktop/风险管理/imgs500米间隔161922_副本2/最新四方图/19187_106.606511276_29.6447302879_270_202305.jpg,19187,270,R108C070,渝北区,84,main,ORI高,密集城区,混合/非居住,基本稳定-局部变化
19187_106.606511276_29.6447302879_90_202305.jpg,/Users/catherine/Desktop/风险管理/imgs500米间隔161922_副本2/最新四方图/19187_106.606511276_29.6447302879_90_202305.jpg,19187,90,R108C070,渝北区,84,main,ORI高,密集城区,混合/非居住,基本稳定-局部变化
19187_106.606511276_29.6447302879_0_202305.jpg,/Users/catherine/Desktop/风险管理/imgs500米间隔161922_副本2/最新四方图/19187_106.606511276_29.6447302879_0_202305.jpg,19187,0,R108C070,渝北区,84,main,ORI高,密集城区,混合/非居住,基本稳定-局部变化
19187_106.606511276_29.6447302879_180_202305.jpg,/Users/catherine/Desktop/风险管理/imgs500米间隔161922_副本2/最新四方图/19187_106.606511276_29.6447302879_180_202305.jpg,19187,180,R108C070,渝北区,84,main,ORI高,密集城区,混合/非居住,基本稳定-局部变化
13438_106.738663985_29.6463016269_270_202305.jpg,/Users/catherine/Desktop/风险管理/imgs500米间隔161922_副本2/最新四方图/13438_106.738663985_29.6463016269_270_202305.jpg,13438,270,R108C096,江北区,265,main,ORI高,密集城区,混合/非居住,基本稳定-局部变化
13438_106.738663985_29.6463016269_0_202305.jpg,/Users/catherine/Desktop/风险管理/imgs500米间隔161922_副本2/最新四方图/13438_106.738663985_29.6463016269_0_202305.jpg,13438,0,R108C096,江北区,265,main,ORI高,密集城区,混合/非居住,基本稳定-局部变化
13438_106.738663985_29.6463016269_180_202305.jpg,/Users/catherine/Desktop/风险管理/imgs500米间隔161922_副本2/最新四方图/13438_106.738663985_29.6463016269_180_202305.jpg,13438,180,R108C096,江北区,265,main,ORI高,密集城区,混合/非居住,基本稳定-局部变化
13438_106.738663985_29.6463016269_90_202305.jpg,/Users/catherine/Desktop/风险管理/imgs500米间隔161922_副本2/最新四方图/13438_106.738663985_29.6463016269_90_202305.jpg,13438,90,R108C096,江北区,265,main,ORI高,密集城区,混合/非居住,基本稳定-局部变化
11142_106.74654875_29.6439742255_270_202305.jpg,/Users/catherine/Desktop/风险管理/imgs500米间隔161922_副本2/最新四方图/11142_106.74654875_29.6439742255_270_202305.jpg,11142,270,R108C097,江北区,372,sensitivity,ORI高,密集城区,混合/非居住,显著变化
11142_106.74654875_29.6439742255_90_202305.jpg,/Users/catherine/Desktop/风险管理/imgs500米间隔161922_副本2/最新四方图/11142_106.74654875_29.6439742255_90_202305.jpg,11142,90,R108C097,江北区,372,sensitivity,ORI高,密集城区,混合/非居住,显著变化
11142_106.74654875_29.6439742255_0_202305.jpg,/Users/catherine/Desktop/风险管理/imgs500米间隔161922_副本2/最新四方图/11142_106.74654875_29.6439742255_0_202305.jpg,11142,0,R108C097,江北区,372,sensitivity,ORI高,密集城区,混合/非居住,显著变化
11142_106.74654875_29.6439742255_180_202305.jpg,/Users/catherine/Desktop/风险管理/imgs500米间隔161922_副本2/最新四方图/11142_106.74654875_29.6439742255_180_202305.jpg,11142,180,R108C097,江北区,372,sensitivity,ORI高,密集城区,混合/非居住,显著变化
8040_106.763544156_29.6429293907_270_202305.jpg,/Users/catherine/Desktop/风险管理/imgs500米间隔161922_副本2/最新四方图/8040_106.763544156_29.6429293907_270_202305.jpg,8040,270,R108C101,江北区,247,main,ORI低,一般建成区,无/极少建筑,基本稳定-局部变化
8040_106.763544156_29.6429293907_90_202305.jpg,/Users/catherine/Desktop/风险管理/imgs500米间隔161922_副本2/最新四方图/8040_106.763544156_29.6429293907_90_202305.jpg,8040,90,R108C101,江北区,247,main,ORI低,一般建成区,无/极少建筑,基本稳定-局部变化
8040_106.763544156_29.6429293907_180_202305.jpg,/Users/catherine/Desktop/风险管理/imgs500米间隔161922_副本2/最新四方图/8040_106.763544156_29.6429293907_180_202305.jpg,8040,180,R108C101,江北区,247,main,ORI低,一般建成区,无/极少建筑,基本稳定-局部变化
8040_106.763544156_29.6429293907_0_202305.jpg,/Users/catherine/Desktop/风险管理/imgs500米间隔161922_副本2/最新四方图/8040_106.763544156_29.6429293907_0_202305.jpg,8040,0,R108C101,江北区,247,main,ORI低,一般建成区,无/极少建筑,基本稳定-局部变化
14811_106.516620984_29.6430589626_270_202305.jpg,/Users/catherine/Desktop/风险管理/imgs500米间隔161922_副本2/最新四方图/14811_106.516620984_29.6430589626_270_202305.jpg,14811,270,R109C053,渝北区,39,main,ORI中,密集城区,居住主导,稳定
14811_106.516620984_29.6430589626_90_202305.jpg,/Users/catherine/Desktop/风险管理/imgs500米间隔161922_副本2/最新四方图/14811_106.516620984_29.6430589626_90_202305.jpg,14811,90,R109C053,渝北区,39,main,ORI中,密集城区,居住主导,稳定
14811_106.516620984_29.6430589626_180_202305.jpg,/Users/catherine/Desktop/风险管理/imgs500米间隔161922_副本2/最新四方图/14811_106.516620984_29.6430589626_180_202305.jpg,14811,180,R109C053,渝北区,39,main,ORI中,密集城区,居住主导,稳定
14811_106.516620984_29.6430589626_0_202305.jpg,/Users/catherine/Desktop/风险管理/imgs500米间隔161922_副本2/最新四方图/14811_106.516620984_29.6430589626_0_202305.jpg,14811,0,R109C053,渝北区,39,main,ORI中,密集城区,居住主导,稳定
21007_106.543103704_29.643395768_0_202305.jpg,/Users/catherine/Desktop/风险管理/imgs500米间隔161922_副本2/最新四方图/21007_106.543103704_29.643395768_0_202305.jpg,21007,0,R109C058,渝北区,100,main,ORI高,密集城区,居住主导,稳定
21007_106.543103704_29.643395768_90_202305.jpg,/Users/catherine/Desktop/风险管理/imgs500米间隔161922_副本2/最新四方图/21007_106.543103704_29.643395768_90_202305.jpg,21007,90,R109C058,渝北区,100,main,ORI高,密集城区,居住主导,稳定
21007_106.543103704_29.643395768_180_202305.jpg,/Users/catherine/Desktop/风险管理/imgs500米间隔161922_副本2/最新四方图/21007_106.543103704_29.643395768_180_202305.jpg,21007,180,R109C058,渝北区,100,main,ORI高,密集城区,居住主导,稳定
21007_106.543103704_29.643395768_270_202305.jpg,/Users/catherine/Desktop/风险管理/imgs500米间隔161922_副本2/最新四方图/21007_106.543103704_29.643395768_270_202305.jpg,21007,270,R109C058,渝北区,100,main,ORI高,密集城区,居住主导,稳定
1429_106.566734404_29.6433172715_270_202305.jpg,/Users/catherine/Desktop/风险管理/imgs500米间隔161922_副本2/最新四方图/1429_106.566734404_29.6433172715_270_202305.jpg,1429,270,R109C063,渝北区,73,main,ORI高,密集城区,混合/非居住,稳定
1429_106.566734404_29.6433172715_0_202305.jpg,/Users/catherine/Desktop/风险管理/imgs500米间隔161922_副本2/最新四方图/1429_106.566734404_29.6433172715_0_202305.jpg,1429,0,R109C063,渝北区,73,main,ORI高,密集城区,混合/非居住,稳定
1429_106.566734404_29.6433172715_180_202305.jpg,/Users/catherine/Desktop/风险管理/imgs500米间隔161922_副本2/最新四方图/1429_106.566734404_29.6433172715_180_202305.jpg,1429,180,R109C063,渝北区,73,main,ORI高,密集城区,混合/非居住,稳定
1429_106.566734404_29.6433172715_90_202305.jpg,/Users/catherine/Desktop/风险管理/imgs500米间隔161922_副本2/最新四方图/1429_106.566734404_29.6433172715_90_202305.jpg,1429,90,R109C063,渝北区,73,main,ORI高,密集城区,混合/非居住,稳定
11442_106.37503191_29.6424356633_0_202305.jpg,/Users/catherine/Desktop/风险管理/imgs500米间隔161922_副本2/最新四方图/11442_106.37503191_29.6424356633_0_202305.jpg,11442,0,R110C026,沙坪坝区,233,main,ORI高,密集城区,混合/非居住,稳定
11442_106.37503191_29.6424356633_180_202305.jpg,/Users/catherine/Desktop/风险管理/imgs500米间隔161922_副本2/最新四方图/11442_106.37503191_29.6424356633_180_202305.jpg,11442,180,R110C026,沙坪坝区,233,main,ORI高,密集城区,混合/非居住,稳定
11442_106.37503191_29.6424356633_270_202305.jpg,/Users/catherine/Desktop/风险管理/imgs500米间隔161922_副本2/最新四方图/11442_106.37503191_29.6424356633_270_202305.jpg,11442,270,R110C026,沙坪坝区,233,main,ORI高,密集城区,混合/非居住,稳定
11442_106.37503191_29.6424356633_90_202305.jpg,/Users/catherine/Desktop/风险管理/imgs500米间隔161922_副本2/最新四方图/11442_106.37503191_29.6424356633_90_202305.jpg,11442,90,R110C026,沙坪坝区,233,main,ORI高,密集城区,混合/非居住,稳定
20455_106.777894333_29.6340591804_90_202305.jpg,/Users/catherine/Desktop/风险管理/imgs500米间隔161922_副本2/最新四方图/20455_106.777894333_29.6340591804_90_202305.jpg,20455,90,R110C104,江北区,254,main,ORI中,密集城区,混合/非居住,基本稳定-局部变化
20455_106.777894333_29.6340591804_180_202305.jpg,/Users/catherine/Desktop/风险管理/imgs500米间隔161922_副本2/最新四方图/20455_106.777894333_29.6340591804_180_202305.jpg,20455,180,R110C104,江北区,254,main,ORI中,密集城区,混合/非居住,基本稳定-局部变化
20455_106.777894333_29.6340591804_270_202305.jpg,/Users/catherine/Desktop/风险管理/imgs500米间隔161922_副本2/最新四方图/20455_106.777894333_29.6340591804_270_202305.jpg,20455,270,R110C104,江北区,254,main,ORI中,密集城区,混合/非居住,基本稳定-局部变化
20455_106.777894333_29.6340591804_0_202305.jpg,/Users/catherine/Desktop/风险管理/imgs500米间隔161922_副本2/最新四方图/20455_106.777894333_29.6340591804_0_202305.jpg,20455,0,R110C104,江北区,254,main,ORI中,密集城区,混合/非居住,基本稳定-局部变化
10860_106.416927756_29.6338529057_180_202305.jpg,/Users/catherine/Desktop/风险管理/imgs500米间隔161922_副本2/最新四方图/10860_106.416927756_29.6338529057_180_202305.jpg,10860,180,R111C034,沙坪坝区,188,main,ORI低,一般建成区,居住主导,稳定
10860_106.416927756_29.6338529057_0_202305.jpg,/Users/catherine/Desktop/风险管理/imgs500米间隔161922_副本2/最新四方图/10860_106.416927756_29.6338529057_0_202305.jpg,10860,0,R111C034,沙坪坝区,188,main,ORI低,一般建成区,居住主导,稳定
10860_106.416927756_29.6338529057_270_202305.jpg,/Users/catherine/Desktop/风险管理/imgs500米间隔161922_副本2/最新四方图/10860_106.416927756_29.6338529057_270_202305.jpg,10860,270,R111C034,沙坪坝区,188,main,ORI低,一般建成区,居住主导,稳定
10860_106.416927756_29.6338529057_90_202305.jpg,/Users/catherine/Desktop/风险管理/imgs500米间隔161922_副本2/最新四方图/10860_106.416927756_29.6338529057_90_202305.jpg,10860,90,R111C034,沙坪坝区,188,main,ORI低,一般建成区,居住主导,稳定
970_106.478654476_29.6361203136_270_202305.jpg,/Users/catherine/Desktop/风险管理/imgs500米间隔161922_副本2/最新四方图/970_106.478654476_29.6361203136_270_202305.jpg,970,270,R111C046,渝北区,83,main,ORI高,密集城区,居住主导,稳定
970_106.478654476_29.6361203136_0_202305.jpg,/Users/catherine/Desktop/风险管理/imgs500米间隔161922_副本2/最新四方图/970_106.478654476_29.6361203136_0_202305.jpg,970,0,R111C046,渝北区,83,main,ORI高,密集城区,居住主导,稳定
970_106.478654476_29.6361203136_180_202305.jpg,/Users/catherine/Desktop/风险管理/imgs500米间隔161922_副本2/最新四方图/970_106.478654476_29.6361203136_180_202305.jpg,970,180,R111C046,渝北区,83,main,ORI高,密集城区,居住主导,稳定
970_106.478654476_29.6361203136_90_202305.jpg,/Users/catherine/Desktop/风险管理/imgs500米间隔161922_副本2/最新四方图/970_106.478654476_29.6361203136_90_202305.jpg,970,90,R111C046,渝北区,83,main,ORI高,密集城区,居住主导,稳定
18967_106.737150575_29.6299598091_90_202305.jpg,/Users/catherine/Desktop/风险管理/imgs500米间隔161922_副本2/最新四方图/18967_106.737150575_29.6299598091_90_202305.jpg,18967,90,R111C096,江北区,266,main,ORI高,密集城区,混合/非居住,稳定
18967_106.737150575_29.6299598091_180_202305.jpg,/Users/catherine/Desktop/风险管理/imgs500米间隔161922_副本2/最新四方图/18967_106.737150575_29.6299598091_180_202305.jpg,18967,180,R111C096,江北区,266,main,ORI高,密集城区,混合/非居住,稳定
18967_106.737150575_29.6299598091_270_202305.jpg,/Users/catherine/Desktop/风险管理/imgs500米间隔161922_副本2/最新四方图/18967_106.737150575_29.6299598091_270_202305.jpg,18967,270,R111C096,江北区,266,main,ORI高,密集城区,混合/非居住,稳定
18967_106.737150575_29.6299598091_0_202305.jpg,/Users/catherine/Desktop/风险管理/imgs500米间隔161922_副本2/最新四方图/18967_106.737150575_29.6299598091_0_202305.jpg,18967,0,R111C096,江北区,266,main,ORI高,密集城区,混合/非居住,稳定
6166_106.381992329_29.6316613824_90_202305.jpg,/Users/catherine/Desktop/风险管理/imgs500米间隔161922_副本2/最新四方图/6166_106.381992329_29.6316613824_90_202305.jpg,6166,90,R112C027,沙坪坝区,239,main,ORI高,密集城区,混合/非居住,稳定
6166_106.381992329_29.6316613824_180_202305.jpg,/Users/catherine/Desktop/风险管理/imgs500米间隔161922_副本2/最新四方图/6166_106.381992329_29.6316613824_180_202305.jpg,6166,180,R112C027,沙坪坝区,239,main,ORI高,密集城区,混合/非居住,稳定
6166_106.381992329_29.6316613824_0_202305.jpg,/Users/catherine/Desktop/风险管理/imgs500米间隔161922_副本2/最新四方图/6166_106.381992329_29.6316613824_0_202305.jpg,6166,0,R112C027,沙坪坝区,239,main,ORI高,密集城区,混合/非居住,稳定
6166_106.381992329_29.6316613824_270_202305.jpg,/Users/catherine/Desktop/风险管理/imgs500米间隔161922_副本2/最新四方图/6166_106.381992329_29.6316613824_270_202305.jpg,6166,270,R112C027,沙坪坝区,239,main,ORI高,密集城区,混合/非居住,稳定
14572_106.471720256_29.6281857645_0_202305.jpg,/Users/catherine/Desktop/风险管理/imgs500米间隔161922_副本2/最新四方图/14572_106.471720256_29.6281857645_0_202305.jpg,14572,0,R112C044,渝北区,97,main,ORI高,密集城区,居住主导,稳定
14572_106.471720256_29.6281857645_270_202305.jpg,/Users/catherine/Desktop/风险管理/imgs500米间隔161922_副本2/最新四方图/14572_106.471720256_29.6281857645_270_202305.jpg,14572,270,R112C044,渝北区,97,main,ORI高,密集城区,居住主导,稳定
14572_106.471720256_29.6281857645_90_202305.jpg,/Users/catherine/Desktop/风险管理/imgs500米间隔161922_副本2/最新四方图/14572_106.471720256_29.6281857645_90_202305.jpg,14572,90,R112C044,渝北区,97,main,ORI高,密集城区,居住主导,稳定
14572_106.471720256_29.6281857645_180_202305.jpg,/Users/catherine/Desktop/风险管理/imgs500米间隔161922_副本2/最新四方图/14572_106.471720256_29.6281857645_180_202305.jpg,14572,180,R112C044,渝北区,97,main,ORI高,密集城区,居住主导,稳定
19298_106.607927518_29.6265767579_180_202305.jpg,/Users/catherine/Desktop/风险管理/imgs500米间隔161922_副本2/最新四方图/19298_106.607927518_29.6265767579_180_202305.jpg,19298,180,R112C071,江北区,264,main,ORI高,密集城区,居住主导,稳定
19298_106.607927518_29.6265767579_90_202305.jpg,/Users/catherine/Desktop/风险管理/imgs500米间隔161922_副本2/最新四方图/19298_106.607927518_29.6265767579_90_202305.jpg,19298,90,R112C071,江北区,264,main,ORI高,密集城区,居住主导,稳定
19298_106.607927518_29.6265767579_270_202305.jpg,/Users/catherine/Desktop/风险管理/imgs500米间隔161922_副本2/最新四方图/19298_106.607927518_29.6265767579_270_202305.jpg,19298,270,R112C071,江北区,264,main,ORI高,密集城区,居住主导,稳定
19298_106.607927518_29.6265767579_0_202305.jpg,/Users/catherine/Desktop/风险管理/imgs500米间隔161922_副本2/最新四方图/19298_106.607927518_29.6265767579_0_202305.jpg,19298,0,R112C071,江北区,264,main,ORI高,密集城区,居住主导,稳定
7978_106.636137977_29.6305601388_270_202305.jpg,/Users/catherine/Desktop/风险管理/imgs500米间隔161922_副本2/最新四方图/7978_106.636137977_29.6305601388_270_202305.jpg,7978,270,R112C076,江北区,243,main,ORI低,一般建成区,居住主导,基本稳定-局部变化
7978_106.636137977_29.6305601388_180_202305.jpg,/Users/catherine/Desktop/风险管理/imgs500米间隔161922_副本2/最新四方图/7978_106.636137977_29.6305601388_180_202305.jpg,7978,180,R112C076,江北区,243,main,ORI低,一般建成区,居住主导,基本稳定-局部变化
7978_106.636137977_29.6305601388_90_202305.jpg,/Users/catherine/Desktop/风险管理/imgs500米间隔161922_副本2/最新四方图/7978_106.636137977_29.6305601388_90_202305.jpg,7978,90,R112C076,江北区,243,main,ORI低,一般建成区,居住主导,基本稳定-局部变化
7978_106.636137977_29.6305601388_0_202305.jpg,/Users/catherine/Desktop/风险管理/imgs500米间隔161922_副本2/最新四方图/7978_106.636137977_29.6305601388_0_202305.jpg,7978,0,R112C076,江北区,243,main,ORI低,一般建成区,居住主导,基本稳定-局部变化
2234_106.668432461_29.6281073444_180_202305.jpg,/Users/catherine/Desktop/风险管理/imgs500米间隔161922_副本2/最新四方图/2234_106.668432461_29.6281073444_180_202305.jpg,2234,180,R112C082,江北区,260,main,ORI中,密集城区,混合/非居住,稳定
2234_106.668432461_29.6281073444_90_202305.jpg,/Users/catherine/Desktop/风险管理/imgs500米间隔161922_副本2/最新四方图/2234_106.668432461_29.6281073444_90_202305.jpg,2234,90,R112C082,江北区,260,main,ORI中,密集城区,混合/非居住,稳定
2234_106.668432461_29.6281073444_270_202305.jpg,/Users/catherine/Desktop/风险管理/imgs500米间隔161922_副本2/最新四方图/2234_106.668432461_29.6281073444_270_202305.jpg,2234,270,R112C082,江北区,260,main,ORI中,密集城区,混合/非居住,稳定
2234_106.668432461_29.6281073444_0_202305.jpg,/Users/catherine/Desktop/风险管理/imgs500米间隔161922_副本2/最新四方图/2234_106.668432461_29.6281073444_0_202305.jpg,2234,0,R112C082,江北区,260,main,ORI中,密集城区,混合/非居住,稳定
5784_106.313364593_29.6267322942_0_202305.jpg,/Users/catherine/Desktop/风险管理/imgs500米间隔161922_副本2/最新四方图/5784_106.313364593_29.6267322942_0_202305.jpg,5784,0,R113C014,沙坪坝区,235,main,ORI高,密集城区,混合/非居住,稳定
5784_106.313364593_29.6267322942_270_202305.jpg,/Users/catherine/Desktop/风险管理/imgs500米间隔161922_副本2/最新四方图/5784_106.313364593_29.6267322942_270_202305.jpg,5784,270,R113C014,沙坪坝区,235,main,ORI高,密集城区,混合/非居住,稳定
5784_106.313364593_29.6267322942_90_202305.jpg,/Users/catherine/Desktop/风险管理/imgs500米间隔161922_副本2/最新四方图/5784_106.313364593_29.6267322942_90_202305.jpg,5784,90,R113C014,沙坪坝区,235,main,ORI高,密集城区,混合/非居住,稳定
5784_106.313364593_29.6267322942_180_202305.jpg,/Users/catherine/Desktop/风险管理/imgs500米间隔161922_副本2/最新四方图/5784_106.313364593_29.6267322942_180_202305.jpg,5784,180,R113C014,沙坪坝区,235,main,ORI高,密集城区,混合/非居住,稳定
10858_106.420842298_29.6266634869_180_202305.jpg,/Users/catherine/Desktop/风险管理/imgs500米间隔161922_副本2/最新四方图/10858_106.420842298_29.6266634869_180_202305.jpg,10858,180,R113C034,沙坪坝区,194,main,ORI低,密集城区,居住主导,稳定
10858_106.420842298_29.6266634869_270_202305.jpg,/Users/catherine/Desktop/风险管理/imgs500米间隔161922_副本2/最新四方图/10858_106.420842298_29.6266634869_270_202305.jpg,10858,270,R113C034,沙坪坝区,194,main,ORI低,密集城区,居住主导,稳定
10858_106.420842298_29.6266634869_0_202305.jpg,/Users/catherine/Desktop/风险管理/imgs500米间隔161922_副本2/最新四方图/10858_106.420842298_29.6266634869_0_202305.jpg,10858,0,R113C034,沙坪坝区,194,main,ORI低,密集城区,居住主导,稳定
10858_106.420842298_29.6266634869_90_202305.jpg,/Users/catherine/Desktop/风险管理/imgs500米间隔161922_副本2/最新四方图/10858_106.420842298_29.6266634869_90_202305.jpg,10858,90,R113C034,沙坪坝区,194,main,ORI低,密集城区,居住主导,稳定
12560_106.504311438_29.6270571402_270_202305.jpg,/Users/catherine/Desktop/风险管理/imgs500米间隔161922_副本2/最新四方图/12560_106.504311438_29.6270571402_270_202305.jpg,12560,270,R113C051,渝北区,37,main,ORI中,密集城区,混合/非居住,稳定
12560_106.504311438_29.6270571402_0_202305.jpg,/Users/catherine/Desktop/风险管理/imgs500米间隔161922_副本2/最新四方图/12560_106.504311438_29.6270571402_0_202305.jpg,12560,0,R113C051,渝北区,37,main,ORI中,密集城区,混合/非居住,稳定
12560_106.504311438_29.6270571402_180_202305.jpg,/Users/catherine/Desktop/风险管理/imgs500米间隔161922_副本2/最新四方图/12560_106.504311438_29.6270571402_180_202305.jpg,12560,180,R113C051,渝北区,37,main,ORI中,密集城区,混合/非居住,稳定
12560_106.504311438_29.6270571402_90_202305.jpg,/Users/catherine/Desktop/风险管理/imgs500米间隔161922_副本2/最新四方图/12560_106.504311438_29.6270571402_90_202305.jpg,12560,90,R113C051,渝北区,37,main,ORI中,密集城区,混合/非居住,稳定
10842_106.571382054_29.6261340677_90_202305.jpg,/Users/catherine/Desktop/风险管理/imgs500米间隔161922_副本2/最新四方图/10842_106.571382054_29.6261340677_90_202305.jpg,10842,90,R113C064,渝北区,53,main,ORI中,密集城区,混合/非居住,基本稳定-局部变化
10842_106.571382054_29.6261340677_270_202305.jpg,/Users/catherine/Desktop/风险管理/imgs500米间隔161922_副本2/最新四方图/10842_106.571382054_29.6261340677_270_202305.jpg,10842,270,R113C064,渝北区,53,main,ORI中,密集城区,混合/非居住,基本稳定-局部变化
10842_106.571382054_29.6261340677_0_202305.jpg,/Users/catherine/Desktop/风险管理/imgs500米间隔161922_副本2/最新四方图/10842_106.571382054_29.6261340677_0_202305.jpg,10842,0,R113C064,渝北区,53,main,ORI中,密集城区,混合/非居住,基本稳定-局部变化
10842_106.571382054_29.6261340677_180_202305.jpg,/Users/catherine/Desktop/风险管理/imgs500米间隔161922_副本2/最新四方图/10842_106.571382054_29.6261340677_180_202305.jpg,10842,180,R113C064,渝北区,53,main,ORI中,密集城区,混合/非居住,基本稳定-局部变化
11177_106.668887368_29.6218256967_0_202305.jpg,/Users/catherine/Desktop/风险管理/imgs500米间隔161922_副本2/最新四方图/11177_106.668887368_29.6218256967_0_202305.jpg,11177,0,R113C083,江北区,244,main,ORI低,一般建成区,混合/非居住,基本稳定-局部变化
11177_106.668887368_29.6218256967_270_202305.jpg,/Users/catherine/Desktop/风险管理/imgs500米间隔161922_副本2/最新四方图/11177_106.668887368_29.6218256967_270_202305.jpg,11177,270,R113C083,江北区,244,main,ORI低,一般建成区,混合/非居住,基本稳定-局部变化
11177_106.668887368_29.6218256967_180_202305.jpg,/Users/catherine/Desktop/风险管理/imgs500米间隔161922_副本2/最新四方图/11177_106.668887368_29.6218256967_180_202305.jpg,11177,180,R113C083,江北区,244,main,ORI低,一般建成区,混合/非居住,基本稳定-局部变化
11177_106.668887368_29.6218256967_90_202305.jpg,/Users/catherine/Desktop/风险管理/imgs500米间隔161922_副本2/最新四方图/11177_106.668887368_29.6218256967_90_202305.jpg,11177,90,R113C083,江北区,244,main,ORI低,一般建成区,混合/非居住,基本稳定-局部变化
1696_106.325284108_29.6245320489_270_202305.jpg,/Users/catherine/Desktop/风险管理/imgs500米间隔161922_副本2/最新四方图/1696_106.325284108_29.6245320489_270_202305.jpg,1696,270,R114C016,沙坪坝区,232,main,ORI高,密集城区,混合/非居住,稳定
1696_106.325284108_29.6245320489_0_202305.jpg,/Users/catherine/Desktop/风险管理/imgs500米间隔161922_副本2/最新四方图/1696_106.325284108_29.6245320489_0_202305.jpg,1696,0,R114C016,沙坪坝区,232,main,ORI高,密集城区,混合/非居住,稳定
1696_106.325284108_29.6245320489_180_202305.jpg,/Users/catherine/Desktop/风险管理/imgs500米间隔161922_副本2/最新四方图/1696_106.325284108_29.6245320489_180_202305.jpg,1696,180,R114C016,沙坪坝区,232,main,ORI高,密集城区,混合/非居住,稳定
1696_106.325284108_29.6245320489_90_202305.jpg,/Users/catherine/Desktop/风险管理/imgs500米间隔161922_副本2/最新四方图/1696_106.325284108_29.6245320489_90_202305.jpg,1696,90,R114C016,沙坪坝区,232,main,ORI高,密集城区,混合/非居住,稳定
6966_106.347176468_29.6233258685_180_202305.jpg,/Users/catherine/Desktop/风险管理/imgs500米间隔161922_副本2/最新四方图/6966_106.347176468_29.6233258685_180_202305.jpg,6966,180,R114C020,沙坪坝区,210,main,ORI中,密集城区,居住主导,基本稳定-局部变化
6966_106.347176468_29.6233258685_0_202305.jpg,/Users/catherine/Desktop/风险管理/imgs500米间隔161922_副本2/最新四方图/6966_106.347176468_29.6233258685_0_202305.jpg,6966,0,R114C020,沙坪坝区,210,main,ORI中,密集城区,居住主导,基本稳定-局部变化
6966_106.347176468_29.6233258685_90_202305.jpg,/Users/catherine/Desktop/风险管理/imgs500米间隔161922_副本2/最新四方图/6966_106.347176468_29.6233258685_90_202305.jpg,6966,90,R114C020,沙坪坝区,210,main,ORI中,密集城区,居住主导,基本稳定-局部变化
6966_106.347176468_29.6233258685_270_202305.jpg,/Users/catherine/Desktop/风险管理/imgs500米间隔161922_副本2/最新四方图/6966_106.347176468_29.6233258685_270_202305.jpg,6966,270,R114C020,沙坪坝区,210,main,ORI中,密集城区,居住主导,基本稳定-局部变化
9311_106.355582049_29.6221455994_180_202305.jpg,/Users/catherine/Desktop/风险管理/imgs500米间隔161922_副本2/最新四方图/9311_106.355582049_29.6221455994_180_202305.jpg,9311,180,R114C022,沙坪坝区,399,sensitivity,ORI低,一般建成区,居住主导,显著变化
9311_106.355582049_29.6221455994_0_202305.jpg,/Users/catherine/Desktop/风险管理/imgs500米间隔161922_副本2/最新四方图/9311_106.355582049_29.6221455994_0_202305.jpg,9311,0,R114C022,沙坪坝区,399,sensitivity,ORI低,一般建成区,居住主导,显著变化
9311_106.355582049_29.6221455994_270_202305.jpg,/Users/catherine/Desktop/风险管理/imgs500米间隔161922_副本2/最新四方图/9311_106.355582049_29.6221455994_270_202305.jpg,9311,270,R114C022,沙坪坝区,399,sensitivity,ORI低,一般建成区,居住主导,显著变化
9311_106.355582049_29.6221455994_90_202305.jpg,/Users/catherine/Desktop/风险管理/imgs500米间隔161922_副本2/最新四方图/9311_106.355582049_29.6221455994_90_202305.jpg,9311,90,R114C022,沙坪坝区,399,sensitivity,ORI低,一般建成区,居住主导,显著变化
984_106.482163388_29.6231462621_180_202305.jpg,/Users/catherine/Desktop/风险管理/imgs500米间隔161922_副本2/最新四方图/984_106.482163388_29.6231462621_180_202305.jpg,984,180,R114C046,渝北区,82,main,ORI高,密集城区,混合/非居住,稳定
984_106.482163388_29.6231462621_270_202305.jpg,/Users/catherine/Desktop/风险管理/imgs500米间隔161922_副本2/最新四方图/984_106.482163388_29.6231462621_270_202305.jpg,984,270,R114C046,渝北区,82,main,ORI高,密集城区,混合/非居住,稳定
984_106.482163388_29.6231462621_90_202305.jpg,/Users/catherine/Desktop/风险管理/imgs500米间隔161922_副本2/最新四方图/984_106.482163388_29.6231462621_90_202305.jpg,984,90,R114C046,渝北区,82,main,ORI高,密集城区,混合/非居住,稳定
984_106.482163388_29.6231462621_0_202305.jpg,/Users/catherine/Desktop/风险管理/imgs500米间隔161922_副本2/最新四方图/984_106.482163388_29.6231462621_0_202305.jpg,984,0,R114C046,渝北区,82,main,ORI高,密集城区,混合/非居住,稳定
21319_106.492482616_29.6222489891_90_202305.jpg,/Users/catherine/Desktop/风险管理/imgs500米间隔161922_副本2/最新四方图/21319_106.492482616_29.6222489891_90_202305.jpg,21319,90,R114C048,渝北区,92,main,ORI高,密集城区,居住主导,稳定
21319_106.492482616_29.6222489891_270_202305.jpg,/Users/catherine/Desktop/风险管理/imgs500米间隔161922_副本2/最新四方图/21319_106.492482616_29.6222489891_270_202305.jpg,21319,270,R114C048,渝北区,92,main,ORI高,密集城区,居住主导,稳定
21319_106.492482616_29.6222489891_180_202305.jpg,/Users/catherine/Desktop/风险管理/imgs500米间隔161922_副本2/最新四方图/21319_106.492482616_29.6222489891_180_202305.jpg,21319,180,R114C048,渝北区,92,main,ORI高,密集城区,居住主导,稳定
21319_106.492482616_29.6222489891_0_202305.jpg,/Users/catherine/Desktop/风险管理/imgs500米间隔161922_副本2/最新四方图/21319_106.492482616_29.6222489891_0_202305.jpg,21319,0,R114C048,渝北区,92,main,ORI高,密集城区,居住主导,稳定
11464_106.339654488_29.6168191042_0_202305.jpg,/Users/catherine/Desktop/风险管理/imgs500米间隔161922_副本2/最新四方图/11464_106.339654488_29.6168191042_0_202305.jpg,11464,0,R115C019,沙坪坝区,212,main,ORI中,密集城区,混合/非居住,稳定
11464_106.339654488_29.6168191042_180_202305.jpg,/Users/catherine/Desktop/风险管理/imgs500米间隔161922_副本2/最新四方图/11464_106.339654488_29.6168191042_180_202305.jpg,11464,180,R115C019,沙坪坝区,212,main,ORI中,密集城区,混合/非居住,稳定
11464_106.339654488_29.6168191042_90_202305.jpg,/Users/catherine/Desktop/风险管理/imgs500米间隔161922_副本2/最新四方图/11464_106.339654488_29.6168191042_90_202305.jpg,11464,90,R115C019,沙坪坝区,212,main,ORI中,密集城区,混合/非居住,稳定
11464_106.339654488_29.6168191042_270_202305.jpg,/Users/catherine/Desktop/风险管理/imgs500米间隔161922_副本2/最新四方图/11464_106.339654488_29.6168191042_270_202305.jpg,11464,270,R115C019,沙坪坝区,212,main,ORI中,密集城区,混合/非居住,稳定
4853_106.413581621_29.6158179343_180_202305.jpg,/Users/catherine/Desktop/风险管理/imgs500米间隔161922_副本2/最新四方图/4853_106.413581621_29.6158179343_180_202305.jpg,4853,180,R115C033,沙坪坝区,187,main,ORI低,密集城区,居住主导,稳定
4853_106.413581621_29.6158179343_270_202305.jpg,/Users/catherine/Desktop/风险管理/imgs500米间隔161922_副本2/最新四方图/4853_106.413581621_29.6158179343_270_202305.jpg,4853,270,R115C033,沙坪坝区,187,main,ORI低,密集城区,居住主导,稳定
4853_106.413581621_29.6158179343_0_202305.jpg,/Users/catherine/Desktop/风险管理/imgs500米间隔161922_副本2/最新四方图/4853_106.413581621_29.6158179343_0_202305.jpg,4853,0,R115C033,沙坪坝区,187,main,ORI低,密集城区,居住主导,稳定
4853_106.413581621_29.6158179343_90_202305.jpg,/Users/catherine/Desktop/风险管理/imgs500米间隔161922_副本2/最新四方图/4853_106.413581621_29.6158179343_90_202305.jpg,4853,90,R115C033,沙坪坝区,187,main,ORI低,密集城区,居住主导,稳定
20582_106.510327274_29.6182827382_90_202305.jpg,/Users/catherine/Desktop/风险管理/imgs500米间隔161922_副本2/最新四方图/20582_106.510327274_29.6182827382_90_202305.jpg,20582,90,R115C052,渝北区,78,main,ORI高,密集城区,居住主导,稳定
20582_106.510327274_29.6182827382_0_202305.jpg,/Users/catherine/Desktop/风险管理/imgs500米间隔161922_副本2/最新四方图/20582_106.510327274_29.6182827382_0_202305.jpg,20582,0,R115C052,渝北区,78,main,ORI高,密集城区,居住主导,稳定
20582_106.510327274_29.6182827382_180_202305.jpg,/Users/catherine/Desktop/风险管理/imgs500米间隔161922_副本2/最新四方图/20582_106.510327274_29.6182827382_180_202305.jpg,20582,180,R115C052,渝北区,78,main,ORI高,密集城区,居住主导,稳定
20582_106.510327274_29.6182827382_270_202305.jpg,/Users/catherine/Desktop/风险管理/imgs500米间隔161922_副本2/最新四方图/20582_106.510327274_29.6182827382_270_202305.jpg,20582,270,R115C052,渝北区,78,main,ORI高,密集城区,居住主导,稳定
10840_106.549342779_29.6152914243_0_202305.jpg,/Users/catherine/Desktop/风险管理/imgs500米间隔161922_副本2/最新四方图/10840_106.549342779_29.6152914243_0_202305.jpg,10840,0,R115C059,渝北区,70,main,ORI高,密集城区,混合/非居住,稳定
10840_106.549342779_29.6152914243_180_202305.jpg,/Users/catherine/Desktop/风险管理/imgs500米间隔161922_副本2/最新四方图/10840_106.549342779_29.6152914243_180_202305.jpg,10840,180,R115C059,渝北区,70,main,ORI高,密集城区,混合/非居住,稳定
10840_106.549342779_29.6152914243_90_202305.jpg,/Users/catherine/Desktop/风险管理/imgs500米间隔161922_副本2/最新四方图/10840_106.549342779_29.6152914243_90_202305.jpg,10840,90,R115C059,渝北区,70,main,ORI高,密集城区,混合/非居住,稳定
10840_106.549342779_29.6152914243_270_202305.jpg,/Users/catherine/Desktop/风险管理/imgs500米间隔161922_副本2/最新四方图/10840_106.549342779_29.6152914243_270_202305.jpg,10840,270,R115C059,渝北区,70,main,ORI高,密集城区,混合/非居住,稳定
14505_106.550146187_29.6154046713_180_202305.jpg,/Users/catherine/Desktop/风险管理/imgs500米间隔161922_副本2/最新四方图/14505_106.550146187_29.6154046713_180_202305.jpg,14505,180,R115C060,渝北区,38,main,ORI中,密集城区,居住主导,基本稳定-局部变化
14505_106.550146187_29.6154046713_90_202305.jpg,/Users/catherine/Desktop/风险管理/imgs500米间隔161922_副本2/最新四方图/14505_106.550146187_29.6154046713_90_202305.jpg,14505,90,R115C060,渝北区,38,main,ORI中,密集城区,居住主导,基本稳定-局部变化
14505_106.550146187_29.6154046713_270_202305.jpg,/Users/catherine/Desktop/风险管理/imgs500米间隔161922_副本2/最新四方图/14505_106.550146187_29.6154046713_270_202305.jpg,14505,270,R115C060,渝北区,38,main,ORI中,密集城区,居住主导,基本稳定-局部变化
14505_106.550146187_29.6154046713_0_202305.jpg,/Users/catherine/Desktop/风险管理/imgs500米间隔161922_副本2/最新四方图/14505_106.550146187_29.6154046713_0_202305.jpg,14505,0,R115C060,渝北区,38,main,ORI中,密集城区,居住主导,基本稳定-局部变化
2231_106.664967653_29.6156153434_180_202305.jpg,/Users/catherine/Desktop/风险管理/imgs500米间隔161922_副本2/最新四方图/2231_106.664967653_29.6156153434_180_202305.jpg,2231,180,R115C082,江北区,246,main,ORI低,密集城区,居住主导,稳定
2231_106.664967653_29.6156153434_0_202305.jpg,/Users/catherine/Desktop/风险管理/imgs500米间隔161922_副本2/最新四方图/2231_106.664967653_29.6156153434_0_202305.jpg,2231,0,R115C082,江北区,246,main,ORI低,密集城区,居住主导,稳定
2231_106.664967653_29.6156153434_90_202305.jpg,/Users/catherine/Desktop/风险管理/imgs500米间隔161922_副本2/最新四方图/2231_106.664967653_29.6156153434_90_202305.jpg,2231,90,R115C082,江北区,246,main,ORI低,密集城区,居住主导,稳定
2231_106.664967653_29.6156153434_270_202305.jpg,/Users/catherine/Desktop/风险管理/imgs500米间隔161922_副本2/最新四方图/2231_106.664967653_29.6156153434_270_202305.jpg,2231,270,R115C082,江北区,246,main,ORI低,密集城区,居住主导,稳定
14877_106.288960566_29.613555772_90_202305.jpg,/Users/catherine/Desktop/风险管理/imgs500米间隔161922_副本2/最新四方图/14877_106.288960566_29.613555772_90_202305.jpg,14877,90,R116C009,沙坪坝区,216,main,ORI中,密集城区,混合/非居住,稳定
14877_106.288960566_29.613555772_270_202305.jpg,/Users/catherine/Desktop/风险管理/imgs500米间隔161922_副本2/最新四方图/14877_106.288960566_29.613555772_270_202305.jpg,14877,270,R116C009,沙坪坝区,216,main,ORI中,密集城区,混合/非居住,稳定
14877_106.288960566_29.613555772_0_202305.jpg,/Users/catherine/Desktop/风险管理/imgs500米间隔161922_副本2/最新四方图/14877_106.288960566_29.613555772_0_202305.jpg,14877,0,R116C009,沙坪坝区,216,main,ORI中,密集城区,混合/非居住,稳定
14877_106.288960566_29.613555772_180_202305.jpg,/Users/catherine/Desktop/风险管理/imgs500米间隔161922_副本2/最新四方图/14877_106.288960566_29.613555772_180_202305.jpg,14877,180,R116C009,沙坪坝区,216,main,ORI中,密集城区,混合/非居住,稳定
7317_106.357201945_29.6147928457_180_202305.jpg,/Users/catherine/Desktop/风险管理/imgs500米间隔161922_副本2/最新四方图/7317_106.357201945_29.6147928457_180_202305.jpg,7317,180,R116C022,沙坪坝区,226,main,ORI高,密集城区,居住主导,稳定
7317_106.357201945_29.6147928457_0_202305.jpg,/Users/catherine/Desktop/风险管理/imgs500米间隔161922_副本2/最新四方图/7317_106.357201945_29.6147928457_0_202305.jpg,7317,0,R116C022,沙坪坝区,226,main,ORI高,密集城区,居住主导,稳定
7317_106.357201945_29.6147928457_90_202305.jpg,/Users/catherine/Desktop/风险管理/imgs500米间隔161922_副本2/最新四方图/7317_106.357201945_29.6147928457_90_202305.jpg,7317,90,R116C022,沙坪坝区,226,main,ORI高,密集城区,居住主导,稳定
7317_106.357201945_29.6147928457_270_202305.jpg,/Users/catherine/Desktop/风险管理/imgs500米间隔161922_副本2/最新四方图/7317_106.357201945_29.6147928457_270_202305.jpg,7317,270,R116C022,沙坪坝区,226,main,ORI高,密集城区,居住主导,稳定
12634_106.432737465_29.6105040992_180_202305.jpg,/Users/catherine/Desktop/风险管理/imgs500米间隔161922_副本2/最新四方图/12634_106.432737465_29.6105040992_180_202305.jpg,12634,180,R116C037,沙坪坝区,218,main,ORI中,密集城区,居住主导,稳定
12634_106.432737465_29.6105040992_0_202305.jpg,/Users/catherine/Desktop/风险管理/imgs500米间隔161922_副本2/最新四方图/12634_106.432737465_29.6105040992_0_202305.jpg,12634,0,R116C037,沙坪坝区,218,main,ORI中,密集城区,居住主导,稳定
12634_106.432737465_29.6105040992_90_202305.jpg,/Users/catherine/Desktop/风险管理/imgs500米间隔161922_副本2/最新四方图/12634_106.432737465_29.6105040992_90_202305.jpg,12634,90,R116C037,沙坪坝区,218,main,ORI中,密集城区,居住主导,稳定
12634_106.432737465_29.6105040992_270_202305.jpg,/Users/catherine/Desktop/风险管理/imgs500米间隔161922_副本2/最新四方图/12634_106.432737465_29.6105040992_270_202305.jpg,12634,270,R116C037,沙坪坝区,218,main,ORI中,密集城区,居住主导,稳定
7953_106.441156756_29.611392227_180_202305.jpg,/Users/catherine/Desktop/风险管理/imgs500米间隔161922_副本2/最新四方图/7953_106.441156756_29.611392227_180_202305.jpg,7953,180,R116C038,沙坪坝区,234,main,ORI高,密集城区,居住主导,稳定
7953_106.441156756_29.611392227_90_202305.jpg,/Users/catherine/Desktop/风险管理/imgs500米间隔161922_副本2/最新四方图/7953_106.441156756_29.611392227_90_202305.jpg,7953,90,R116C038,沙坪坝区,234,main,ORI高,密集城区,居住主导,稳定
7953_106.441156756_29.611392227_270_202305.jpg,/Users/catherine/Desktop/风险管理/imgs500米间隔161922_副本2/最新四方图/7953_106.441156756_29.611392227_270_202305.jpg,7953,270,R116C038,沙坪坝区,234,main,ORI高,密集城区,居住主导,稳定
7953_106.441156756_29.611392227_0_202305.jpg,/Users/catherine/Desktop/风险管理/imgs500米间隔161922_副本2/最新四方图/7953_106.441156756_29.611392227_0_202305.jpg,7953,0,R116C038,沙坪坝区,234,main,ORI高,密集城区,居住主导,稳定
12328_106.447148903_29.6142760952_270_202305.jpg,/Users/catherine/Desktop/风险管理/imgs500米间隔161922_副本2/最新四方图/12328_106.447148903_29.6142760952_270_202305.jpg,12328,270,R116C040,沙坪坝区,221,main,ORI中,密集城区,居住主导,稳定
12328_106.447148903_29.6142760952_90_202305.jpg,/Users/catherine/Desktop/风险管理/imgs500米间隔161922_副本2/最新四方图/12328_106.447148903_29.6142760952_90_202305.jpg,12328,90,R116C040,沙坪坝区,221,main,ORI中,密集城区,居住主导,稳定
12328_106.447148903_29.6142760952_0_202305.jpg,/Users/catherine/Desktop/风险管理/imgs500米间隔161922_副本2/最新四方图/12328_106.447148903_29.6142760952_0_202305.jpg,12328,0,R116C040,沙坪坝区,221,main,ORI中,密集城区,居住主导,稳定
12328_106.447148903_29.6142760952_180_202305.jpg,/Users/catherine/Desktop/风险管理/imgs500米间隔161922_副本2/最新四方图/12328_106.447148903_29.6142760952_180_202305.jpg,12328,180,R116C040,沙坪坝区,221,main,ORI中,密集城区,居住主导,稳定
6018_106.472448007_29.6103721585_0_202305.jpg,/Users/catherine/Desktop/风险管理/imgs500米间隔161922_副本2/最新四方图/6018_106.472448007_29.6103721585_0_202305.jpg,6018,0,R116C045,江北区,381,sensitivity,ORI中,密集城区,居住主导,显著变化
6018_106.472448007_29.6103721585_270_202305.jpg,/Users/catherine/Desktop/风险管理/imgs500米间隔161922_副本2/最新四方图/6018_106.472448007_29.6103721585_270_202305.jpg,6018,270,R116C045,江北区,381,sensitivity,ORI中,密集城区,居住主导,显著变化
6018_106.472448007_29.6103721585_180_202305.jpg,/Users/catherine/Desktop/风险管理/imgs500米间隔161922_副本2/最新四方图/6018_106.472448007_29.6103721585_180_202305.jpg,6018,180,R116C045,江北区,381,sensitivity,ORI中,密集城区,居住主导,显著变化
6018_106.472448007_29.6103721585_90_202305.jpg,/Users/catherine/Desktop/风险管理/imgs500米间隔161922_副本2/最新四方图/6018_106.472448007_29.6103721585_90_202305.jpg,6018,90,R116C045,江北区,381,sensitivity,ORI中,密集城区,居住主导,显著变化
7946_106.534848056_29.6104296867_0_202305.jpg,/Users/catherine/Desktop/风险管理/imgs500米间隔161922_副本2/最新四方图/7946_106.534848056_29.6104296867_0_202305.jpg,7946,0,R116C057,渝北区,89,main,ORI高,密集城区,混合/非居住,稳定
7946_106.534848056_29.6104296867_180_202305.jpg,/Users/catherine/Desktop/风险管理/imgs500米间隔161922_副本2/最新四方图/7946_106.534848056_29.6104296867_180_202305.jpg,7946,180,R116C057,渝北区,89,main,ORI高,密集城区,混合/非居住,稳定
7946_106.534848056_29.6104296867_90_202305.jpg,/Users/catherine/Desktop/风险管理/imgs500米间隔161922_副本2/最新四方图/7946_106.534848056_29.6104296867_90_202305.jpg,7946,90,R116C057,渝北区,89,main,ORI高,密集城区,混合/非居住,稳定
7946_106.534848056_29.6104296867_270_202305.jpg,/Users/catherine/Desktop/风险管理/imgs500米间隔161922_副本2/最新四方图/7946_106.534848056_29.6104296867_270_202305.jpg,7946,270,R116C057,渝北区,89,main,ORI高,密集城区,混合/非居住,稳定
11211_106.634908109_29.6082076135_180_202305.jpg,/Users/catherine/Desktop/风险管理/imgs500米间隔161922_副本2/最新四方图/11211_106.634908109_29.6082076135_180_202305.jpg,11211,180,R116C076,江北区,269,main,ORI高,密集城区,混合/非居住,稳定
11211_106.634908109_29.6082076135_90_202305.jpg,/Users/catherine/Desktop/风险管理/imgs500米间隔161922_副本2/最新四方图/11211_106.634908109_29.6082076135_90_202305.jpg,11211,90,R116C076,江北区,269,main,ORI高,密集城区,混合/非居住,稳定
11211_106.634908109_29.6082076135_270_202305.jpg,/Users/catherine/Desktop/风险管理/imgs500米间隔161922_副本2/最新四方图/11211_106.634908109_29.6082076135_270_202305.jpg,11211,270,R116C076,江北区,269,main,ORI高,密集城区,混合/非居住,稳定
11211_106.634908109_29.6082076135_0_202305.jpg,/Users/catherine/Desktop/风险管理/imgs500米间隔161922_副本2/最新四方图/11211_106.634908109_29.6082076135_0_202305.jpg,11211,0,R116C076,江北区,269,main,ORI高,密集城区,混合/非居住,稳定
11469_106.295140501_29.6100741154_90_202305.jpg,/Users/catherine/Desktop/风险管理/imgs500米间隔161922_副本2/最新四方图/11469_106.295140501_29.6100741154_90_202305.jpg,11469,90,R117C010,沙坪坝区,219,main,ORI中,密集城区,混合/非居住,稳定
11469_106.295140501_29.6100741154_180_202305.jpg,/Users/catherine/Desktop/风险管理/imgs500米间隔161922_副本2/最新四方图/11469_106.295140501_29.6100741154_180_202305.jpg,11469,180,R117C010,沙坪坝区,219,main,ORI中,密集城区,混合/非居住,稳定
11469_106.295140501_29.6100741154_0_202305.jpg,/Users/catherine/Desktop/风险管理/imgs500米间隔161922_副本2/最新四方图/11469_106.295140501_29.6100741154_0_202305.jpg,11469,0,R117C010,沙坪坝区,219,main,ORI中,密集城区,混合/非居住,稳定
11469_106.295140501_29.6100741154_270_202305.jpg,/Users/catherine/Desktop/风险管理/imgs500米间隔161922_副本2/最新四方图/11469_106.295140501_29.6100741154_270_202305.jpg,11469,270,R117C010,沙坪坝区,219,main,ORI中,密集城区,混合/非居住,稳定
6178_106.306032262_29.6099426473_0_202305.jpg,/Users/catherine/Desktop/风险管理/imgs500米间隔161922_副本2/最新四方图/6178_106.306032262_29.6099426473_0_202305.jpg,6178,0,R117C012,沙坪坝区,237,main,ORI高,密集城区,居住主导,稳定
6178_106.306032262_29.6099426473_180_202305.jpg,/Users/catherine/Desktop/风险管理/imgs500米间隔161922_副本2/最新四方图/6178_106.306032262_29.6099426473_180_202305.jpg,6178,180,R117C012,沙坪坝区,237,main,ORI高,密集城区,居住主导,稳定
6178_106.306032262_29.6099426473_90_202305.jpg,/Users/catherine/Desktop/风险管理/imgs500米间隔161922_副本2/最新四方图/6178_106.306032262_29.6099426473_90_202305.jpg,6178,90,R117C012,沙坪坝区,237,main,ORI高,密集城区,居住主导,稳定
6178_106.306032262_29.6099426473_270_202305.jpg,/Users/catherine/Desktop/风险管理/imgs500米间隔161922_副本2/最新四方图/6178_106.306032262_29.6099426473_270_202305.jpg,6178,270,R117C012,沙坪坝区,237,main,ORI高,密集城区,居住主导,稳定
6006_106.394314986_29.6095311385_0_202305.jpg,/Users/catherine/Desktop/风险管理/imgs500米间隔161922_副本2/最新四方图/6006_106.394314986_29.6095311385_0_202305.jpg,6006,0,R117C029,沙坪坝区,184,main,ORI低,一般建成区,居住主导,稳定
6006_106.394314986_29.6095311385_180_202305.jpg,/Users/catherine/Desktop/风险管理/imgs500米间隔161922_副本2/最新四方图/6006_106.394314986_29.6095311385_180_202305.jpg,6006,180,R117C029,沙坪坝区,184,main,ORI低,一般建成区,居住主导,稳定
6006_106.394314986_29.6095311385_90_202305.jpg,/Users/catherine/Desktop/风险管理/imgs500米间隔161922_副本2/最新四方图/6006_106.394314986_29.6095311385_90_202305.jpg,6006,90,R117C029,沙坪坝区,184,main,ORI低,一般建成区,居住主导,稳定
6006_106.394314986_29.6095311385_270_202305.jpg,/Users/catherine/Desktop/风险管理/imgs500米间隔161922_副本2/最新四方图/6006_106.394314986_29.6095311385_270_202305.jpg,6006,270,R117C029,沙坪坝区,184,main,ORI低,一般建成区,居住主导,稳定
6007_106.399464173_29.6090373769_90_202305.jpg,/Users/catherine/Desktop/风险管理/imgs500米间隔161922_副本2/最新四方图/6007_106.399464173_29.6090373769_90_202305.jpg,6007,90,R117C030,沙坪坝区,181,main,ORI低,乡村/自然,无/极少建筑,稳定
6007_106.399464173_29.6090373769_180_202305.jpg,/Users/catherine/Desktop/风险管理/imgs500米间隔161922_副本2/最新四方图/6007_106.399464173_29.6090373769_180_202305.jpg,6007,180,R117C030,沙坪坝区,181,main,ORI低,乡村/自然,无/极少建筑,稳定
6007_106.399464173_29.6090373769_0_202305.jpg,/Users/catherine/Desktop/风险管理/imgs500米间隔161922_副本2/最新四方图/6007_106.399464173_29.6090373769_0_202305.jpg,6007,0,R117C030,沙坪坝区,181,main,ORI低,乡村/自然,无/极少建筑,稳定
6007_106.399464173_29.6090373769_270_202305.jpg,/Users/catherine/Desktop/风险管理/imgs500米间隔161922_副本2/最新四方图/6007_106.399464173_29.6090373769_270_202305.jpg,6007,270,R117C030,沙坪坝区,181,main,ORI低,乡村/自然,无/极少建筑,稳定
11528_106.402141242_29.6085514887_180_202305.jpg,/Users/catherine/Desktop/风险管理/imgs500米间隔161922_副本2/最新四方图/11528_106.402141242_29.6085514887_180_202305.jpg,11528,180,R117C031,沙坪坝区,183,main,ORI低,密集城区,居住主导,稳定
11528_106.402141242_29.6085514887_0_202305.jpg,/Users/catherine/Desktop/风险管理/imgs500米间隔161922_副本2/最新四方图/11528_106.402141242_29.6085514887_0_202305.jpg,11528,0,R117C031,沙坪坝区,183,main,ORI低,密集城区,居住主导,稳定
11528_106.402141242_29.6085514887_270_202305.jpg,/Users/catherine/Desktop/风险管理/imgs500米间隔161922_副本2/最新四方图/11528_106.402141242_29.6085514887_270_202305.jpg,11528,270,R117C031,沙坪坝区,183,main,ORI低,密集城区,居住主导,稳定
11528_106.402141242_29.6085514887_90_202305.jpg,/Users/catherine/Desktop/风险管理/imgs500米间隔161922_副本2/最新四方图/11528_106.402141242_29.6085514887_90_202305.jpg,11528,90,R117C031,沙坪坝区,183,main,ORI低,密集城区,居住主导,稳定
5995_106.418625801_29.6075042529_270_202305.jpg,/Users/catherine/Desktop/风险管理/imgs500米间隔161922_副本2/最新四方图/5995_106.418625801_29.6075042529_270_202305.jpg,5995,270,R117C034,沙坪坝区,182,main,ORI低,密集城区,居住主导,稳定
5995_106.418625801_29.6075042529_0_202305.jpg,/Users/catherine/Desktop/风险管理/imgs500米间隔161922_副本2/最新四方图/5995_106.418625801_29.6075042529_0_202305.jpg,5995,0,R117C034,沙坪坝区,182,main,ORI低,密集城区,居住主导,稳定
5995_106.418625801_29.6075042529_90_202305.jpg,/Users/catherine/Desktop/风险管理/imgs500米间隔161922_副本2/最新四方图/5995_106.418625801_29.6075042529_90_202305.jpg,5995,90,R117C034,沙坪坝区,182,main,ORI低,密集城区,居住主导,稳定
5995_106.418625801_29.6075042529_180_202305.jpg,/Users/catherine/Desktop/风险管理/imgs500米间隔161922_副本2/最新四方图/5995_106.418625801_29.6075042529_180_202305.jpg,5995,180,R117C034,沙坪坝区,182,main,ORI低,密集城区,居住主导,稳定
6012_106.425210105_29.6065685693_270_202305.jpg,/Users/catherine/Desktop/风险管理/imgs500米间隔161922_副本2/最新四方图/6012_106.425210105_29.6065685693_270_202305.jpg,6012,270,R117C035,沙坪坝区,185,main,ORI低,乡村/自然,无/极少建筑,稳定
6012_106.425210105_29.6065685693_90_202305.jpg,/Users/catherine/Desktop/风险管理/imgs500米间隔161922_副本2/最新四方图/6012_106.425210105_29.6065685693_90_202305.jpg,6012,90,R117C035,沙坪坝区,185,main,ORI低,乡村/自然,无/极少建筑,稳定
6012_106.425210105_29.6065685693_180_202305.jpg,/Users/catherine/Desktop/风险管理/imgs500米间隔161922_副本2/最新四方图/6012_106.425210105_29.6065685693_180_202305.jpg,6012,180,R117C035,沙坪坝区,185,main,ORI低,乡村/自然,无/极少建筑,稳定
6012_106.425210105_29.6065685693_0_202305.jpg,/Users/catherine/Desktop/风险管理/imgs500米间隔161922_副本2/最新四方图/6012_106.425210105_29.6065685693_0_202305.jpg,6012,0,R117C035,沙坪坝区,185,main,ORI低,乡村/自然,无/极少建筑,稳定
14875_106.486269286_29.6064069563_180_202305.jpg,/Users/catherine/Desktop/风险管理/imgs500米间隔161922_副本2/最新四方图/14875_106.486269286_29.6064069563_180_202305.jpg,14875,180,R117C047,江北区,252,main,ORI中,密集城区,居住主导,稳定
14875_106.486269286_29.6064069563_0_202305.jpg,/Users/catherine/Desktop/风险管理/imgs500米间隔161922_副本2/最新四方图/14875_106.486269286_29.6064069563_0_202305.jpg,14875,0,R117C047,江北区,252,main,ORI中,密集城区,居住主导,稳定
14875_106.486269286_29.6064069563_90_202305.jpg,/Users/catherine/Desktop/风险管理/imgs500米间隔161922_副本2/最新四方图/14875_106.486269286_29.6064069563_90_202305.jpg,14875,90,R117C047,江北区,252,main,ORI中,密集城区,居住主导,稳定
14875_106.486269286_29.6064069563_270_202305.jpg,/Users/catherine/Desktop/风险管理/imgs500米间隔161922_副本2/最新四方图/14875_106.486269286_29.6064069563_270_202305.jpg,14875,270,R117C047,江北区,252,main,ORI中,密集城区,居住主导,稳定
8623_106.531766991_29.6064164161_180_202305.jpg,/Users/catherine/Desktop/风险管理/imgs500米间隔161922_副本2/最新四方图/8623_106.531766991_29.6064164161_180_202305.jpg,8623,180,R117C056,渝北区,80,main,ORI高,密集城区,居住主导,稳定
8623_106.531766991_29.6064164161_90_202305.jpg,/Users/catherine/Desktop/风险管理/imgs500米间隔161922_副本2/最新四方图/8623_106.531766991_29.6064164161_90_202305.jpg,8623,90,R117C056,渝北区,80,main,ORI高,密集城区,居住主导,稳定
8623_106.531766991_29.6064164161_0_202305.jpg,/Users/catherine/Desktop/风险管理/imgs500米间隔161922_副本2/最新四方图/8623_106.531766991_29.6064164161_0_202305.jpg,8623,0,R117C056,渝北区,80,main,ORI高,密集城区,居住主导,稳定
8623_106.531766991_29.6064164161_270_202305.jpg,/Users/catherine/Desktop/风险管理/imgs500米间隔161922_副本2/最新四方图/8623_106.531766991_29.6064164161_270_202305.jpg,8623,270,R117C056,渝北区,80,main,ORI高,密集城区,居住主导,稳定
1272_106.315744083_29.6051835176_270_202305.jpg,/Users/catherine/Desktop/风险管理/imgs500米间隔161922_副本2/最新四方图/1272_106.315744083_29.6051835176_270_202305.jpg,1272,270,R118C014,沙坪坝区,200,main,ORI低,一般建成区,混合/非居住,基本稳定-局部变化
1272_106.315744083_29.6051835176_90_202305.jpg,/Users/catherine/Desktop/风险管理/imgs500米间隔161922_副本2/最新四方图/1272_106.315744083_29.6051835176_90_202305.jpg,1272,90,R118C014,沙坪坝区,200,main,ORI低,一般建成区,混合/非居住,基本稳定-局部变化
1272_106.315744083_29.6051835176_0_202305.jpg,/Users/catherine/Desktop/风险管理/imgs500米间隔161922_副本2/最新四方图/1272_106.315744083_29.6051835176_0_202305.jpg,1272,0,R118C014,沙坪坝区,200,main,ORI低,一般建成区,混合/非居住,基本稳定-局部变化
1272_106.315744083_29.6051835176_180_202305.jpg,/Users/catherine/Desktop/风险管理/imgs500米间隔161922_副本2/最新四方图/1272_106.315744083_29.6051835176_180_202305.jpg,1272,180,R118C014,沙坪坝区,200,main,ORI低,一般建成区,混合/非居住,基本稳定-局部变化
8610_106.483899287_29.6012361134_0_202305.jpg,/Users/catherine/Desktop/风险管理/imgs500米间隔161922_副本2/最新四方图/8610_106.483899287_29.6012361134_0_202305.jpg,8610,0,R118C047,江北区,262,main,ORI高,密集城区,居住主导,稳定
8610_106.483899287_29.6012361134_180_202305.jpg,/Users/catherine/Desktop/风险管理/imgs500米间隔161922_副本2/最新四方图/8610_106.483899287_29.6012361134_180_202305.jpg,8610,180,R118C047,江北区,262,main,ORI高,密集城区,居住主导,稳定
8610_106.483899287_29.6012361134_90_202305.jpg,/Users/catherine/Desktop/风险管理/imgs500米间隔161922_副本2/最新四方图/8610_106.483899287_29.6012361134_90_202305.jpg,8610,90,R118C047,江北区,262,main,ORI高,密集城区,居住主导,稳定
8610_106.483899287_29.6012361134_270_202305.jpg,/Users/catherine/Desktop/风险管理/imgs500米间隔161922_副本2/最新四方图/8610_106.483899287_29.6012361134_270_202305.jpg,8610,270,R118C047,江北区,262,main,ORI高,密集城区,居住主导,稳定
3213_106.509699049_29.6018973037_180_202305.jpg,/Users/catherine/Desktop/风险管理/imgs500米间隔161922_副本2/最新四方图/3213_106.509699049_29.6018973037_180_202305.jpg,3213,180,R118C052,渝北区,74,main,ORI高,密集城区,居住主导,稳定
3213_106.509699049_29.6018973037_90_202305.jpg,/Users/catherine/Desktop/风险管理/imgs500米间隔161922_副本2/最新四方图/3213_106.509699049_29.6018973037_90_202305.jpg,3213,90,R118C052,渝北区,74,main,ORI高,密集城区,居住主导,稳定
3213_106.509699049_29.6018973037_270_202305.jpg,/Users/catherine/Desktop/风险管理/imgs500米间隔161922_副本2/最新四方图/3213_106.509699049_29.6018973037_270_202305.jpg,3213,270,R118C052,渝北区,74,main,ORI高,密集城区,居住主导,稳定
3213_106.509699049_29.6018973037_0_202305.jpg,/Users/catherine/Desktop/风险管理/imgs500米间隔161922_副本2/最新四方图/3213_106.509699049_29.6018973037_0_202305.jpg,3213,0,R118C052,渝北区,74,main,ORI高,密集城区,居住主导,稳定
15600_106.537797115_29.6019283414_270_202305.jpg,/Users/catherine/Desktop/风险管理/imgs500米间隔161922_副本2/最新四方图/15600_106.537797115_29.6019283414_270_202305.jpg,15600,270,R118C057,渝北区,72,main,ORI高,密集城区,居住主导,稳定
15600_106.537797115_29.6019283414_0_202305.jpg,/Users/catherine/Desktop/风险管理/imgs500米间隔161922_副本2/最新四方图/15600_106.537797115_29.6019283414_0_202305.jpg,15600,0,R118C057,渝北区,72,main,ORI高,密集城区,居住主导,稳定
15600_106.537797115_29.6019283414_180_202305.jpg,/Users/catherine/Desktop/风险管理/imgs500米间隔161922_副本2/最新四方图/15600_106.537797115_29.6019283414_180_202305.jpg,15600,180,R118C057,渝北区,72,main,ORI高,密集城区,居住主导,稳定
15600_106.537797115_29.6019283414_90_202305.jpg,/Users/catherine/Desktop/风险管理/imgs500米间隔161922_副本2/最新四方图/15600_106.537797115_29.6019283414_90_202305.jpg,15600,90,R118C057,渝北区,72,main,ORI高,密集城区,居住主导,稳定
4535_106.556273684_29.6021629295_270_202305.jpg,/Users/catherine/Desktop/风险管理/imgs500米间隔161922_副本2/最新四方图/4535_106.556273684_29.6021629295_270_202305.jpg,4535,270,R118C061,渝北区,98,main,ORI高,密集城区,居住主导,稳定
4535_106.556273684_29.6021629295_0_202305.jpg,/Users/catherine/Desktop/风险管理/imgs500米间隔161922_副本2/最新四方图/4535_106.556273684_29.6021629295_0_202305.jpg,4535,0,R118C061,渝北区,98,main,ORI高,密集城区,居住主导,稳定
4535_106.556273684_29.6021629295_180_202305.jpg,/Users/catherine/Desktop/风险管理/imgs500米间隔161922_副本2/最新四方图/4535_106.556273684_29.6021629295_180_202305.jpg,4535,180,R118C061,渝北区,98,main,ORI高,密集城区,居住主导,稳定
4535_106.556273684_29.6021629295_90_202305.jpg,/Users/catherine/Desktop/风险管理/imgs500米间隔161922_副本2/最新四方图/4535_106.556273684_29.6021629295_90_202305.jpg,4535,90,R118C061,渝北区,98,main,ORI高,密集城区,居住主导,稳定
21099_106.588335957_29.599659786_180_202305.jpg,/Users/catherine/Desktop/风险管理/imgs500米间隔161922_副本2/最新四方图/21099_106.588335957_29.599659786_180_202305.jpg,21099,180,R118C067,南岸区,346,main,ORI中,密集城区,居住主导,稳定
21099_106.588335957_29.599659786_0_202305.jpg,/Users/catherine/Desktop/风险管理/imgs500米间隔161922_副本2/最新四方图/21099_106.588335957_29.599659786_0_202305.jpg,21099,0,R118C067,南岸区,346,main,ORI中,密集城区,居住主导,稳定
21099_106.588335957_29.599659786_90_202305.jpg,/Users/catherine/Desktop/风险管理/imgs500米间隔161922_副本2/最新四方图/21099_106.588335957_29.599659786_90_202305.jpg,21099,90,R118C067,南岸区,346,main,ORI中,密集城区,居住主导,稳定
21099_106.588335957_29.599659786_270_202305.jpg,/Users/catherine/Desktop/风险管理/imgs500米间隔161922_副本2/最新四方图/21099_106.588335957_29.599659786_270_202305.jpg,21099,270,R118C067,南岸区,346,main,ORI中,密集城区,居住主导,稳定
11212_106.642046593_29.6022317141_90_202305.jpg,/Users/catherine/Desktop/风险管理/imgs500米间隔161922_副本2/最新四方图/11212_106.642046593_29.6022317141_90_202305.jpg,11212,90,R118C077,江北区,257,main,ORI中,密集城区,居住主导,基本稳定-局部变化
11212_106.642046593_29.6022317141_180_202305.jpg,/Users/catherine/Desktop/风险管理/imgs500米间隔161922_副本2/最新四方图/11212_106.642046593_29.6022317141_180_202305.jpg,11212,180,R118C077,江北区,257,main,ORI中,密集城区,居住主导,基本稳定-局部变化
11212_106.642046593_29.6022317141_270_202305.jpg,/Users/catherine/Desktop/风险管理/imgs500米间隔161922_副本2/最新四方图/11212_106.642046593_29.6022317141_270_202305.jpg,11212,270,R118C077,江北区,257,main,ORI中,密集城区,居住主导,基本稳定-局部变化
11212_106.642046593_29.6022317141_0_202305.jpg,/Users/catherine/Desktop/风险管理/imgs500米间隔161922_副本2/最新四方图/11212_106.642046593_29.6022317141_0_202305.jpg,11212,0,R118C077,江北区,257,main,ORI中,密集城区,居住主导,基本稳定-局部变化
11175_106.649530294_29.6023598464_90_202305.jpg,/Users/catherine/Desktop/风险管理/imgs500米间隔161922_副本2/最新四方图/11175_106.649530294_29.6023598464_90_202305.jpg,11175,90,R118C079,江北区,259,main,ORI中,密集城区,居住主导,稳定
11175_106.649530294_29.6023598464_0_202305.jpg,/Users/catherine/Desktop/风险管理/imgs500米间隔161922_副本2/最新四方图/11175_106.649530294_29.6023598464_0_202305.jpg,11175,0,R118C079,江北区,259,main,ORI中,密集城区,居住主导,稳定
11175_106.649530294_29.6023598464_180_202305.jpg,/Users/catherine/Desktop/风险管理/imgs500米间隔161922_副本2/最新四方图/11175_106.649530294_29.6023598464_180_202305.jpg,11175,180,R118C079,江北区,259,main,ORI中,密集城区,居住主导,稳定
11175_106.649530294_29.6023598464_270_202305.jpg,/Users/catherine/Desktop/风险管理/imgs500米间隔161922_副本2/最新四方图/11175_106.649530294_29.6023598464_270_202305.jpg,11175,270,R118C079,江北区,259,main,ORI中,密集城区,居住主导,稳定
6607_106.294863862_29.601194594_270_202305.jpg,/Users/catherine/Desktop/风险管理/imgs500米间隔161922_副本2/最新四方图/6607_106.294863862_29.601194594_270_202305.jpg,6607,270,R119C010,沙坪坝区,230,main,ORI高,密集城区,混合/非居住,稳定
6607_106.294863862_29.601194594_90_202305.jpg,/Users/catherine/Desktop/风险管理/imgs500米间隔161922_副本2/最新四方图/6607_106.294863862_29.601194594_90_202305.jpg,6607,90,R119C010,沙坪坝区,230,main,ORI高,密集城区,混合/非居住,稳定
6607_106.294863862_29.601194594_0_202305.jpg,/Users/catherine/Desktop/风险管理/imgs500米间隔161922_副本2/最新四方图/6607_106.294863862_29.601194594_0_202305.jpg,6607,0,R119C010,沙坪坝区,230,main,ORI高,密集城区,混合/非居住,稳定
6607_106.294863862_29.601194594_180_202305.jpg,/Users/catherine/Desktop/风险管理/imgs500米间隔161922_副本2/最新四方图/6607_106.294863862_29.601194594_180_202305.jpg,6607,180,R119C010,沙坪坝区,230,main,ORI高,密集城区,混合/非居住,稳定
11474_106.303729075_29.6012259929_180_202305.jpg,/Users/catherine/Desktop/风险管理/imgs500米间隔161922_副本2/最新四方图/11474_106.303729075_29.6012259929_180_202305.jpg,11474,180,R119C012,沙坪坝区,206,main,ORI中,密集城区,居住主导,稳定
11474_106.303729075_29.6012259929_90_202305.jpg,/Users/catherine/Desktop/风险管理/imgs500米间隔161922_副本2/最新四方图/11474_106.303729075_29.6012259929_90_202305.jpg,11474,90,R119C012,沙坪坝区,206,main,ORI中,密集城区,居住主导,稳定
11474_106.303729075_29.6012259929_0_202305.jpg,/Users/catherine/Desktop/风险管理/imgs500米间隔161922_副本2/最新四方图/11474_106.303729075_29.6012259929_0_202305.jpg,11474,0,R119C012,沙坪坝区,206,main,ORI中,密集城区,居住主导,稳定
11474_106.303729075_29.6012259929_270_202305.jpg,/Users/catherine/Desktop/风险管理/imgs500米间隔161922_副本2/最新四方图/11474_106.303729075_29.6012259929_270_202305.jpg,11474,270,R119C012,沙坪坝区,206,main,ORI中,密集城区,居住主导,稳定
21197_106.360760516_29.5987374717_90_202305.jpg,/Users/catherine/Desktop/风险管理/imgs500米间隔161922_副本2/最新四方图/21197_106.360760516_29.5987374717_90_202305.jpg,21197,90,R119C023,沙坪坝区,215,main,ORI中,密集城区,混合/非居住,基本稳定-局部变化
21197_106.360760516_29.5987374717_270_202305.jpg,/Users/catherine/Desktop/风险管理/imgs500米间隔161922_副本2/最新四方图/21197_106.360760516_29.5987374717_270_202305.jpg,21197,270,R119C023,沙坪坝区,215,main,ORI中,密集城区,混合/非居住,基本稳定-局部变化
21197_106.360760516_29.5987374717_0_202305.jpg,/Users/catherine/Desktop/风险管理/imgs500米间隔161922_副本2/最新四方图/21197_106.360760516_29.5987374717_0_202305.jpg,21197,0,R119C023,沙坪坝区,215,main,ORI中,密集城区,混合/非居住,基本稳定-局部变化
21197_106.360760516_29.5987374717_180_202305.jpg,/Users/catherine/Desktop/风险管理/imgs500米间隔161922_副本2/最新四方图/21197_106.360760516_29.5987374717_180_202305.jpg,21197,180,R119C023,沙坪坝区,215,main,ORI中,密集城区,混合/非居住,基本稳定-局部变化
6021_106.461793279_29.5995285872_0_202305.jpg,/Users/catherine/Desktop/风险管理/imgs500米间隔161922_副本2/最新四方图/6021_106.461793279_29.5995285872_0_202305.jpg,6021,0,R119C042,江北区,255,main,ORI中,密集城区,居住主导,稳定
6021_106.461793279_29.5995285872_270_202305.jpg,/Users/catherine/Desktop/风险管理/imgs500米间隔161922_副本2/最新四方图/6021_106.461793279_29.5995285872_270_202305.jpg,6021,270,R119C042,江北区,255,main,ORI中,密集城区,居住主导,稳定
6021_106.461793279_29.5995285872_90_202305.jpg,/Users/catherine/Desktop/风险管理/imgs500米间隔161922_副本2/最新四方图/6021_106.461793279_29.5995285872_90_202305.jpg,6021,90,R119C042,江北区,255,main,ORI中,密集城区,居住主导,稳定
6021_106.461793279_29.5995285872_180_202305.jpg,/Users/catherine/Desktop/风险管理/imgs500米间隔161922_副本2/最新四方图/6021_106.461793279_29.5995285872_180_202305.jpg,6021,180,R119C042,江北区,255,main,ORI中,密集城区,居住主导,稳定
18819_106.367262813_29.5958534651_270_202305.jpg,/Users/catherine/Desktop/风险管理/imgs500米间隔161922_副本2/最新四方图/18819_106.367262813_29.5958534651_270_202305.jpg,18819,270,R120C024,沙坪坝区,203,main,ORI中,密集城区,居住主导,稳定
18819_106.367262813_29.5958534651_0_202305.jpg,/Users/catherine/Desktop/风险管理/imgs500米间隔161922_副本2/最新四方图/18819_106.367262813_29.5958534651_0_202305.jpg,18819,0,R120C024,沙坪坝区,203,main,ORI中,密集城区,居住主导,稳定
18819_106.367262813_29.5958534651_180_202305.jpg,/Users/catherine/Desktop/风险管理/imgs500米间隔161922_副本2/最新四方图/18819_106.367262813_29.5958534651_180_202305.jpg,18819,180,R120C024,沙坪坝区,203,main,ORI中,密集城区,居住主导,稳定
18819_106.367262813_29.5958534651_90_202305.jpg,/Users/catherine/Desktop/风险管理/imgs500米间隔161922_副本2/最新四方图/18819_106.367262813_29.5958534651_90_202305.jpg,18819,90,R120C024,沙坪坝区,203,main,ORI中,密集城区,居住主导,稳定
18671_106.517276093_29.5946747914_90_202305.jpg,/Users/catherine/Desktop/风险管理/imgs500米间隔161922_副本2/最新四方图/18671_106.517276093_29.5946747914_90_202305.jpg,18671,90,R120C053,渝北区,76,main,ORI高,密集城区,居住主导,稳定
18671_106.517276093_29.5946747914_0_202305.jpg,/Users/catherine/Desktop/风险管理/imgs500米间隔161922_副本2/最新四方图/18671_106.517276093_29.5946747914_0_202305.jpg,18671,0,R120C053,渝北区,76,main,ORI高,密集城区,居住主导,稳定
18671_106.517276093_29.5946747914_270_202305.jpg,/Users/catherine/Desktop/风险管理/imgs500米间隔161922_副本2/最新四方图/18671_106.517276093_29.5946747914_270_202305.jpg,18671,270,R120C053,渝北区,76,main,ORI高,密集城区,居住主导,稳定
18671_106.517276093_29.5946747914_180_202305.jpg,/Users/catherine/Desktop/风险管理/imgs500米间隔161922_副本2/最新四方图/18671_106.517276093_29.5946747914_180_202305.jpg,18671,180,R120C053,渝北区,76,main,ORI高,密集城区,居住主导,稳定
2215_106.534865639_29.5912770973_180_202305.jpg,/Users/catherine/Desktop/风险管理/imgs500米间隔161922_副本2/最新四方图/2215_106.534865639_29.5912770973_180_202305.jpg,2215,180,R120C057,渝北区,95,main,ORI高,密集城区,居住主导,稳定
2215_106.534865639_29.5912770973_90_202305.jpg,/Users/catherine/Desktop/风险管理/imgs500米间隔161922_副本2/最新四方图/2215_106.534865639_29.5912770973_90_202305.jpg,2215,90,R120C057,渝北区,95,main,ORI高,密集城区,居住主导,稳定
2215_106.534865639_29.5912770973_270_202305.jpg,/Users/catherine/Desktop/风险管理/imgs500米间隔161922_副本2/最新四方图/2215_106.534865639_29.5912770973_270_202305.jpg,2215,270,R120C057,渝北区,95,main,ORI高,密集城区,居住主导,稳定
2215_106.534865639_29.5912770973_0_202305.jpg,/Users/catherine/Desktop/风险管理/imgs500米间隔161922_副本2/最新四方图/2215_106.534865639_29.5912770973_0_202305.jpg,2215,0,R120C057,渝北区,95,main,ORI高,密集城区,居住主导,稳定
3203_106.590213517_29.5941903467_180_202305.jpg,/Users/catherine/Desktop/风险管理/imgs500米间隔161922_副本2/最新四方图/3203_106.590213517_29.5941903467_180_202305.jpg,3203,180,R120C067,南岸区,353,main,ORI高,密集城区,混合/非居住,稳定
3203_106.590213517_29.5941903467_90_202305.jpg,/Users/catherine/Desktop/风险管理/imgs500米间隔161922_副本2/最新四方图/3203_106.590213517_29.5941903467_90_202305.jpg,3203,90,R120C067,南岸区,353,main,ORI高,密集城区,混合/非居住,稳定
3203_106.590213517_29.5941903467_0_202305.jpg,/Users/catherine/Desktop/风险管理/imgs500米间隔161922_副本2/最新四方图/3203_106.590213517_29.5941903467_0_202305.jpg,3203,0,R120C067,南岸区,353,main,ORI高,密集城区,混合/非居住,稳定
3203_106.590213517_29.5941903467_270_202305.jpg,/Users/catherine/Desktop/风险管理/imgs500米间隔161922_副本2/最新四方图/3203_106.590213517_29.5941903467_270_202305.jpg,3203,270,R120C067,南岸区,353,main,ORI高,密集城区,混合/非居住,稳定
1395_106.550239337_29.5872894981_0_202305.jpg,/Users/catherine/Desktop/风险管理/imgs500米间隔161922_副本2/最新四方图/1395_106.550239337_29.5872894981_0_202305.jpg,1395,0,R121C060,渝北区,63,main,ORI中,密集城区,居住主导,稳定
1395_106.550239337_29.5872894981_270_202305.jpg,/Users/catherine/Desktop/风险管理/imgs500米间隔161922_副本2/最新四方图/1395_106.550239337_29.5872894981_270_202305.jpg,1395,270,R121C060,渝北区,63,main,ORI中,密集城区,居住主导,稳定
1395_106.550239337_29.5872894981_90_202305.jpg,/Users/catherine/Desktop/风险管理/imgs500米间隔161922_副本2/最新四方图/1395_106.550239337_29.5872894981_90_202305.jpg,1395,90,R121C060,渝北区,63,main,ORI中,密集城区,居住主导,稳定
1395_106.550239337_29.5872894981_180_202305.jpg,/Users/catherine/Desktop/风险管理/imgs500米间隔161922_副本2/最新四方图/1395_106.550239337_29.5872894981_180_202305.jpg,1395,180,R121C060,渝北区,63,main,ORI中,密集城区,居住主导,稳定
763_106.494642542_29.5858518469_180_202305.jpg,/Users/catherine/Desktop/风险管理/imgs500米间隔161922_副本2/最新四方图/763_106.494642542_29.5858518469_180_202305.jpg,763,180,R122C049,渝北区,94,main,ORI高,密集城区,居住主导,稳定
763_106.494642542_29.5858518469_90_202305.jpg,/Users/catherine/Desktop/风险管理/imgs500米间隔161922_副本2/最新四方图/763_106.494642542_29.5858518469_90_202305.jpg,763,90,R122C049,渝北区,94,main,ORI高,密集城区,居住主导,稳定
763_106.494642542_29.5858518469_270_202305.jpg,/Users/catherine/Desktop/风险管理/imgs500米间隔161922_副本2/最新四方图/763_106.494642542_29.5858518469_270_202305.jpg,763,270,R122C049,渝北区,94,main,ORI高,密集城区,居住主导,稳定
763_106.494642542_29.5858518469_0_202305.jpg,/Users/catherine/Desktop/风险管理/imgs500米间隔161922_副本2/最新四方图/763_106.494642542_29.5858518469_0_202305.jpg,763,0,R122C049,渝北区,94,main,ORI高,密集城区,居住主导,稳定
734_106.535675334_29.585438117_0_202305.jpg,/Users/catherine/Desktop/风险管理/imgs500米间隔161922_副本2/最新四方图/734_106.535675334_29.585438117_0_202305.jpg,734,0,R122C057,江北区,272,main,ORI高,密集城区,居住主导,稳定
734_106.535675334_29.585438117_270_202305.jpg,/Users/catherine/Desktop/风险管理/imgs500米间隔161922_副本2/最新四方图/734_106.535675334_29.585438117_270_202305.jpg,734,270,R122C057,江北区,272,main,ORI高,密集城区,居住主导,稳定
734_106.535675334_29.585438117_90_202305.jpg,/Users/catherine/Desktop/风险管理/imgs500米间隔161922_副本2/最新四方图/734_106.535675334_29.585438117_90_202305.jpg,734,90,R122C057,江北区,272,main,ORI高,密集城区,居住主导,稳定
734_106.535675334_29.585438117_180_202305.jpg,/Users/catherine/Desktop/风险管理/imgs500米间隔161922_副本2/最新四方图/734_106.535675334_29.585438117_180_202305.jpg,734,180,R122C057,江北区,272,main,ORI高,密集城区,居住主导,稳定
4561_106.528572533_29.5787205282_90_202305.jpg,/Users/catherine/Desktop/风险管理/imgs500米间隔161922_副本2/最新四方图/4561_106.528572533_29.5787205282_90_202305.jpg,4561,90,R123C055,江北区,263,main,ORI高,密集城区,居住主导,稳定
4561_106.528572533_29.5787205282_180_202305.jpg,/Users/catherine/Desktop/风险管理/imgs500米间隔161922_副本2/最新四方图/4561_106.528572533_29.5787205282_180_202305.jpg,4561,180,R123C055,江北区,263,main,ORI高,密集城区,居住主导,稳定
4561_106.528572533_29.5787205282_0_202305.jpg,/Users/catherine/Desktop/风险管理/imgs500米间隔161922_副本2/最新四方图/4561_106.528572533_29.5787205282_0_202305.jpg,4561,0,R123C055,江北区,263,main,ORI高,密集城区,居住主导,稳定
4561_106.528572533_29.5787205282_270_202305.jpg,/Users/catherine/Desktop/风险管理/imgs500米间隔161922_副本2/最新四方图/4561_106.528572533_29.5787205282_270_202305.jpg,4561,270,R123C055,江北区,263,main,ORI高,密集城区,居住主导,稳定
8408_106.442676308_29.577081298_180_202305.jpg,/Users/catherine/Desktop/风险管理/imgs500米间隔161922_副本2/最新四方图/8408_106.442676308_29.577081298_180_202305.jpg,8408,180,R124C039,沙坪坝区,213,main,ORI中,密集城区,居住主导,稳定
8408_106.442676308_29.577081298_90_202305.jpg,/Users/catherine/Desktop/风险管理/imgs500米间隔161922_副本2/最新四方图/8408_106.442676308_29.577081298_90_202305.jpg,8408,90,R124C039,沙坪坝区,213,main,ORI中,密集城区,居住主导,稳定
8408_106.442676308_29.577081298_0_202305.jpg,/Users/catherine/Desktop/风险管理/imgs500米间隔161922_副本2/最新四方图/8408_106.442676308_29.577081298_0_202305.jpg,8408,0,R124C039,沙坪坝区,213,main,ORI中,密集城区,居住主导,稳定
8408_106.442676308_29.577081298_270_202305.jpg,/Users/catherine/Desktop/风险管理/imgs500米间隔161922_副本2/最新四方图/8408_106.442676308_29.577081298_270_202305.jpg,8408,270,R124C039,沙坪坝区,213,main,ORI中,密集城区,居住主导,稳定
3321_106.505284572_29.5747391576_270_202305.jpg,/Users/catherine/Desktop/风险管理/imgs500米间隔161922_副本2/最新四方图/3321_106.505284572_29.5747391576_270_202305.jpg,3321,270,R124C051,江北区,261,main,ORI中,密集城区,居住主导,稳定
3321_106.505284572_29.5747391576_90_202305.jpg,/Users/catherine/Desktop/风险管理/imgs500米间隔161922_副本2/最新四方图/3321_106.505284572_29.5747391576_90_202305.jpg,3321,90,R124C051,江北区,261,main,ORI中,密集城区,居住主导,稳定
3321_106.505284572_29.5747391576_180_202305.jpg,/Users/catherine/Desktop/风险管理/imgs500米间隔161922_副本2/最新四方图/3321_106.505284572_29.5747391576_180_202305.jpg,3321,180,R124C051,江北区,261,main,ORI中,密集城区,居住主导,稳定
3321_106.505284572_29.5747391576_0_202305.jpg,/Users/catherine/Desktop/风险管理/imgs500米间隔161922_副本2/最新四方图/3321_106.505284572_29.5747391576_0_202305.jpg,3321,0,R124C051,江北区,261,main,ORI中,密集城区,居住主导,稳定
60_106.563635409_29.574383784_90_202305.jpg,/Users/catherine/Desktop/风险管理/imgs500米间隔161922_副本2/最新四方图/60_106.563635409_29.574383784_90_202305.jpg,60,90,R124C062,江北区,270,main,ORI高,密集城区,居住主导,稳定
60_106.563635409_29.574383784_180_202305.jpg,/Users/catherine/Desktop/风险管理/imgs500米间隔161922_副本2/最新四方图/60_106.563635409_29.574383784_180_202305.jpg,60,180,R124C062,江北区,270,main,ORI高,密集城区,居住主导,稳定
60_106.563635409_29.574383784_0_202305.jpg,/Users/catherine/Desktop/风险管理/imgs500米间隔161922_副本2/最新四方图/60_106.563635409_29.574383784_0_202305.jpg,60,0,R124C062,江北区,270,main,ORI高,密集城区,居住主导,稳定
60_106.563635409_29.574383784_270_202305.jpg,/Users/catherine/Desktop/风险管理/imgs500米间隔161922_副本2/最新四方图/60_106.563635409_29.574383784_270_202305.jpg,60,270,R124C062,江北区,270,main,ORI高,密集城区,居住主导,稳定
3318_106.507699333_29.5692920401_270_202305.jpg,/Users/catherine/Desktop/风险管理/imgs500米间隔161922_副本2/最新四方图/3318_106.507699333_29.5692920401_270_202305.jpg,3318,270,R125C051,江北区,256,main,ORI中,一般建成区,居住主导,稳定
3318_106.507699333_29.5692920401_0_202305.jpg,/Users/catherine/Desktop/风险管理/imgs500米间隔161922_副本2/最新四方图/3318_106.507699333_29.5692920401_0_202305.jpg,3318,0,R125C051,江北区,256,main,ORI中,一般建成区,居住主导,稳定
3318_106.507699333_29.5692920401_90_202305.jpg,/Users/catherine/Desktop/风险管理/imgs500米间隔161922_副本2/最新四方图/3318_106.507699333_29.5692920401_90_202305.jpg,3318,90,R125C051,江北区,256,main,ORI中,一般建成区,居住主导,稳定
3318_106.507699333_29.5692920401_180_202305.jpg,/Users/catherine/Desktop/风险管理/imgs500米间隔161922_副本2/最新四方图/3318_106.507699333_29.5692920401_180_202305.jpg,3318,180,R125C051,江北区,256,main,ORI中,一般建成区,居住主导,稳定
346_106.533021812_29.5706683979_90_202305.jpg,/Users/catherine/Desktop/风险管理/imgs500米间隔161922_副本2/最新四方图/346_106.533021812_29.5706683979_90_202305.jpg,346,90,R125C056,江北区,268,main,ORI高,密集城区,居住主导,稳定
346_106.533021812_29.5706683979_180_202305.jpg,/Users/catherine/Desktop/风险管理/imgs500米间隔161922_副本2/最新四方图/346_106.533021812_29.5706683979_180_202305.jpg,346,180,R125C056,江北区,268,main,ORI高,密集城区,居住主导,稳定
346_106.533021812_29.5706683979_0_202305.jpg,/Users/catherine/Desktop/风险管理/imgs500米间隔161922_副本2/最新四方图/346_106.533021812_29.5706683979_0_202305.jpg,346,0,R125C056,江北区,268,main,ORI高,密集城区,居住主导,稳定
346_106.533021812_29.5706683979_270_202305.jpg,/Users/catherine/Desktop/风险管理/imgs500米间隔161922_副本2/最新四方图/346_106.533021812_29.5706683979_270_202305.jpg,346,270,R125C056,江北区,268,main,ORI高,密集城区,居住主导,稳定
11217_106.551875034_29.5692030463_270_202305.jpg,/Users/catherine/Desktop/风险管理/imgs500米间隔161922_副本2/最新四方图/11217_106.551875034_29.5692030463_270_202305.jpg,11217,270,R125C060,渝中区,364,main,ORI高,一般建成区,居住主导,稳定
11217_106.551875034_29.5692030463_0_202305.jpg,/Users/catherine/Desktop/风险管理/imgs500米间隔161922_副本2/最新四方图/11217_106.551875034_29.5692030463_0_202305.jpg,11217,0,R125C060,渝中区,364,main,ORI高,一般建成区,居住主导,稳定
11217_106.551875034_29.5692030463_90_202305.jpg,/Users/catherine/Desktop/风险管理/imgs500米间隔161922_副本2/最新四方图/11217_106.551875034_29.5692030463_90_202305.jpg,11217,90,R125C060,渝中区,364,main,ORI高,一般建成区,居住主导,稳定
11217_106.551875034_29.5692030463_180_202305.jpg,/Users/catherine/Desktop/风险管理/imgs500米间隔161922_副本2/最新四方图/11217_106.551875034_29.5692030463_180_202305.jpg,11217,180,R125C060,渝中区,364,main,ORI高,一般建成区,居住主导,稳定
420_106.553930199_29.5670845554_180_202305.jpg,/Users/catherine/Desktop/风险管理/imgs500米间隔161922_副本2/最新四方图/420_106.553930199_29.5670845554_180_202305.jpg,420,180,R126C060,渝中区,362,main,ORI高,密集城区,居住主导,稳定
420_106.553930199_29.5670845554_0_202305.jpg,/Users/catherine/Desktop/风险管理/imgs500米间隔161922_副本2/最新四方图/420_106.553930199_29.5670845554_0_202305.jpg,420,0,R126C060,渝中区,362,main,ORI高,密集城区,居住主导,稳定
420_106.553930199_29.5670845554_90_202305.jpg,/Users/catherine/Desktop/风险管理/imgs500米间隔161922_副本2/最新四方图/420_106.553930199_29.5670845554_90_202305.jpg,420,90,R126C060,渝中区,362,main,ORI高,密集城区,居住主导,稳定
420_106.553930199_29.5670845554_270_202305.jpg,/Users/catherine/Desktop/风险管理/imgs500米间隔161922_副本2/最新四方图/420_106.553930199_29.5670845554_270_202305.jpg,420,270,R126C060,渝中区,362,main,ORI高,密集城区,居住主导,稳定
58_106.562244908_29.5648247427_180_202305.jpg,/Users/catherine/Desktop/风险管理/imgs500米间隔161922_副本2/最新四方图/58_106.562244908_29.5648247427_180_202305.jpg,58,180,R126C062,渝中区,368,main,ORI高,密集城区,居住主导,稳定
58_106.562244908_29.5648247427_0_202305.jpg,/Users/catherine/Desktop/风险管理/imgs500米间隔161922_副本2/最新四方图/58_106.562244908_29.5648247427_0_202305.jpg,58,0,R126C062,渝中区,368,main,ORI高,密集城区,居住主导,稳定
58_106.562244908_29.5648247427_90_202305.jpg,/Users/catherine/Desktop/风险管理/imgs500米间隔161922_副本2/最新四方图/58_106.562244908_29.5648247427_90_202305.jpg,58,90,R126C062,渝中区,368,main,ORI高,密集城区,居住主导,稳定
58_106.562244908_29.5648247427_270_202305.jpg,/Users/catherine/Desktop/风险管理/imgs500米间隔161922_副本2/最新四方图/58_106.562244908_29.5648247427_270_202305.jpg,58,270,R126C062,渝中区,368,main,ORI高,密集城区,居住主导,稳定
8441_106.44379336_29.5647477646_90_202305.jpg,/Users/catherine/Desktop/风险管理/imgs500米间隔161922_副本2/最新四方图/8441_106.44379336_29.5647477646_90_202305.jpg,8441,90,R127C039,沙坪坝区,229,main,ORI高,密集城区,居住主导,稳定
8441_106.44379336_29.5647477646_180_202305.jpg,/Users/catherine/Desktop/风险管理/imgs500米间隔161922_副本2/最新四方图/8441_106.44379336_29.5647477646_180_202305.jpg,8441,180,R127C039,沙坪坝区,229,main,ORI高,密集城区,居住主导,稳定
8441_106.44379336_29.5647477646_270_202305.jpg,/Users/catherine/Desktop/风险管理/imgs500米间隔161922_副本2/最新四方图/8441_106.44379336_29.5647477646_270_202305.jpg,8441,270,R127C039,沙坪坝区,229,main,ORI高,密集城区,居住主导,稳定
8441_106.44379336_29.5647477646_0_202305.jpg,/Users/catherine/Desktop/风险管理/imgs500米间隔161922_副本2/最新四方图/8441_106.44379336_29.5647477646_0_202305.jpg,8441,0,R127C039,沙坪坝区,229,main,ORI高,密集城区,居住主导,稳定
14158_106.454457575_29.5609504375_0_202305.jpg,/Users/catherine/Desktop/风险管理/imgs500米间隔161922_副本2/最新四方图/14158_106.454457575_29.5609504375_0_202305.jpg,14158,0,R127C041,沙坪坝区,223,main,ORI高,密集城区,居住主导,稳定
14158_106.454457575_29.5609504375_270_202305.jpg,/Users/catherine/Desktop/风险管理/imgs500米间隔161922_副本2/最新四方图/14158_106.454457575_29.5609504375_270_202305.jpg,14158,270,R127C041,沙坪坝区,223,main,ORI高,密集城区,居住主导,稳定
14158_106.454457575_29.5609504375_90_202305.jpg,/Users/catherine/Desktop/风险管理/imgs500米间隔161922_副本2/最新四方图/14158_106.454457575_29.5609504375_90_202305.jpg,14158,90,R127C041,沙坪坝区,223,main,ORI高,密集城区,居住主导,稳定
14158_106.454457575_29.5609504375_180_202305.jpg,/Users/catherine/Desktop/风险管理/imgs500米间隔161922_副本2/最新四方图/14158_106.454457575_29.5609504375_180_202305.jpg,14158,180,R127C041,沙坪坝区,223,main,ORI高,密集城区,居住主导,稳定
9174_106.464006074_29.5636684162_90_202305.jpg,/Users/catherine/Desktop/风险管理/imgs500米间隔161922_副本2/最新四方图/9174_106.464006074_29.5636684162_90_202305.jpg,9174,90,R127C043,沙坪坝区,242,main,ORI高,密集城区,居住主导,稳定
9174_106.464006074_29.5636684162_0_202305.jpg,/Users/catherine/Desktop/风险管理/imgs500米间隔161922_副本2/最新四方图/9174_106.464006074_29.5636684162_0_202305.jpg,9174,0,R127C043,沙坪坝区,242,main,ORI高,密集城区,居住主导,稳定
9174_106.464006074_29.5636684162_270_202305.jpg,/Users/catherine/Desktop/风险管理/imgs500米间隔161922_副本2/最新四方图/9174_106.464006074_29.5636684162_270_202305.jpg,9174,270,R127C043,沙坪坝区,242,main,ORI高,密集城区,居住主导,稳定
9174_106.464006074_29.5636684162_180_202305.jpg,/Users/catherine/Desktop/风险管理/imgs500米间隔161922_副本2/最新四方图/9174_106.464006074_29.5636684162_180_202305.jpg,9174,180,R127C043,沙坪坝区,242,main,ORI高,密集城区,居住主导,稳定
934_106.475797851_29.5642380373_0_202305.jpg,/Users/catherine/Desktop/风险管理/imgs500米间隔161922_副本2/最新四方图/934_106.475797851_29.5642380373_0_202305.jpg,934,0,R127C045,沙坪坝区,225,main,ORI高,密集城区,居住主导,稳定
934_106.475797851_29.5642380373_180_202305.jpg,/Users/catherine/Desktop/风险管理/imgs500米间隔161922_副本2/最新四方图/934_106.475797851_29.5642380373_180_202305.jpg,934,180,R127C045,沙坪坝区,225,main,ORI高,密集城区,居住主导,稳定
934_106.475797851_29.5642380373_90_202305.jpg,/Users/catherine/Desktop/风险管理/imgs500米间隔161922_副本2/最新四方图/934_106.475797851_29.5642380373_90_202305.jpg,934,90,R127C045,沙坪坝区,225,main,ORI高,密集城区,居住主导,稳定
934_106.475797851_29.5642380373_270_202305.jpg,/Users/catherine/Desktop/风险管理/imgs500米间隔161922_副本2/最新四方图/934_106.475797851_29.5642380373_270_202305.jpg,934,270,R127C045,沙坪坝区,225,main,ORI高,密集城区,居住主导,稳定
2435_106.521010347_29.5624641937_270_202305.jpg,/Users/catherine/Desktop/风险管理/imgs500米间隔161922_副本2/最新四方图/2435_106.521010347_29.5624641937_270_202305.jpg,2435,270,R127C054,江北区,267,main,ORI高,密集城区,居住主导,稳定
2435_106.521010347_29.5624641937_90_202305.jpg,/Users/catherine/Desktop/风险管理/imgs500米间隔161922_副本2/最新四方图/2435_106.521010347_29.5624641937_90_202305.jpg,2435,90,R127C054,江北区,267,main,ORI高,密集城区,居住主导,稳定
2435_106.521010347_29.5624641937_0_202305.jpg,/Users/catherine/Desktop/风险管理/imgs500米间隔161922_副本2/最新四方图/2435_106.521010347_29.5624641937_0_202305.jpg,2435,0,R127C054,江北区,267,main,ORI高,密集城区,居住主导,稳定
2435_106.521010347_29.5624641937_180_202305.jpg,/Users/catherine/Desktop/风险管理/imgs500米间隔161922_副本2/最新四方图/2435_106.521010347_29.5624641937_180_202305.jpg,2435,180,R127C054,江北区,267,main,ORI高,密集城区,居住主导,稳定
2432_106.523657892_29.5636648201_180_202305.jpg,/Users/catherine/Desktop/风险管理/imgs500米间隔161922_副本2/最新四方图/2432_106.523657892_29.5636648201_180_202305.jpg,2432,180,R127C055,江北区,271,main,ORI高,密集城区,混合/非居住,稳定
2432_106.523657892_29.5636648201_0_202305.jpg,/Users/catherine/Desktop/风险管理/imgs500米间隔161922_副本2/最新四方图/2432_106.523657892_29.5636648201_0_202305.jpg,2432,0,R127C055,江北区,271,main,ORI高,密集城区,混合/非居住,稳定
2432_106.523657892_29.5636648201_90_202305.jpg,/Users/catherine/Desktop/风险管理/imgs500米间隔161922_副本2/最新四方图/2432_106.523657892_29.5636648201_90_202305.jpg,2432,90,R127C055,江北区,271,main,ORI高,密集城区,混合/非居住,稳定
2432_106.523657892_29.5636648201_270_202305.jpg,/Users/catherine/Desktop/风险管理/imgs500米间隔161922_副本2/最新四方图/2432_106.523657892_29.5636648201_270_202305.jpg,2432,270,R127C055,江北区,271,main,ORI高,密集城区,混合/非居住,稳定
18850_106.415433135_29.5573213786_0_202305.jpg,/Users/catherine/Desktop/风险管理/imgs500米间隔161922_副本2/最新四方图/18850_106.415433135_29.5573213786_0_202305.jpg,18850,0,R128C034,沙坪坝区,217,main,ORI中,密集城区,居住主导,稳定
18850_106.415433135_29.5573213786_270_202305.jpg,/Users/catherine/Desktop/风险管理/imgs500米间隔161922_副本2/最新四方图/18850_106.415433135_29.5573213786_270_202305.jpg,18850,270,R128C034,沙坪坝区,217,main,ORI中,密集城区,居住主导,稳定
18850_106.415433135_29.5573213786_90_202305.jpg,/Users/catherine/Desktop/风险管理/imgs500米间隔161922_副本2/最新四方图/18850_106.415433135_29.5573213786_90_202305.jpg,18850,90,R128C034,沙坪坝区,217,main,ORI中,密集城区,居住主导,稳定
18850_106.415433135_29.5573213786_180_202305.jpg,/Users/catherine/Desktop/风险管理/imgs500米间隔161922_副本2/最新四方图/18850_106.415433135_29.5573213786_180_202305.jpg,18850,180,R128C034,沙坪坝区,217,main,ORI中,密集城区,居住主导,稳定
293_106.579718578_29.5551960144_90_202305.jpg,/Users/catherine/Desktop/风险管理/imgs500米间隔161922_副本2/最新四方图/293_106.579718578_29.5551960144_90_202305.jpg,293,90,R128C065,渝中区,367,main,ORI高,密集城区,居住主导,稳定
293_106.579718578_29.5551960144_0_202305.jpg,/Users/catherine/Desktop/风险管理/imgs500米间隔161922_副本2/最新四方图/293_106.579718578_29.5551960144_0_202305.jpg,293,0,R128C065,渝中区,367,main,ORI高,密集城区,居住主导,稳定
293_106.579718578_29.5551960144_270_202305.jpg,/Users/catherine/Desktop/风险管理/imgs500米间隔161922_副本2/最新四方图/293_106.579718578_29.5551960144_270_202305.jpg,293,270,R128C065,渝中区,367,main,ORI高,密集城区,居住主导,稳定
293_106.579718578_29.5551960144_180_202305.jpg,/Users/catherine/Desktop/风险管理/imgs500米间隔161922_副本2/最新四方图/293_106.579718578_29.5551960144_180_202305.jpg,293,180,R128C065,渝中区,367,main,ORI高,密集城区,居住主导,稳定
413_106.581670177_29.5569644903_180_202305.jpg,/Users/catherine/Desktop/风险管理/imgs500米间隔161922_副本2/最新四方图/413_106.581670177_29.5569644903_180_202305.jpg,413,180,R128C066,渝中区,365,main,ORI高,密集城区,居住主导,稳定
413_106.581670177_29.5569644903_90_202305.jpg,/Users/catherine/Desktop/风险管理/imgs500米间隔161922_副本2/最新四方图/413_106.581670177_29.5569644903_90_202305.jpg,413,90,R128C066,渝中区,365,main,ORI高,密集城区,居住主导,稳定
413_106.581670177_29.5569644903_270_202305.jpg,/Users/catherine/Desktop/风险管理/imgs500米间隔161922_副本2/最新四方图/413_106.581670177_29.5569644903_270_202305.jpg,413,270,R128C066,渝中区,365,main,ORI高,密集城区,居住主导,稳定
413_106.581670177_29.5569644903_0_202305.jpg,/Users/catherine/Desktop/风险管理/imgs500米间隔161922_副本2/最新四方图/413_106.581670177_29.5569644903_0_202305.jpg,413,0,R128C066,渝中区,365,main,ORI高,密集城区,居住主导,稳定
2033_106.466446298_29.5523061183_0_202305.jpg,/Users/catherine/Desktop/风险管理/imgs500米间隔161922_副本2/最新四方图/2033_106.466446298_29.5523061183_0_202305.jpg,2033,0,R129C044,沙坪坝区,207,main,ORI中,密集城区,居住主导,稳定
2033_106.466446298_29.5523061183_180_202305.jpg,/Users/catherine/Desktop/风险管理/imgs500米间隔161922_副本2/最新四方图/2033_106.466446298_29.5523061183_180_202305.jpg,2033,180,R129C044,沙坪坝区,207,main,ORI中,密集城区,居住主导,稳定
2033_106.466446298_29.5523061183_90_202305.jpg,/Users/catherine/Desktop/风险管理/imgs500米间隔161922_副本2/最新四方图/2033_106.466446298_29.5523061183_90_202305.jpg,2033,90,R129C044,沙坪坝区,207,main,ORI中,密集城区,居住主导,稳定
2033_106.466446298_29.5523061183_270_202305.jpg,/Users/catherine/Desktop/风险管理/imgs500米间隔161922_副本2/最新四方图/2033_106.466446298_29.5523061183_270_202305.jpg,2033,270,R129C044,沙坪坝区,207,main,ORI中,密集城区,居住主导,稳定
2450_106.502454653_29.5552502403_270_202305.jpg,/Users/catherine/Desktop/风险管理/imgs500米间隔161922_副本2/最新四方图/2450_106.502454653_29.5552502403_270_202305.jpg,2450,270,R129C050,渝中区,358,main,ORI中,密集城区,居住主导,稳定
2450_106.502454653_29.5552502403_180_202305.jpg,/Users/catherine/Desktop/风险管理/imgs500米间隔161922_副本2/最新四方图/2450_106.502454653_29.5552502403_180_202305.jpg,2450,180,R129C050,渝中区,358,main,ORI中,密集城区,居住主导,稳定
2450_106.502454653_29.5552502403_0_202305.jpg,/Users/catherine/Desktop/风险管理/imgs500米间隔161922_副本2/最新四方图/2450_106.502454653_29.5552502403_0_202305.jpg,2450,0,R129C050,渝中区,358,main,ORI中,密集城区,居住主导,稳定
2450_106.502454653_29.5552502403_90_202305.jpg,/Users/catherine/Desktop/风险管理/imgs500米间隔161922_副本2/最新四方图/2450_106.502454653_29.5552502403_90_202305.jpg,2450,90,R129C050,渝中区,358,main,ORI中,密集城区,居住主导,稳定
10793_106.521593329_29.5527270178_180_202305.jpg,/Users/catherine/Desktop/风险管理/imgs500米间隔161922_副本2/最新四方图/10793_106.521593329_29.5527270178_180_202305.jpg,10793,180,R129C054,渝中区,363,main,ORI高,密集城区,混合/非居住,稳定
10793_106.521593329_29.5527270178_0_202305.jpg,/Users/catherine/Desktop/风险管理/imgs500米间隔161922_副本2/最新四方图/10793_106.521593329_29.5527270178_0_202305.jpg,10793,0,R129C054,渝中区,363,main,ORI高,密集城区,混合/非居住,稳定
10793_106.521593329_29.5527270178_90_202305.jpg,/Users/catherine/Desktop/风险管理/imgs500米间隔161922_副本2/最新四方图/10793_106.521593329_29.5527270178_90_202305.jpg,10793,90,R129C054,渝中区,363,main,ORI高,密集城区,混合/非居住,稳定
10793_106.521593329_29.5527270178_270_202305.jpg,/Users/catherine/Desktop/风险管理/imgs500米间隔161922_副本2/最新四方图/10793_106.521593329_29.5527270178_270_202305.jpg,10793,270,R129C054,渝中区,363,main,ORI高,密集城区,混合/非居住,稳定
2460_106.531057487_29.5551109929_180_202305.jpg,/Users/catherine/Desktop/风险管理/imgs500米间隔161922_副本2/最新四方图/2460_106.531057487_29.5551109929_180_202305.jpg,2460,180,R129C056,渝中区,370,main,ORI中,密集城区,混合/非居住,稳定
2460_106.531057487_29.5551109929_90_202305.jpg,/Users/catherine/Desktop/风险管理/imgs500米间隔161922_副本2/最新四方图/2460_106.531057487_29.5551109929_90_202305.jpg,2460,90,R129C056,渝中区,370,main,ORI中,密集城区,混合/非居住,稳定
2460_106.531057487_29.5551109929_0_202305.jpg,/Users/catherine/Desktop/风险管理/imgs500米间隔161922_副本2/最新四方图/2460_106.531057487_29.5551109929_0_202305.jpg,2460,0,R129C056,渝中区,370,main,ORI中,密集城区,混合/非居住,稳定
2460_106.531057487_29.5551109929_270_202305.jpg,/Users/catherine/Desktop/风险管理/imgs500米间隔161922_副本2/最新四方图/2460_106.531057487_29.5551109929_270_202305.jpg,2460,270,R129C056,渝中区,370,main,ORI中,密集城区,混合/非居住,稳定
9183_106.537682269_29.5517079063_180_202305.jpg,/Users/catherine/Desktop/风险管理/imgs500米间隔161922_副本2/最新四方图/9183_106.537682269_29.5517079063_180_202305.jpg,9183,180,R129C057,渝中区,359,main,ORI中,密集城区,混合/非居住,稳定
9183_106.537682269_29.5517079063_270_202305.jpg,/Users/catherine/Desktop/风险管理/imgs500米间隔161922_副本2/最新四方图/9183_106.537682269_29.5517079063_270_202305.jpg,9183,270,R129C057,渝中区,359,main,ORI中,密集城区,混合/非居住,稳定
9183_106.537682269_29.5517079063_0_202305.jpg,/Users/catherine/Desktop/风险管理/imgs500米间隔161922_副本2/最新四方图/9183_106.537682269_29.5517079063_0_202305.jpg,9183,0,R129C057,渝中区,359,main,ORI中,密集城区,混合/非居住,稳定
9183_106.537682269_29.5517079063_90_202305.jpg,/Users/catherine/Desktop/风险管理/imgs500米间隔161922_副本2/最新四方图/9183_106.537682269_29.5517079063_90_202305.jpg,9183,90,R129C057,渝中区,359,main,ORI中,密集城区,混合/非居住,稳定
4168_106.591305496_29.5532879387_0_202305.jpg,/Users/catherine/Desktop/风险管理/imgs500米间隔161922_副本2/最新四方图/4168_106.591305496_29.5532879387_0_202305.jpg,4168,0,R129C068,南岸区,345,main,ORI中,密集城区,居住主导,稳定
4168_106.591305496_29.5532879387_270_202305.jpg,/Users/catherine/Desktop/风险管理/imgs500米间隔161922_副本2/最新四方图/4168_106.591305496_29.5532879387_270_202305.jpg,4168,270,R129C068,南岸区,345,main,ORI中,密集城区,居住主导,稳定
4168_106.591305496_29.5532879387_90_202305.jpg,/Users/catherine/Desktop/风险管理/imgs500米间隔161922_副本2/最新四方图/4168_106.591305496_29.5532879387_90_202305.jpg,4168,90,R129C068,南岸区,345,main,ORI中,密集城区,居住主导,稳定
4168_106.591305496_29.5532879387_180_202305.jpg,/Users/catherine/Desktop/风险管理/imgs500米间隔161922_副本2/最新四方图/4168_106.591305496_29.5532879387_180_202305.jpg,4168,180,R129C068,南岸区,345,main,ORI中,密集城区,居住主导,稳定
6631_106.371823643_29.5511767269_0_202305.jpg,/Users/catherine/Desktop/风险管理/imgs500米间隔161922_副本2/最新四方图/6631_106.371823643_29.5511767269_0_202305.jpg,6631,0,R130C025,九龙坡区,147,main,ORI中,密集城区,混合/非居住,基本稳定-局部变化
6631_106.371823643_29.5511767269_270_202305.jpg,/Users/catherine/Desktop/风险管理/imgs500米间隔161922_副本2/最新四方图/6631_106.371823643_29.5511767269_270_202305.jpg,6631,270,R130C025,九龙坡区,147,main,ORI中,密集城区,混合/非居住,基本稳定-局部变化
6631_106.371823643_29.5511767269_180_202305.jpg,/Users/catherine/Desktop/风险管理/imgs500米间隔161922_副本2/最新四方图/6631_106.371823643_29.5511767269_180_202305.jpg,6631,180,R130C025,九龙坡区,147,main,ORI中,密集城区,混合/非居住,基本稳定-局部变化
6631_106.371823643_29.5511767269_90_202305.jpg,/Users/catherine/Desktop/风险管理/imgs500米间隔161922_副本2/最新四方图/6631_106.371823643_29.5511767269_90_202305.jpg,6631,90,R130C025,九龙坡区,147,main,ORI中,密集城区,混合/非居住,基本稳定-局部变化
13587_106.377238226_29.5502607716_270_202305.jpg,/Users/catherine/Desktop/风险管理/imgs500米间隔161922_副本2/最新四方图/13587_106.377238226_29.5502607716_270_202305.jpg,13587,270,R130C026,沙坪坝区,376,sensitivity,ORI中,密集城区,居住主导,显著变化
13587_106.377238226_29.5502607716_180_202305.jpg,/Users/catherine/Desktop/风险管理/imgs500米间隔161922_副本2/最新四方图/13587_106.377238226_29.5502607716_180_202305.jpg,13587,180,R130C026,沙坪坝区,376,sensitivity,ORI中,密集城区,居住主导,显著变化
13587_106.377238226_29.5502607716_90_202305.jpg,/Users/catherine/Desktop/风险管理/imgs500米间隔161922_副本2/最新四方图/13587_106.377238226_29.5502607716_90_202305.jpg,13587,90,R130C026,沙坪坝区,376,sensitivity,ORI中,密集城区,居住主导,显著变化
13587_106.377238226_29.5502607716_0_202305.jpg,/Users/catherine/Desktop/风险管理/imgs500米间隔161922_副本2/最新四方图/13587_106.377238226_29.5502607716_0_202305.jpg,13587,0,R130C026,沙坪坝区,376,sensitivity,ORI中,密集城区,居住主导,显著变化
15867_106.397426429_29.549556548_0_202305.jpg,/Users/catherine/Desktop/风险管理/imgs500米间隔161922_副本2/最新四方图/15867_106.397426429_29.549556548_0_202305.jpg,15867,0,R130C030,沙坪坝区,199,main,ORI低,密集城区,混合/非居住,稳定
15867_106.397426429_29.549556548_270_202305.jpg,/Users/catherine/Desktop/风险管理/imgs500米间隔161922_副本2/最新四方图/15867_106.397426429_29.549556548_270_202305.jpg,15867,270,R130C030,沙坪坝区,199,main,ORI低,密集城区,混合/非居住,稳定
15867_106.397426429_29.549556548_90_202305.jpg,/Users/catherine/Desktop/风险管理/imgs500米间隔161922_副本2/最新四方图/15867_106.397426429_29.549556548_90_202305.jpg,15867,90,R130C030,沙坪坝区,199,main,ORI低,密集城区,混合/非居住,稳定
15867_106.397426429_29.549556548_180_202305.jpg,/Users/catherine/Desktop/风险管理/imgs500米间隔161922_副本2/最新四方图/15867_106.397426429_29.549556548_180_202305.jpg,15867,180,R130C030,沙坪坝区,199,main,ORI低,密集城区,混合/非居住,稳定
6485_106.504402406_29.5474902715_270_202305.jpg,/Users/catherine/Desktop/风险管理/imgs500米间隔161922_副本2/最新四方图/6485_106.504402406_29.5474902715_270_202305.jpg,6485,270,R130C051,渝中区,357,main,ORI中,密集城区,混合/非居住,基本稳定-局部变化
6485_106.504402406_29.5474902715_0_202305.jpg,/Users/catherine/Desktop/风险管理/imgs500米间隔161922_副本2/最新四方图/6485_106.504402406_29.5474902715_0_202305.jpg,6485,0,R130C051,渝中区,357,main,ORI中,密集城区,混合/非居住,基本稳定-局部变化
6485_106.504402406_29.5474902715_180_202305.jpg,/Users/catherine/Desktop/风险管理/imgs500米间隔161922_副本2/最新四方图/6485_106.504402406_29.5474902715_180_202305.jpg,6485,180,R130C051,渝中区,357,main,ORI中,密集城区,混合/非居住,基本稳定-局部变化
6485_106.504402406_29.5474902715_90_202305.jpg,/Users/catherine/Desktop/风险管理/imgs500米间隔161922_副本2/最新四方图/6485_106.504402406_29.5474902715_90_202305.jpg,6485,90,R130C051,渝中区,357,main,ORI中,密集城区,混合/非居住,基本稳定-局部变化
2171_106.507892397_29.547704284_0_202305.jpg,/Users/catherine/Desktop/风险管理/imgs500米间隔161922_副本2/最新四方图/2171_106.507892397_29.547704284_0_202305.jpg,2171,0,R130C052,渝中区,356,main,ORI中,密集城区,居住主导,基本稳定-局部变化
2171_106.507892397_29.547704284_180_202305.jpg,/Users/catherine/Desktop/风险管理/imgs500米间隔161922_副本2/最新四方图/2171_106.507892397_29.547704284_180_202305.jpg,2171,180,R130C052,渝中区,356,main,ORI中,密集城区,居住主导,基本稳定-局部变化
2171_106.507892397_29.547704284_90_202305.jpg,/Users/catherine/Desktop/风险管理/imgs500米间隔161922_副本2/最新四方图/2171_106.507892397_29.547704284_90_202305.jpg,2171,90,R130C052,渝中区,356,main,ORI中,密集城区,居住主导,基本稳定-局部变化
2171_106.507892397_29.547704284_270_202305.jpg,/Users/catherine/Desktop/风险管理/imgs500米间隔161922_副本2/最新四方图/2171_106.507892397_29.547704284_270_202305.jpg,2171,270,R130C052,渝中区,356,main,ORI中,密集城区,居住主导,基本稳定-局部变化
3179_106.524902235_29.5474878131_270_202305.jpg,/Users/catherine/Desktop/风险管理/imgs500米间隔161922_副本2/最新四方图/3179_106.524902235_29.5474878131_270_202305.jpg,3179,270,R130C055,渝中区,360,main,ORI中,密集城区,混合/非居住,稳定
3179_106.524902235_29.5474878131_90_202305.jpg,/Users/catherine/Desktop/风险管理/imgs500米间隔161922_副本2/最新四方图/3179_106.524902235_29.5474878131_90_202305.jpg,3179,90,R130C055,渝中区,360,main,ORI中,密集城区,混合/非居住,稳定
3179_106.524902235_29.5474878131_0_202305.jpg,/Users/catherine/Desktop/风险管理/imgs500米间隔161922_副本2/最新四方图/3179_106.524902235_29.5474878131_0_202305.jpg,3179,0,R130C055,渝中区,360,main,ORI中,密集城区,混合/非居住,稳定
3179_106.524902235_29.5474878131_180_202305.jpg,/Users/catherine/Desktop/风险管理/imgs500米间隔161922_副本2/最新四方图/3179_106.524902235_29.5474878131_180_202305.jpg,3179,180,R130C055,渝中区,360,main,ORI中,密集城区,混合/非居住,稳定
17199_106.53473586_29.549627163_270_202305.jpg,/Users/catherine/Desktop/风险管理/imgs500米间隔161922_副本2/最新四方图/17199_106.53473586_29.549627163_270_202305.jpg,17199,270,R130C057,渝中区,361,main,ORI高,密集城区,混合/非居住,稳定
17199_106.53473586_29.549627163_90_202305.jpg,/Users/catherine/Desktop/风险管理/imgs500米间隔161922_副本2/最新四方图/17199_106.53473586_29.549627163_90_202305.jpg,17199,90,R130C057,渝中区,361,main,ORI高,密集城区,混合/非居住,稳定
17199_106.53473586_29.549627163_180_202305.jpg,/Users/catherine/Desktop/风险管理/imgs500米间隔161922_副本2/最新四方图/17199_106.53473586_29.549627163_180_202305.jpg,17199,180,R130C057,渝中区,361,main,ORI高,密集城区,混合/非居住,稳定
17199_106.53473586_29.549627163_0_202305.jpg,/Users/catherine/Desktop/风险管理/imgs500米间隔161922_副本2/最新四方图/17199_106.53473586_29.549627163_0_202305.jpg,17199,0,R130C057,渝中区,361,main,ORI高,密集城区,混合/非居住,稳定
8647_106.587964733_29.5471304084_270_202305.jpg,/Users/catherine/Desktop/风险管理/imgs500米间隔161922_副本2/最新四方图/8647_106.587964733_29.5471304084_270_202305.jpg,8647,270,R130C067,南岸区,348,main,ORI中,密集城区,居住主导,稳定
8647_106.587964733_29.5471304084_0_202305.jpg,/Users/catherine/Desktop/风险管理/imgs500米间隔161922_副本2/最新四方图/8647_106.587964733_29.5471304084_0_202305.jpg,8647,0,R130C067,南岸区,348,main,ORI中,密集城区,居住主导,稳定
8647_106.587964733_29.5471304084_180_202305.jpg,/Users/catherine/Desktop/风险管理/imgs500米间隔161922_副本2/最新四方图/8647_106.587964733_29.5471304084_180_202305.jpg,8647,180,R130C067,南岸区,348,main,ORI中,密集城区,居住主导,稳定
8647_106.587964733_29.5471304084_90_202305.jpg,/Users/catherine/Desktop/风险管理/imgs500米间隔161922_副本2/最新四方图/8647_106.587964733_29.5471304084_90_202305.jpg,8647,90,R130C067,南岸区,348,main,ORI中,密集城区,居住主导,稳定
16535_106.289087086_29.5447531066_180_202305.jpg,/Users/catherine/Desktop/风险管理/imgs500米间隔161922_副本2/最新四方图/16535_106.289087086_29.5447531066_180_202305.jpg,16535,180,R131C009,沙坪坝区,196,main,ORI低,密集城区,居住主导,基本稳定-局部变化
16535_106.289087086_29.5447531066_90_202305.jpg,/Users/catherine/Desktop/风险管理/imgs500米间隔161922_副本2/最新四方图/16535_106.289087086_29.5447531066_90_202305.jpg,16535,90,R131C009,沙坪坝区,196,main,ORI低,密集城区,居住主导,基本稳定-局部变化
16535_106.289087086_29.5447531066_0_202305.jpg,/Users/catherine/Desktop/风险管理/imgs500米间隔161922_副本2/最新四方图/16535_106.289087086_29.5447531066_0_202305.jpg,16535,0,R131C009,沙坪坝区,196,main,ORI低,密集城区,居住主导,基本稳定-局部变化
16535_106.289087086_29.5447531066_270_202305.jpg,/Users/catherine/Desktop/风险管理/imgs500米间隔161922_副本2/最新四方图/16535_106.289087086_29.5447531066_270_202305.jpg,16535,270,R131C009,沙坪坝区,196,main,ORI低,密集城区,居住主导,基本稳定-局部变化
16762_106.36873388_29.5445989242_270_202305.jpg,/Users/catherine/Desktop/风险管理/imgs500米间隔161922_副本2/最新四方图/16762_106.36873388_29.5445989242_270_202305.jpg,16762,270,R131C025,九龙坡区,116,main,ORI低,一般建成区,居住主导,稳定
16762_106.36873388_29.5445989242_0_202305.jpg,/Users/catherine/Desktop/风险管理/imgs500米间隔161922_副本2/最新四方图/16762_106.36873388_29.5445989242_0_202305.jpg,16762,0,R131C025,九龙坡区,116,main,ORI低,一般建成区,居住主导,稳定
16762_106.36873388_29.5445989242_90_202305.jpg,/Users/catherine/Desktop/风险管理/imgs500米间隔161922_副本2/最新四方图/16762_106.36873388_29.5445989242_90_202305.jpg,16762,90,R131C025,九龙坡区,116,main,ORI低,一般建成区,居住主导,稳定
16762_106.36873388_29.5445989242_180_202305.jpg,/Users/catherine/Desktop/风险管理/imgs500米间隔161922_副本2/最新四方图/16762_106.36873388_29.5445989242_180_202305.jpg,16762,180,R131C025,九龙坡区,116,main,ORI低,一般建成区,居住主导,稳定
6637_106.401544925_29.5471303626_270_202305.jpg,/Users/catherine/Desktop/风险管理/imgs500米间隔161922_副本2/最新四方图/6637_106.401544925_29.5471303626_270_202305.jpg,6637,270,R131C031,沙坪坝区,204,main,ORI中,密集城区,混合/非居住,稳定
6637_106.401544925_29.5471303626_90_202305.jpg,/Users/catherine/Desktop/风险管理/imgs500米间隔161922_副本2/最新四方图/6637_106.401544925_29.5471303626_90_202305.jpg,6637,90,R131C031,沙坪坝区,204,main,ORI中,密集城区,混合/非居住,稳定
6637_106.401544925_29.5471303626_180_202305.jpg,/Users/catherine/Desktop/风险管理/imgs500米间隔161922_副本2/最新四方图/6637_106.401544925_29.5471303626_180_202305.jpg,6637,180,R131C031,沙坪坝区,204,main,ORI中,密集城区,混合/非居住,稳定
6637_106.401544925_29.5471303626_0_202305.jpg,/Users/catherine/Desktop/风险管理/imgs500米间隔161922_副本2/最新四方图/6637_106.401544925_29.5471303626_0_202305.jpg,6637,0,R131C031,沙坪坝区,204,main,ORI中,密集城区,混合/非居住,稳定
9083_106.447308502_29.544355788_270_202305.jpg,/Users/catherine/Desktop/风险管理/imgs500米间隔161922_副本2/最新四方图/9083_106.447308502_29.544355788_270_202305.jpg,9083,270,R131C040,沙坪坝区,227,main,ORI高,密集城区,居住主导,稳定
9083_106.447308502_29.544355788_90_202305.jpg,/Users/catherine/Desktop/风险管理/imgs500米间隔161922_副本2/最新四方图/9083_106.447308502_29.544355788_90_202305.jpg,9083,90,R131C040,沙坪坝区,227,main,ORI高,密集城区,居住主导,稳定
9083_106.447308502_29.544355788_0_202305.jpg,/Users/catherine/Desktop/风险管理/imgs500米间隔161922_副本2/最新四方图/9083_106.447308502_29.544355788_0_202305.jpg,9083,0,R131C040,沙坪坝区,227,main,ORI高,密集城区,居住主导,稳定
9083_106.447308502_29.544355788_180_202305.jpg,/Users/catherine/Desktop/风险管理/imgs500米间隔161922_副本2/最新四方图/9083_106.447308502_29.544355788_180_202305.jpg,9083,180,R131C040,沙坪坝区,227,main,ORI高,密集城区,居住主导,稳定
2224_106.459471598_29.5429475328_270_202305.jpg,/Users/catherine/Desktop/风险管理/imgs500米间隔161922_副本2/最新四方图/2224_106.459471598_29.5429475328_270_202305.jpg,2224,270,R131C042,沙坪坝区,228,main,ORI高,密集城区,居住主导,稳定
2224_106.459471598_29.5429475328_0_202305.jpg,/Users/catherine/Desktop/风险管理/imgs500米间隔161922_副本2/最新四方图/2224_106.459471598_29.5429475328_0_202305.jpg,2224,0,R131C042,沙坪坝区,228,main,ORI高,密集城区,居住主导,稳定
2224_106.459471598_29.5429475328_180_202305.jpg,/Users/catherine/Desktop/风险管理/imgs500米间隔161922_副本2/最新四方图/2224_106.459471598_29.5429475328_180_202305.jpg,2224,180,R131C042,沙坪坝区,228,main,ORI高,密集城区,居住主导,稳定
2224_106.459471598_29.5429475328_90_202305.jpg,/Users/catherine/Desktop/风险管理/imgs500米间隔161922_副本2/最新四方图/2224_106.459471598_29.5429475328_90_202305.jpg,2224,90,R131C042,沙坪坝区,228,main,ORI高,密集城区,居住主导,稳定
18591_106.485317862_29.5430236325_180_202305.jpg,/Users/catherine/Desktop/风险管理/imgs500米间隔161922_副本2/最新四方图/18591_106.485317862_29.5430236325_180_202305.jpg,18591,180,R131C047,九龙坡区,180,main,ORI高,密集城区,居住主导,稳定
18591_106.485317862_29.5430236325_0_202305.jpg,/Users/catherine/Desktop/风险管理/imgs500米间隔161922_副本2/最新四方图/18591_106.485317862_29.5430236325_0_202305.jpg,18591,0,R131C047,九龙坡区,180,main,ORI高,密集城区,居住主导,稳定
18591_106.485317862_29.5430236325_270_202305.jpg,/Users/catherine/Desktop/风险管理/imgs500米间隔161922_副本2/最新四方图/18591_106.485317862_29.5430236325_270_202305.jpg,18591,270,R131C047,九龙坡区,180,main,ORI高,密集城区,居住主导,稳定
18591_106.485317862_29.5430236325_90_202305.jpg,/Users/catherine/Desktop/风险管理/imgs500米间隔161922_副本2/最新四方图/18591_106.485317862_29.5430236325_90_202305.jpg,18591,90,R131C047,九龙坡区,180,main,ORI高,密集城区,居住主导,稳定
8601_106.500810179_29.5432822349_270_202305.jpg,/Users/catherine/Desktop/风险管理/imgs500米间隔161922_副本2/最新四方图/8601_106.500810179_29.5432822349_270_202305.jpg,8601,270,R131C050,渝中区,366,main,ORI高,密集城区,居住主导,稳定
8601_106.500810179_29.5432822349_90_202305.jpg,/Users/catherine/Desktop/风险管理/imgs500米间隔161922_副本2/最新四方图/8601_106.500810179_29.5432822349_90_202305.jpg,8601,90,R131C050,渝中区,366,main,ORI高,密集城区,居住主导,稳定
8601_106.500810179_29.5432822349_180_202305.jpg,/Users/catherine/Desktop/风险管理/imgs500米间隔161922_副本2/最新四方图/8601_106.500810179_29.5432822349_180_202305.jpg,8601,180,R131C050,渝中区,366,main,ORI高,密集城区,居住主导,稳定
8601_106.500810179_29.5432822349_0_202305.jpg,/Users/catherine/Desktop/风险管理/imgs500米间隔161922_副本2/最新四方图/8601_106.500810179_29.5432822349_0_202305.jpg,8601,0,R131C050,渝中区,366,main,ORI高,密集城区,居住主导,稳定
2131_106.50769934_29.5425438741_270_202305.jpg,/Users/catherine/Desktop/风险管理/imgs500米间隔161922_副本2/最新四方图/2131_106.50769934_29.5425438741_270_202305.jpg,2131,270,R131C052,渝中区,369,main,ORI高,密集城区,居住主导,稳定
2131_106.50769934_29.5425438741_90_202305.jpg,/Users/catherine/Desktop/风险管理/imgs500米间隔161922_副本2/最新四方图/2131_106.50769934_29.5425438741_90_202305.jpg,2131,90,R131C052,渝中区,369,main,ORI高,密集城区,居住主导,稳定
2131_106.50769934_29.5425438741_180_202305.jpg,/Users/catherine/Desktop/风险管理/imgs500米间隔161922_副本2/最新四方图/2131_106.50769934_29.5425438741_180_202305.jpg,2131,180,R131C052,渝中区,369,main,ORI高,密集城区,居住主导,稳定
2131_106.50769934_29.5425438741_0_202305.jpg,/Users/catherine/Desktop/风险管理/imgs500米间隔161922_副本2/最新四方图/2131_106.50769934_29.5425438741_0_202305.jpg,2131,0,R131C052,渝中区,369,main,ORI高,密集城区,居住主导,稳定
6826_106.37028991_29.5424487145_270_202305.jpg,/Users/catherine/Desktop/风险管理/imgs500米间隔161922_副本2/最新四方图/6826_106.37028991_29.5424487145_270_202305.jpg,6826,270,R132C025,九龙坡区,115,main,ORI低,密集城区,混合/非居住,基本稳定-局部变化
6826_106.37028991_29.5424487145_0_202305.jpg,/Users/catherine/Desktop/风险管理/imgs500米间隔161922_副本2/最新四方图/6826_106.37028991_29.5424487145_0_202305.jpg,6826,0,R132C025,九龙坡区,115,main,ORI低,密集城区,混合/非居住,基本稳定-局部变化
6826_106.37028991_29.5424487145_90_202305.jpg,/Users/catherine/Desktop/风险管理/imgs500米间隔161922_副本2/最新四方图/6826_106.37028991_29.5424487145_90_202305.jpg,6826,90,R132C025,九龙坡区,115,main,ORI低,密集城区,混合/非居住,基本稳定-局部变化
6826_106.37028991_29.5424487145_180_202305.jpg,/Users/catherine/Desktop/风险管理/imgs500米间隔161922_副本2/最新四方图/6826_106.37028991_29.5424487145_180_202305.jpg,6826,180,R132C025,九龙坡区,115,main,ORI低,密集城区,混合/非居住,基本稳定-局部变化
21199_106.400960661_29.5412547532_90_202305.jpg,/Users/catherine/Desktop/风险管理/imgs500米间隔161922_副本2/最新四方图/21199_106.400960661_29.5412547532_90_202305.jpg,21199,90,R132C031,九龙坡区,132,main,ORI中,密集城区,混合/非居住,稳定
21199_106.400960661_29.5412547532_0_202305.jpg,/Users/catherine/Desktop/风险管理/imgs500米间隔161922_副本2/最新四方图/21199_106.400960661_29.5412547532_0_202305.jpg,21199,0,R132C031,九龙坡区,132,main,ORI中,密集城区,混合/非居住,稳定
21199_106.400960661_29.5412547532_270_202305.jpg,/Users/catherine/Desktop/风险管理/imgs500米间隔161922_副本2/最新四方图/21199_106.400960661_29.5412547532_270_202305.jpg,21199,270,R132C031,九龙坡区,132,main,ORI中,密集城区,混合/非居住,稳定
21199_106.400960661_29.5412547532_180_202305.jpg,/Users/catherine/Desktop/风险管理/imgs500米间隔161922_副本2/最新四方图/21199_106.400960661_29.5412547532_180_202305.jpg,21199,180,R132C031,九龙坡区,132,main,ORI中,密集城区,混合/非居住,稳定
8945_106.45112554_29.5415867781_180_202305.jpg,/Users/catherine/Desktop/风险管理/imgs500米间隔161922_副本2/最新四方图/8945_106.45112554_29.5415867781_180_202305.jpg,8945,180,R132C041,沙坪坝区,231,main,ORI高,密集城区,居住主导,稳定
8945_106.45112554_29.5415867781_90_202305.jpg,/Users/catherine/Desktop/风险管理/imgs500米间隔161922_副本2/最新四方图/8945_106.45112554_29.5415867781_90_202305.jpg,8945,90,R132C041,沙坪坝区,231,main,ORI高,密集城区,居住主导,稳定
8945_106.45112554_29.5415867781_270_202305.jpg,/Users/catherine/Desktop/风险管理/imgs500米间隔161922_副本2/最新四方图/8945_106.45112554_29.5415867781_270_202305.jpg,8945,270,R132C041,沙坪坝区,231,main,ORI高,密集城区,居住主导,稳定
8945_106.45112554_29.5415867781_0_202305.jpg,/Users/catherine/Desktop/风险管理/imgs500米间隔161922_副本2/最新四方图/8945_106.45112554_29.5415867781_0_202305.jpg,8945,0,R132C041,沙坪坝区,231,main,ORI高,密集城区,居住主导,稳定
18588_106.474658475_29.540867819_0_202305.jpg,/Users/catherine/Desktop/风险管理/imgs500米间隔161922_副本2/最新四方图/18588_106.474658475_29.540867819_0_202305.jpg,18588,0,R132C045,九龙坡区,179,main,ORI高,密集城区,居住主导,稳定
18588_106.474658475_29.540867819_90_202305.jpg,/Users/catherine/Desktop/风险管理/imgs500米间隔161922_副本2/最新四方图/18588_106.474658475_29.540867819_90_202305.jpg,18588,90,R132C045,九龙坡区,179,main,ORI高,密集城区,居住主导,稳定
18588_106.474658475_29.540867819_180_202305.jpg,/Users/catherine/Desktop/风险管理/imgs500米间隔161922_副本2/最新四方图/18588_106.474658475_29.540867819_180_202305.jpg,18588,180,R132C045,九龙坡区,179,main,ORI高,密集城区,居住主导,稳定
18588_106.474658475_29.540867819_270_202305.jpg,/Users/catherine/Desktop/风险管理/imgs500米间隔161922_副本2/最新四方图/18588_106.474658475_29.540867819_270_202305.jpg,18588,270,R132C045,九龙坡区,179,main,ORI高,密集城区,居住主导,稳定
2138_106.494760971_29.5402919493_90_202305.jpg,/Users/catherine/Desktop/风险管理/imgs500米间隔161922_副本2/最新四方图/2138_106.494760971_29.5402919493_90_202305.jpg,2138,90,R132C049,九龙坡区,157,main,ORI高,密集城区,居住主导,稳定
2138_106.494760971_29.5402919493_180_202305.jpg,/Users/catherine/Desktop/风险管理/imgs500米间隔161922_副本2/最新四方图/2138_106.494760971_29.5402919493_180_202305.jpg,2138,180,R132C049,九龙坡区,157,main,ORI高,密集城区,居住主导,稳定
2138_106.494760971_29.5402919493_270_202305.jpg,/Users/catherine/Desktop/风险管理/imgs500米间隔161922_副本2/最新四方图/2138_106.494760971_29.5402919493_270_202305.jpg,2138,270,R132C049,九龙坡区,157,main,ORI高,密集城区,居住主导,稳定
2138_106.494760971_29.5402919493_0_202305.jpg,/Users/catherine/Desktop/风险管理/imgs500米间隔161922_副本2/最新四方图/2138_106.494760971_29.5402919493_0_202305.jpg,2138,0,R132C049,九龙坡区,157,main,ORI高,密集城区,居住主导,稳定
7280_106.367795945_29.5385285803_180_202305.jpg,/Users/catherine/Desktop/风险管理/imgs500米间隔161922_副本2/最新四方图/7280_106.367795945_29.5385285803_180_202305.jpg,7280,180,R133C024,九龙坡区,136,main,ORI中,密集城区,混合/非居住,稳定
7280_106.367795945_29.5385285803_270_202305.jpg,/Users/catherine/Desktop/风险管理/imgs500米间隔161922_副本2/最新四方图/7280_106.367795945_29.5385285803_270_202305.jpg,7280,270,R133C024,九龙坡区,136,main,ORI中,密集城区,混合/非居住,稳定
7280_106.367795945_29.5385285803_90_202305.jpg,/Users/catherine/Desktop/风险管理/imgs500米间隔161922_副本2/最新四方图/7280_106.367795945_29.5385285803_90_202305.jpg,7280,90,R133C024,九龙坡区,136,main,ORI中,密集城区,混合/非居住,稳定
7280_106.367795945_29.5385285803_0_202305.jpg,/Users/catherine/Desktop/风险管理/imgs500米间隔161922_副本2/最新四方图/7280_106.367795945_29.5385285803_0_202305.jpg,7280,0,R133C024,九龙坡区,136,main,ORI中,密集城区,混合/非居住,稳定
6820_106.375618704_29.5356077084_270_202305.jpg,/Users/catherine/Desktop/风险管理/imgs500米间隔161922_副本2/最新四方图/6820_106.375618704_29.5356077084_270_202305.jpg,6820,270,R133C026,九龙坡区,143,main,ORI中,密集城区,混合/非居住,稳定
6820_106.375618704_29.5356077084_90_202305.jpg,/Users/catherine/Desktop/风险管理/imgs500米间隔161922_副本2/最新四方图/6820_106.375618704_29.5356077084_90_202305.jpg,6820,90,R133C026,九龙坡区,143,main,ORI中,密集城区,混合/非居住,稳定
6820_106.375618704_29.5356077084_0_202305.jpg,/Users/catherine/Desktop/风险管理/imgs500米间隔161922_副本2/最新四方图/6820_106.375618704_29.5356077084_0_202305.jpg,6820,0,R133C026,九龙坡区,143,main,ORI中,密集城区,混合/非居住,稳定
6820_106.375618704_29.5356077084_180_202305.jpg,/Users/catherine/Desktop/风险管理/imgs500米间隔161922_副本2/最新四方图/6820_106.375618704_29.5356077084_180_202305.jpg,6820,180,R133C026,九龙坡区,143,main,ORI中,密集城区,混合/非居住,稳定
2136_106.494376744_29.5363802823_270_202305.jpg,/Users/catherine/Desktop/风险管理/imgs500米间隔161922_副本2/最新四方图/2136_106.494376744_29.5363802823_270_202305.jpg,2136,270,R133C049,九龙坡区,144,main,ORI中,密集城区,居住主导,稳定
2136_106.494376744_29.5363802823_90_202305.jpg,/Users/catherine/Desktop/风险管理/imgs500米间隔161922_副本2/最新四方图/2136_106.494376744_29.5363802823_90_202305.jpg,2136,90,R133C049,九龙坡区,144,main,ORI中,密集城区,居住主导,稳定
2136_106.494376744_29.5363802823_0_202305.jpg,/Users/catherine/Desktop/风险管理/imgs500米间隔161922_副本2/最新四方图/2136_106.494376744_29.5363802823_0_202305.jpg,2136,0,R133C049,九龙坡区,144,main,ORI中,密集城区,居住主导,稳定
2136_106.494376744_29.5363802823_180_202305.jpg,/Users/catherine/Desktop/风险管理/imgs500米间隔161922_副本2/最新四方图/2136_106.494376744_29.5363802823_180_202305.jpg,2136,180,R133C049,九龙坡区,144,main,ORI中,密集城区,居住主导,稳定
6749_106.315798288_29.5325294759_0_202305.jpg,/Users/catherine/Desktop/风险管理/imgs500米间隔161922_副本2/最新四方图/6749_106.315798288_29.5325294759_0_202305.jpg,6749,0,R134C014,九龙坡区,142,main,ORI中,一般建成区,混合/非居住,基本稳定-局部变化
6749_106.315798288_29.5325294759_90_202305.jpg,/Users/catherine/Desktop/风险管理/imgs500米间隔161922_副本2/最新四方图/6749_106.315798288_29.5325294759_90_202305.jpg,6749,90,R134C014,九龙坡区,142,main,ORI中,一般建成区,混合/非居住,基本稳定-局部变化
6749_106.315798288_29.5325294759_270_202305.jpg,/Users/catherine/Desktop/风险管理/imgs500米间隔161922_副本2/最新四方图/6749_106.315798288_29.5325294759_270_202305.jpg,6749,270,R134C014,九龙坡区,142,main,ORI中,一般建成区,混合/非居住,基本稳定-局部变化
6749_106.315798288_29.5325294759_180_202305.jpg,/Users/catherine/Desktop/风险管理/imgs500米间隔161922_副本2/最新四方图/6749_106.315798288_29.5325294759_180_202305.jpg,6749,180,R134C014,九龙坡区,142,main,ORI中,一般建成区,混合/非居住,基本稳定-局部变化
6777_106.318202504_29.5321685425_90_202305.jpg,/Users/catherine/Desktop/风险管理/imgs500米间隔161922_副本2/最新四方图/6777_106.318202504_29.5321685425_90_202305.jpg,6777,90,R134C015,九龙坡区,397,sensitivity,ORI中,密集城区,混合/非居住,显著变化
6777_106.318202504_29.5321685425_0_202305.jpg,/Users/catherine/Desktop/风险管理/imgs500米间隔161922_副本2/最新四方图/6777_106.318202504_29.5321685425_0_202305.jpg,6777,0,R134C015,九龙坡区,397,sensitivity,ORI中,密集城区,混合/非居住,显著变化
6777_106.318202504_29.5321685425_180_202305.jpg,/Users/catherine/Desktop/风险管理/imgs500米间隔161922_副本2/最新四方图/6777_106.318202504_29.5321685425_180_202305.jpg,6777,180,R134C015,九龙坡区,397,sensitivity,ORI中,密集城区,混合/非居住,显著变化
6777_106.318202504_29.5321685425_270_202305.jpg,/Users/catherine/Desktop/风险管理/imgs500米间隔161922_副本2/最新四方图/6777_106.318202504_29.5321685425_270_202305.jpg,6777,270,R134C015,九龙坡区,397,sensitivity,ORI中,密集城区,混合/非居住,显著变化
2094_106.448313485_29.5291721924_180_202305.jpg,/Users/catherine/Desktop/风险管理/imgs500米间隔161922_副本2/最新四方图/2094_106.448313485_29.5291721924_180_202305.jpg,2094,180,R134C040,沙坪坝区,238,main,ORI高,密集城区,居住主导,稳定
2094_106.448313485_29.5291721924_0_202305.jpg,/Users/catherine/Desktop/风险管理/imgs500米间隔161922_副本2/最新四方图/2094_106.448313485_29.5291721924_0_202305.jpg,2094,0,R134C040,沙坪坝区,238,main,ORI高,密集城区,居住主导,稳定
2094_106.448313485_29.5291721924_90_202305.jpg,/Users/catherine/Desktop/风险管理/imgs500米间隔161922_副本2/最新四方图/2094_106.448313485_29.5291721924_90_202305.jpg,2094,90,R134C040,沙坪坝区,238,main,ORI高,密集城区,居住主导,稳定
2094_106.448313485_29.5291721924_270_202305.jpg,/Users/catherine/Desktop/风险管理/imgs500米间隔161922_副本2/最新四方图/2094_106.448313485_29.5291721924_270_202305.jpg,2094,270,R134C040,沙坪坝区,238,main,ORI高,密集城区,居住主导,稳定
2424_106.518543288_29.532268154_180_202305.jpg,/Users/catherine/Desktop/风险管理/imgs500米间隔161922_副本2/最新四方图/2424_106.518543288_29.532268154_180_202305.jpg,2424,180,R134C054,九龙坡区,171,main,ORI高,密集城区,居住主导,稳定
2424_106.518543288_29.532268154_0_202305.jpg,/Users/catherine/Desktop/风险管理/imgs500米间隔161922_副本2/最新四方图/2424_106.518543288_29.532268154_0_202305.jpg,2424,0,R134C054,九龙坡区,171,main,ORI高,密集城区,居住主导,稳定
2424_106.518543288_29.532268154_90_202305.jpg,/Users/catherine/Desktop/风险管理/imgs500米间隔161922_副本2/最新四方图/2424_106.518543288_29.532268154_90_202305.jpg,2424,90,R134C054,九龙坡区,171,main,ORI高,密集城区,居住主导,稳定
2424_106.518543288_29.532268154_270_202305.jpg,/Users/catherine/Desktop/风险管理/imgs500米间隔161922_副本2/最新四方图/2424_106.518543288_29.532268154_270_202305.jpg,2424,270,R134C054,九龙坡区,171,main,ORI高,密集城区,居住主导,稳定
15855_106.312973664_29.5274584081_270_202305.jpg,/Users/catherine/Desktop/风险管理/imgs500米间隔161922_副本2/最新四方图/15855_106.312973664_29.5274584081_270_202305.jpg,15855,270,R135C014,九龙坡区,148,main,ORI中,密集城区,居住主导,稳定
15855_106.312973664_29.5274584081_90_202305.jpg,/Users/catherine/Desktop/风险管理/imgs500米间隔161922_副本2/最新四方图/15855_106.312973664_29.5274584081_90_202305.jpg,15855,90,R135C014,九龙坡区,148,main,ORI中,密集城区,居住主导,稳定
15855_106.312973664_29.5274584081_180_202305.jpg,/Users/catherine/Desktop/风险管理/imgs500米间隔161922_副本2/最新四方图/15855_106.312973664_29.5274584081_180_202305.jpg,15855,180,R135C014,九龙坡区,148,main,ORI中,密集城区,居住主导,稳定
15855_106.312973664_29.5274584081_0_202305.jpg,/Users/catherine/Desktop/风险管理/imgs500米间隔161922_副本2/最新四方图/15855_106.312973664_29.5274584081_0_202305.jpg,15855,0,R135C014,九龙坡区,148,main,ORI中,密集城区,居住主导,稳定
8953_106.444108674_29.5274410954_180_202305.jpg,/Users/catherine/Desktop/风险管理/imgs500米间隔161922_副本2/最新四方图/8953_106.444108674_29.5274410954_180_202305.jpg,8953,180,R135C039,沙坪坝区,241,main,ORI高,密集城区,居住主导,稳定
8953_106.444108674_29.5274410954_0_202305.jpg,/Users/catherine/Desktop/风险管理/imgs500米间隔161922_副本2/最新四方图/8953_106.444108674_29.5274410954_0_202305.jpg,8953,0,R135C039,沙坪坝区,241,main,ORI高,密集城区,居住主导,稳定
8953_106.444108674_29.5274410954_90_202305.jpg,/Users/catherine/Desktop/风险管理/imgs500米间隔161922_副本2/最新四方图/8953_106.444108674_29.5274410954_90_202305.jpg,8953,90,R135C039,沙坪坝区,241,main,ORI高,密集城区,居住主导,稳定
8953_106.444108674_29.5274410954_270_202305.jpg,/Users/catherine/Desktop/风险管理/imgs500米间隔161922_副本2/最新四方图/8953_106.444108674_29.5274410954_270_202305.jpg,8953,270,R135C039,沙坪坝区,241,main,ORI高,密集城区,居住主导,稳定
9406_106.51196614_29.5238487311_0_202305.jpg,/Users/catherine/Desktop/风险管理/imgs500米间隔161922_副本2/最新四方图/9406_106.51196614_29.5238487311_0_202305.jpg,9406,0,R135C052,九龙坡区,166,main,ORI高,密集城区,居住主导,稳定
9406_106.51196614_29.5238487311_180_202305.jpg,/Users/catherine/Desktop/风险管理/imgs500米间隔161922_副本2/最新四方图/9406_106.51196614_29.5238487311_180_202305.jpg,9406,180,R135C052,九龙坡区,166,main,ORI高,密集城区,居住主导,稳定
9406_106.51196614_29.5238487311_90_202305.jpg,/Users/catherine/Desktop/风险管理/imgs500米间隔161922_副本2/最新四方图/9406_106.51196614_29.5238487311_90_202305.jpg,9406,90,R135C052,九龙坡区,166,main,ORI高,密集城区,居住主导,稳定
9406_106.51196614_29.5238487311_270_202305.jpg,/Users/catherine/Desktop/风险管理/imgs500米间隔161922_副本2/最新四方图/9406_106.51196614_29.5238487311_270_202305.jpg,9406,270,R135C052,九龙坡区,166,main,ORI高,密集城区,居住主导,稳定
10749_106.531598069_29.5263574069_180_202305.jpg,/Users/catherine/Desktop/风险管理/imgs500米间隔161922_副本2/最新四方图/10749_106.531598069_29.5263574069_180_202305.jpg,10749,180,R135C056,南岸区,355,main,ORI高,一般建成区,混合/非居住,稳定
10749_106.531598069_29.5263574069_270_202305.jpg,/Users/catherine/Desktop/风险管理/imgs500米间隔161922_副本2/最新四方图/10749_106.531598069_29.5263574069_270_202305.jpg,10749,270,R135C056,南岸区,355,main,ORI高,一般建成区,混合/非居住,稳定
10749_106.531598069_29.5263574069_90_202305.jpg,/Users/catherine/Desktop/风险管理/imgs500米间隔161922_副本2/最新四方图/10749_106.531598069_29.5263574069_90_202305.jpg,10749,90,R135C056,南岸区,355,main,ORI高,一般建成区,混合/非居住,稳定
10749_106.531598069_29.5263574069_0_202305.jpg,/Users/catherine/Desktop/风险管理/imgs500米间隔161922_副本2/最新四方图/10749_106.531598069_29.5263574069_0_202305.jpg,10749,0,R135C056,南岸区,355,main,ORI高,一般建成区,混合/非居住,稳定
728_106.563870738_29.5240407419_0_202305.jpg,/Users/catherine/Desktop/风险管理/imgs500米间隔161922_副本2/最新四方图/728_106.563870738_29.5240407419_0_202305.jpg,728,0,R135C062,南岸区,351,main,ORI高,密集城区,居住主导,稳定
728_106.563870738_29.5240407419_180_202305.jpg,/Users/catherine/Desktop/风险管理/imgs500米间隔161922_副本2/最新四方图/728_106.563870738_29.5240407419_180_202305.jpg,728,180,R135C062,南岸区,351,main,ORI高,密集城区,居住主导,稳定
728_106.563870738_29.5240407419_90_202305.jpg,/Users/catherine/Desktop/风险管理/imgs500米间隔161922_副本2/最新四方图/728_106.563870738_29.5240407419_90_202305.jpg,728,90,R135C062,南岸区,351,main,ORI高,密集城区,居住主导,稳定
728_106.563870738_29.5240407419_270_202305.jpg,/Users/catherine/Desktop/风险管理/imgs500米间隔161922_副本2/最新四方图/728_106.563870738_29.5240407419_270_202305.jpg,728,270,R135C062,南岸区,351,main,ORI高,密集城区,居住主导,稳定
168_106.582532658_29.5245125603_0_202305.jpg,/Users/catherine/Desktop/风险管理/imgs500米间隔161922_副本2/最新四方图/168_106.582532658_29.5245125603_0_202305.jpg,168,0,R135C066,南岸区,349,main,ORI中,密集城区,混合/非居住,稳定
168_106.582532658_29.5245125603_180_202305.jpg,/Users/catherine/Desktop/风险管理/imgs500米间隔161922_副本2/最新四方图/168_106.582532658_29.5245125603_180_202305.jpg,168,180,R135C066,南岸区,349,main,ORI中,密集城区,混合/非居住,稳定
168_106.582532658_29.5245125603_270_202305.jpg,/Users/catherine/Desktop/风险管理/imgs500米间隔161922_副本2/最新四方图/168_106.582532658_29.5245125603_270_202305.jpg,168,270,R135C066,南岸区,349,main,ORI中,密集城区,混合/非居住,稳定
168_106.582532658_29.5245125603_90_202305.jpg,/Users/catherine/Desktop/风险管理/imgs500米间隔161922_副本2/最新四方图/168_106.582532658_29.5245125603_90_202305.jpg,168,90,R135C066,南岸区,349,main,ORI中,密集城区,混合/非居住,稳定
6751_106.315645611_29.522198187_270_202305.jpg,/Users/catherine/Desktop/风险管理/imgs500米间隔161922_副本2/最新四方图/6751_106.315645611_29.522198187_270_202305.jpg,6751,270,R136C014,九龙坡区,152,main,ORI中,密集城区,混合/非居住,基本稳定-局部变化
6751_106.315645611_29.522198187_90_202305.jpg,/Users/catherine/Desktop/风险管理/imgs500米间隔161922_副本2/最新四方图/6751_106.315645611_29.522198187_90_202305.jpg,6751,90,R136C014,九龙坡区,152,main,ORI中,密集城区,混合/非居住,基本稳定-局部变化
6751_106.315645611_29.522198187_0_202305.jpg,/Users/catherine/Desktop/风险管理/imgs500米间隔161922_副本2/最新四方图/6751_106.315645611_29.522198187_0_202305.jpg,6751,0,R136C014,九龙坡区,152,main,ORI中,密集城区,混合/非居住,基本稳定-局部变化
6751_106.315645611_29.522198187_180_202305.jpg,/Users/catherine/Desktop/风险管理/imgs500米间隔161922_副本2/最新四方图/6751_106.315645611_29.522198187_180_202305.jpg,6751,180,R136C014,九龙坡区,152,main,ORI中,密集城区,混合/非居住,基本稳定-局部变化
6733_106.336825137_29.5215204411_0_202305.jpg,/Users/catherine/Desktop/风险管理/imgs500米间隔161922_副本2/最新四方图/6733_106.336825137_29.5215204411_0_202305.jpg,6733,0,R136C018,九龙坡区,111,main,ORI低,一般建成区,居住主导,基本稳定-局部变化
6733_106.336825137_29.5215204411_270_202305.jpg,/Users/catherine/Desktop/风险管理/imgs500米间隔161922_副本2/最新四方图/6733_106.336825137_29.5215204411_270_202305.jpg,6733,270,R136C018,九龙坡区,111,main,ORI低,一般建成区,居住主导,基本稳定-局部变化
6733_106.336825137_29.5215204411_180_202305.jpg,/Users/catherine/Desktop/风险管理/imgs500米间隔161922_副本2/最新四方图/6733_106.336825137_29.5215204411_180_202305.jpg,6733,180,R136C018,九龙坡区,111,main,ORI低,一般建成区,居住主导,基本稳定-局部变化
6733_106.336825137_29.5215204411_90_202305.jpg,/Users/catherine/Desktop/风险管理/imgs500米间隔161922_副本2/最新四方图/6733_106.336825137_29.5215204411_90_202305.jpg,6733,90,R136C018,九龙坡区,111,main,ORI低,一般建成区,居住主导,基本稳定-局部变化
2078_106.430777495_29.5219800868_180_202305.jpg,/Users/catherine/Desktop/风险管理/imgs500米间隔161922_副本2/最新四方图/2078_106.430777495_29.5219800868_180_202305.jpg,2078,180,R136C037,沙坪坝区,214,main,ORI中,密集城区,混合/非居住,稳定
2078_106.430777495_29.5219800868_0_202305.jpg,/Users/catherine/Desktop/风险管理/imgs500米间隔161922_副本2/最新四方图/2078_106.430777495_29.5219800868_0_202305.jpg,2078,0,R136C037,沙坪坝区,214,main,ORI中,密集城区,混合/非居住,稳定
2078_106.430777495_29.5219800868_90_202305.jpg,/Users/catherine/Desktop/风险管理/imgs500米间隔161922_副本2/最新四方图/2078_106.430777495_29.5219800868_90_202305.jpg,2078,90,R136C037,沙坪坝区,214,main,ORI中,密集城区,混合/非居住,稳定
2078_106.430777495_29.5219800868_270_202305.jpg,/Users/catherine/Desktop/风险管理/imgs500米间隔161922_副本2/最新四方图/2078_106.430777495_29.5219800868_270_202305.jpg,2078,270,R136C037,沙坪坝区,214,main,ORI中,密集城区,混合/非居住,稳定
2057_106.481566709_29.5205915804_0_202305.jpg,/Users/catherine/Desktop/风险管理/imgs500米间隔161922_副本2/最新四方图/2057_106.481566709_29.5205915804_0_202305.jpg,2057,0,R136C047,九龙坡区,167,main,ORI高,密集城区,居住主导,稳定
2057_106.481566709_29.5205915804_90_202305.jpg,/Users/catherine/Desktop/风险管理/imgs500米间隔161922_副本2/最新四方图/2057_106.481566709_29.5205915804_90_202305.jpg,2057,90,R136C047,九龙坡区,167,main,ORI高,密集城区,居住主导,稳定
2057_106.481566709_29.5205915804_180_202305.jpg,/Users/catherine/Desktop/风险管理/imgs500米间隔161922_副本2/最新四方图/2057_106.481566709_29.5205915804_180_202305.jpg,2057,180,R136C047,九龙坡区,167,main,ORI高,密集城区,居住主导,稳定
2057_106.481566709_29.5205915804_270_202305.jpg,/Users/catherine/Desktop/风险管理/imgs500米间隔161922_副本2/最新四方图/2057_106.481566709_29.5205915804_270_202305.jpg,2057,270,R136C047,九龙坡区,167,main,ORI高,密集城区,居住主导,稳定
14386_106.521868258_29.5234779909_270_202305.jpg,/Users/catherine/Desktop/风险管理/imgs500米间隔161922_副本2/最新四方图/14386_106.521868258_29.5234779909_270_202305.jpg,14386,270,R136C054,九龙坡区,176,main,ORI高,密集城区,居住主导,稳定
14386_106.521868258_29.5234779909_0_202305.jpg,/Users/catherine/Desktop/风险管理/imgs500米间隔161922_副本2/最新四方图/14386_106.521868258_29.5234779909_0_202305.jpg,14386,0,R136C054,九龙坡区,176,main,ORI高,密集城区,居住主导,稳定
14386_106.521868258_29.5234779909_180_202305.jpg,/Users/catherine/Desktop/风险管理/imgs500米间隔161922_副本2/最新四方图/14386_106.521868258_29.5234779909_180_202305.jpg,14386,180,R136C054,九龙坡区,176,main,ORI高,密集城区,居住主导,稳定
14386_106.521868258_29.5234779909_90_202305.jpg,/Users/catherine/Desktop/风险管理/imgs500米间隔161922_副本2/最新四方图/14386_106.521868258_29.5234779909_90_202305.jpg,14386,90,R136C054,九龙坡区,176,main,ORI高,密集城区,居住主导,稳定
14133_106.55774914_29.5221599182_180_202305.jpg,/Users/catherine/Desktop/风险管理/imgs500米间隔161922_副本2/最新四方图/14133_106.55774914_29.5221599182_180_202305.jpg,14133,180,R136C061,南岸区,352,main,ORI高,密集城区,居住主导,稳定
14133_106.55774914_29.5221599182_0_202305.jpg,/Users/catherine/Desktop/风险管理/imgs500米间隔161922_副本2/最新四方图/14133_106.55774914_29.5221599182_0_202305.jpg,14133,0,R136C061,南岸区,352,main,ORI高,密集城区,居住主导,稳定
14133_106.55774914_29.5221599182_270_202305.jpg,/Users/catherine/Desktop/风险管理/imgs500米间隔161922_副本2/最新四方图/14133_106.55774914_29.5221599182_270_202305.jpg,14133,270,R136C061,南岸区,352,main,ORI高,密集城区,居住主导,稳定
14133_106.55774914_29.5221599182_90_202305.jpg,/Users/catherine/Desktop/风险管理/imgs500米间隔161922_副本2/最新四方图/14133_106.55774914_29.5221599182_90_202305.jpg,14133,90,R136C061,南岸区,352,main,ORI高,密集城区,居住主导,稳定
9041_106.300856398_29.5210036062_270_202305.jpg,/Users/catherine/Desktop/风险管理/imgs500米间隔161922_副本2/最新四方图/9041_106.300856398_29.5210036062_270_202305.jpg,9041,270,R137C012,九龙坡区,385,sensitivity,ORI低,密集城区,居住主导,显著变化
9041_106.300856398_29.5210036062_90_202305.jpg,/Users/catherine/Desktop/风险管理/imgs500米间隔161922_副本2/最新四方图/9041_106.300856398_29.5210036062_90_202305.jpg,9041,90,R137C012,九龙坡区,385,sensitivity,ORI低,密集城区,居住主导,显著变化
9041_106.300856398_29.5210036062_0_202305.jpg,/Users/catherine/Desktop/风险管理/imgs500米间隔161922_副本2/最新四方图/9041_106.300856398_29.5210036062_0_202305.jpg,9041,0,R137C012,九龙坡区,385,sensitivity,ORI低,密集城区,居住主导,显著变化
9041_106.300856398_29.5210036062_180_202305.jpg,/Users/catherine/Desktop/风险管理/imgs500米间隔161922_副本2/最新四方图/9041_106.300856398_29.5210036062_180_202305.jpg,9041,180,R137C012,九龙坡区,385,sensitivity,ORI低,密集城区,居住主导,显著变化
20001_106.422755491_29.5159056921_270_202305.jpg,/Users/catherine/Desktop/风险管理/imgs500米间隔161922_副本2/最新四方图/20001_106.422755491_29.5159056921_270_202305.jpg,20001,270,R137C035,沙坪坝区,195,main,ORI低,密集城区,混合/非居住,稳定
20001_106.422755491_29.5159056921_90_202305.jpg,/Users/catherine/Desktop/风险管理/imgs500米间隔161922_副本2/最新四方图/20001_106.422755491_29.5159056921_90_202305.jpg,20001,90,R137C035,沙坪坝区,195,main,ORI低,密集城区,混合/非居住,稳定
20001_106.422755491_29.5159056921_0_202305.jpg,/Users/catherine/Desktop/风险管理/imgs500米间隔161922_副本2/最新四方图/20001_106.422755491_29.5159056921_0_202305.jpg,20001,0,R137C035,沙坪坝区,195,main,ORI低,密集城区,混合/非居住,稳定
20001_106.422755491_29.5159056921_180_202305.jpg,/Users/catherine/Desktop/风险管理/imgs500米间隔161922_副本2/最新四方图/20001_106.422755491_29.5159056921_180_202305.jpg,20001,180,R137C035,沙坪坝区,195,main,ORI低,密集城区,混合/非居住,稳定
8428_106.505982635_29.5177456844_180_202305.jpg,/Users/catherine/Desktop/风险管理/imgs500米间隔161922_副本2/最新四方图/8428_106.505982635_29.5177456844_180_202305.jpg,8428,180,R137C051,九龙坡区,159,main,ORI高,密集城区,居住主导,稳定
8428_106.505982635_29.5177456844_90_202305.jpg,/Users/catherine/Desktop/风险管理/imgs500米间隔161922_副本2/最新四方图/8428_106.505982635_29.5177456844_90_202305.jpg,8428,90,R137C051,九龙坡区,159,main,ORI高,密集城区,居住主导,稳定
8428_106.505982635_29.5177456844_270_202305.jpg,/Users/catherine/Desktop/风险管理/imgs500米间隔161922_副本2/最新四方图/8428_106.505982635_29.5177456844_270_202305.jpg,8428,270,R137C051,九龙坡区,159,main,ORI高,密集城区,居住主导,稳定
8428_106.505982635_29.5177456844_0_202305.jpg,/Users/catherine/Desktop/风险管理/imgs500米间隔161922_副本2/最新四方图/8428_106.505982635_29.5177456844_0_202305.jpg,8428,0,R137C051,九龙坡区,159,main,ORI高,密集城区,居住主导,稳定
18267_106.510826349_29.5149069922_90_202305.jpg,/Users/catherine/Desktop/风险管理/imgs500米间隔161922_副本2/最新四方图/18267_106.510826349_29.5149069922_90_202305.jpg,18267,90,R137C052,九龙坡区,161,main,ORI高,密集城区,居住主导,稳定
18267_106.510826349_29.5149069922_0_202305.jpg,/Users/catherine/Desktop/风险管理/imgs500米间隔161922_副本2/最新四方图/18267_106.510826349_29.5149069922_0_202305.jpg,18267,0,R137C052,九龙坡区,161,main,ORI高,密集城区,居住主导,稳定
18267_106.510826349_29.5149069922_180_202305.jpg,/Users/catherine/Desktop/风险管理/imgs500米间隔161922_副本2/最新四方图/18267_106.510826349_29.5149069922_180_202305.jpg,18267,180,R137C052,九龙坡区,161,main,ORI高,密集城区,居住主导,稳定
18267_106.510826349_29.5149069922_270_202305.jpg,/Users/catherine/Desktop/风险管理/imgs500米间隔161922_副本2/最新四方图/18267_106.510826349_29.5149069922_270_202305.jpg,18267,270,R137C052,九龙坡区,161,main,ORI高,密集城区,居住主导,稳定
4849_106.589392172_29.5179289277_0_202305.jpg,/Users/catherine/Desktop/风险管理/imgs500米间隔161922_副本2/最新四方图/4849_106.589392172_29.5179289277_0_202305.jpg,4849,0,R137C067,南岸区,339,main,ORI低,一般建成区,混合/非居住,稳定
4849_106.589392172_29.5179289277_180_202305.jpg,/Users/catherine/Desktop/风险管理/imgs500米间隔161922_副本2/最新四方图/4849_106.589392172_29.5179289277_180_202305.jpg,4849,180,R137C067,南岸区,339,main,ORI低,一般建成区,混合/非居住,稳定
4849_106.589392172_29.5179289277_90_202305.jpg,/Users/catherine/Desktop/风险管理/imgs500米间隔161922_副本2/最新四方图/4849_106.589392172_29.5179289277_90_202305.jpg,4849,90,R137C067,南岸区,339,main,ORI低,一般建成区,混合/非居住,稳定
4849_106.589392172_29.5179289277_270_202305.jpg,/Users/catherine/Desktop/风险管理/imgs500米间隔161922_副本2/最新四方图/4849_106.589392172_29.5179289277_270_202305.jpg,4849,270,R137C067,南岸区,339,main,ORI低,一般建成区,混合/非居住,稳定
4848_106.590351248_29.5163748377_270_202305.jpg,/Users/catherine/Desktop/风险管理/imgs500米间隔161922_副本2/最新四方图/4848_106.590351248_29.5163748377_270_202305.jpg,4848,270,R137C068,南岸区,343,main,ORI低,一般建成区,居住主导,稳定
4848_106.590351248_29.5163748377_0_202305.jpg,/Users/catherine/Desktop/风险管理/imgs500米间隔161922_副本2/最新四方图/4848_106.590351248_29.5163748377_0_202305.jpg,4848,0,R137C068,南岸区,343,main,ORI低,一般建成区,居住主导,稳定
4848_106.590351248_29.5163748377_90_202305.jpg,/Users/catherine/Desktop/风险管理/imgs500米间隔161922_副本2/最新四方图/4848_106.590351248_29.5163748377_90_202305.jpg,4848,90,R137C068,南岸区,343,main,ORI低,一般建成区,居住主导,稳定
4848_106.590351248_29.5163748377_180_202305.jpg,/Users/catherine/Desktop/风险管理/imgs500米间隔161922_副本2/最新四方图/4848_106.590351248_29.5163748377_180_202305.jpg,4848,180,R137C068,南岸区,343,main,ORI低,一般建成区,居住主导,稳定
17187_106.365083139_29.5137297397_270_202305.jpg,/Users/catherine/Desktop/风险管理/imgs500米间隔161922_副本2/最新四方图/17187_106.365083139_29.5137297397_270_202305.jpg,17187,270,R138C024,九龙坡区,150,main,ORI中,密集城区,混合/非居住,稳定
17187_106.365083139_29.5137297397_90_202305.jpg,/Users/catherine/Desktop/风险管理/imgs500米间隔161922_副本2/最新四方图/17187_106.365083139_29.5137297397_90_202305.jpg,17187,90,R138C024,九龙坡区,150,main,ORI中,密集城区,混合/非居住,稳定
17187_106.365083139_29.5137297397_180_202305.jpg,/Users/catherine/Desktop/风险管理/imgs500米间隔161922_副本2/最新四方图/17187_106.365083139_29.5137297397_180_202305.jpg,17187,180,R138C024,九龙坡区,150,main,ORI中,密集城区,混合/非居住,稳定
17187_106.365083139_29.5137297397_0_202305.jpg,/Users/catherine/Desktop/风险管理/imgs500米间隔161922_副本2/最新四方图/17187_106.365083139_29.5137297397_0_202305.jpg,17187,0,R138C024,九龙坡区,150,main,ORI中,密集城区,混合/非居住,稳定
8324_106.406875489_29.5131443318_270_202305.jpg,/Users/catherine/Desktop/风险管理/imgs500米间隔161922_副本2/最新四方图/8324_106.406875489_29.5131443318_270_202305.jpg,8324,270,R138C032,九龙坡区,105,main,ORI低,一般建成区,混合/非居住,稳定
8324_106.406875489_29.5131443318_180_202305.jpg,/Users/catherine/Desktop/风险管理/imgs500米间隔161922_副本2/最新四方图/8324_106.406875489_29.5131443318_180_202305.jpg,8324,180,R138C032,九龙坡区,105,main,ORI低,一般建成区,混合/非居住,稳定
8324_106.406875489_29.5131443318_0_202305.jpg,/Users/catherine/Desktop/风险管理/imgs500米间隔161922_副本2/最新四方图/8324_106.406875489_29.5131443318_0_202305.jpg,8324,0,R138C032,九龙坡区,105,main,ORI低,一般建成区,混合/非居住,稳定
8324_106.406875489_29.5131443318_90_202305.jpg,/Users/catherine/Desktop/风险管理/imgs500米间隔161922_副本2/最新四方图/8324_106.406875489_29.5131443318_90_202305.jpg,8324,90,R138C032,九龙坡区,105,main,ORI低,一般建成区,混合/非居住,稳定
18860_106.417722294_29.5148419342_90_202305.jpg,/Users/catherine/Desktop/风险管理/imgs500米间隔161922_副本2/最新四方图/18860_106.417722294_29.5148419342_90_202305.jpg,18860,90,R138C034,沙坪坝区,240,main,ORI高,密集城区,居住主导,稳定
18860_106.417722294_29.5148419342_180_202305.jpg,/Users/catherine/Desktop/风险管理/imgs500米间隔161922_副本2/最新四方图/18860_106.417722294_29.5148419342_180_202305.jpg,18860,180,R138C034,沙坪坝区,240,main,ORI高,密集城区,居住主导,稳定
18860_106.417722294_29.5148419342_270_202305.jpg,/Users/catherine/Desktop/风险管理/imgs500米间隔161922_副本2/最新四方图/18860_106.417722294_29.5148419342_270_202305.jpg,18860,270,R138C034,沙坪坝区,240,main,ORI高,密集城区,居住主导,稳定
18860_106.417722294_29.5148419342_0_202305.jpg,/Users/catherine/Desktop/风险管理/imgs500米间隔161922_副本2/最新四方图/18860_106.417722294_29.5148419342_0_202305.jpg,18860,0,R138C034,沙坪坝区,240,main,ORI高,密集城区,居住主导,稳定
631_106.485002609_29.5108816251_270_202305.jpg,/Users/catherine/Desktop/风险管理/imgs500米间隔161922_副本2/最新四方图/631_106.485002609_29.5108816251_270_202305.jpg,631,270,R138C047,九龙坡区,135,main,ORI中,密集城区,居住主导,稳定
631_106.485002609_29.5108816251_0_202305.jpg,/Users/catherine/Desktop/风险管理/imgs500米间隔161922_副本2/最新四方图/631_106.485002609_29.5108816251_0_202305.jpg,631,0,R138C047,九龙坡区,135,main,ORI中,密集城区,居住主导,稳定
631_106.485002609_29.5108816251_90_202305.jpg,/Users/catherine/Desktop/风险管理/imgs500米间隔161922_副本2/最新四方图/631_106.485002609_29.5108816251_90_202305.jpg,631,90,R138C047,九龙坡区,135,main,ORI中,密集城区,居住主导,稳定
631_106.485002609_29.5108816251_180_202305.jpg,/Users/catherine/Desktop/风险管理/imgs500米间隔161922_副本2/最新四方图/631_106.485002609_29.5108816251_180_202305.jpg,631,180,R138C047,九龙坡区,135,main,ORI中,密集城区,居住主导,稳定
8444_106.516301478_29.5121963108_0_202305.jpg,/Users/catherine/Desktop/风险管理/imgs500米间隔161922_副本2/最新四方图/8444_106.516301478_29.5121963108_0_202305.jpg,8444,0,R138C053,九龙坡区,174,main,ORI高,密集城区,居住主导,稳定
8444_106.516301478_29.5121963108_90_202305.jpg,/Users/catherine/Desktop/风险管理/imgs500米间隔161922_副本2/最新四方图/8444_106.516301478_29.5121963108_90_202305.jpg,8444,90,R138C053,九龙坡区,174,main,ORI高,密集城区,居住主导,稳定
8444_106.516301478_29.5121963108_180_202305.jpg,/Users/catherine/Desktop/风险管理/imgs500米间隔161922_副本2/最新四方图/8444_106.516301478_29.5121963108_180_202305.jpg,8444,180,R138C053,九龙坡区,174,main,ORI高,密集城区,居住主导,稳定
8444_106.516301478_29.5121963108_270_202305.jpg,/Users/catherine/Desktop/风险管理/imgs500米间隔161922_副本2/最新四方图/8444_106.516301478_29.5121963108_270_202305.jpg,8444,270,R138C053,九龙坡区,174,main,ORI高,密集城区,居住主导,稳定
4082_106.568018827_29.5100299074_180_202305.jpg,/Users/catherine/Desktop/风险管理/imgs500米间隔161922_副本2/最新四方图/4082_106.568018827_29.5100299074_180_202305.jpg,4082,180,R138C063,南岸区,354,main,ORI高,密集城区,居住主导,稳定
4082_106.568018827_29.5100299074_0_202305.jpg,/Users/catherine/Desktop/风险管理/imgs500米间隔161922_副本2/最新四方图/4082_106.568018827_29.5100299074_0_202305.jpg,4082,0,R138C063,南岸区,354,main,ORI高,密集城区,居住主导,稳定
4082_106.568018827_29.5100299074_270_202305.jpg,/Users/catherine/Desktop/风险管理/imgs500米间隔161922_副本2/最新四方图/4082_106.568018827_29.5100299074_270_202305.jpg,4082,270,R138C063,南岸区,354,main,ORI高,密集城区,居住主导,稳定
4082_106.568018827_29.5100299074_90_202305.jpg,/Users/catherine/Desktop/风险管理/imgs500米间隔161922_副本2/最新四方图/4082_106.568018827_29.5100299074_90_202305.jpg,4082,90,R138C063,南岸区,354,main,ORI高,密集城区,居住主导,稳定
787_106.289676836_29.5113499057_180_202305.jpg,/Users/catherine/Desktop/风险管理/imgs500米间隔161922_副本2/最新四方图/787_106.289676836_29.5113499057_180_202305.jpg,787,180,R139C009,九龙坡区,106,main,ORI低,密集城区,居住主导,稳定
787_106.289676836_29.5113499057_270_202305.jpg,/Users/catherine/Desktop/风险管理/imgs500米间隔161922_副本2/最新四方图/787_106.289676836_29.5113499057_270_202305.jpg,787,270,R139C009,九龙坡区,106,main,ORI低,密集城区,居住主导,稳定
787_106.289676836_29.5113499057_0_202305.jpg,/Users/catherine/Desktop/风险管理/imgs500米间隔161922_副本2/最新四方图/787_106.289676836_29.5113499057_0_202305.jpg,787,0,R139C009,九龙坡区,106,main,ORI低,密集城区,居住主导,稳定
787_106.289676836_29.5113499057_90_202305.jpg,/Users/catherine/Desktop/风险管理/imgs500米间隔161922_副本2/最新四方图/787_106.289676836_29.5113499057_90_202305.jpg,787,90,R139C009,九龙坡区,106,main,ORI低,密集城区,居住主导,稳定
6849_106.35675845_29.5107534078_270_202305.jpg,/Users/catherine/Desktop/风险管理/imgs500米间隔161922_副本2/最新四方图/6849_106.35675845_29.5107534078_270_202305.jpg,6849,270,R139C022,九龙坡区,177,main,ORI高,密集城区,混合/非居住,稳定
6849_106.35675845_29.5107534078_0_202305.jpg,/Users/catherine/Desktop/风险管理/imgs500米间隔161922_副本2/最新四方图/6849_106.35675845_29.5107534078_0_202305.jpg,6849,0,R139C022,九龙坡区,177,main,ORI高,密集城区,混合/非居住,稳定
6849_106.35675845_29.5107534078_90_202305.jpg,/Users/catherine/Desktop/风险管理/imgs500米间隔161922_副本2/最新四方图/6849_106.35675845_29.5107534078_90_202305.jpg,6849,90,R139C022,九龙坡区,177,main,ORI高,密集城区,混合/非居住,稳定
6849_106.35675845_29.5107534078_180_202305.jpg,/Users/catherine/Desktop/风险管理/imgs500米间隔161922_副本2/最新四方图/6849_106.35675845_29.5107534078_180_202305.jpg,6849,180,R139C022,九龙坡区,177,main,ORI高,密集城区,混合/非居住,稳定
8277_106.413933085_29.5090862596_180_202305.jpg,/Users/catherine/Desktop/风险管理/imgs500米间隔161922_副本2/最新四方图/8277_106.413933085_29.5090862596_180_202305.jpg,8277,180,R139C033,沙坪坝区,208,main,ORI中,密集城区,居住主导,稳定
8277_106.413933085_29.5090862596_270_202305.jpg,/Users/catherine/Desktop/风险管理/imgs500米间隔161922_副本2/最新四方图/8277_106.413933085_29.5090862596_270_202305.jpg,8277,270,R139C033,沙坪坝区,208,main,ORI中,密集城区,居住主导,稳定
8277_106.413933085_29.5090862596_90_202305.jpg,/Users/catherine/Desktop/风险管理/imgs500米间隔161922_副本2/最新四方图/8277_106.413933085_29.5090862596_90_202305.jpg,8277,90,R139C033,沙坪坝区,208,main,ORI中,密集城区,居住主导,稳定
8277_106.413933085_29.5090862596_0_202305.jpg,/Users/catherine/Desktop/风险管理/imgs500米间隔161922_副本2/最新四方图/8277_106.413933085_29.5090862596_0_202305.jpg,8277,0,R139C033,沙坪坝区,208,main,ORI中,密集城区,居住主导,稳定
12214_106.452797178_29.5100242414_90_202305.jpg,/Users/catherine/Desktop/风险管理/imgs500米间隔161922_副本2/最新四方图/12214_106.452797178_29.5100242414_90_202305.jpg,12214,90,R139C041,九龙坡区,164,main,ORI高,密集城区,居住主导,稳定
12214_106.452797178_29.5100242414_0_202305.jpg,/Users/catherine/Desktop/风险管理/imgs500米间隔161922_副本2/最新四方图/12214_106.452797178_29.5100242414_0_202305.jpg,12214,0,R139C041,九龙坡区,164,main,ORI高,密集城区,居住主导,稳定
12214_106.452797178_29.5100242414_270_202305.jpg,/Users/catherine/Desktop/风险管理/imgs500米间隔161922_副本2/最新四方图/12214_106.452797178_29.5100242414_270_202305.jpg,12214,270,R139C041,九龙坡区,164,main,ORI高,密集城区,居住主导,稳定
12214_106.452797178_29.5100242414_180_202305.jpg,/Users/catherine/Desktop/风险管理/imgs500米间隔161922_副本2/最新四方图/12214_106.452797178_29.5100242414_180_202305.jpg,12214,180,R139C041,九龙坡区,164,main,ORI高,密集城区,居住主导,稳定
17617_106.493794805_29.5102126483_0_202305.jpg,/Users/catherine/Desktop/风险管理/imgs500米间隔161922_副本2/最新四方图/17617_106.493794805_29.5102126483_0_202305.jpg,17617,0,R139C049,九龙坡区,165,main,ORI高,密集城区,居住主导,稳定
17617_106.493794805_29.5102126483_270_202305.jpg,/Users/catherine/Desktop/风险管理/imgs500米间隔161922_副本2/最新四方图/17617_106.493794805_29.5102126483_270_202305.jpg,17617,270,R139C049,九龙坡区,165,main,ORI高,密集城区,居住主导,稳定
17617_106.493794805_29.5102126483_180_202305.jpg,/Users/catherine/Desktop/风险管理/imgs500米间隔161922_副本2/最新四方图/17617_106.493794805_29.5102126483_180_202305.jpg,17617,180,R139C049,九龙坡区,165,main,ORI高,密集城区,居住主导,稳定
17617_106.493794805_29.5102126483_90_202305.jpg,/Users/catherine/Desktop/风险管理/imgs500米间隔161922_副本2/最新四方图/17617_106.493794805_29.5102126483_90_202305.jpg,17617,90,R139C049,九龙坡区,165,main,ORI高,密集城区,居住主导,稳定
8495_106.588788921_29.5084275925_270_202305.jpg,/Users/catherine/Desktop/风险管理/imgs500米间隔161922_副本2/最新四方图/8495_106.588788921_29.5084275925_270_202305.jpg,8495,270,R139C067,南岸区,342,main,ORI低,密集城区,居住主导,稳定
8495_106.588788921_29.5084275925_90_202305.jpg,/Users/catherine/Desktop/风险管理/imgs500米间隔161922_副本2/最新四方图/8495_106.588788921_29.5084275925_90_202305.jpg,8495,90,R139C067,南岸区,342,main,ORI低,密集城区,居住主导,稳定
8495_106.588788921_29.5084275925_0_202305.jpg,/Users/catherine/Desktop/风险管理/imgs500米间隔161922_副本2/最新四方图/8495_106.588788921_29.5084275925_0_202305.jpg,8495,0,R139C067,南岸区,342,main,ORI低,密集城区,居住主导,稳定
8495_106.588788921_29.5084275925_180_202305.jpg,/Users/catherine/Desktop/风险管理/imgs500米间隔161922_副本2/最新四方图/8495_106.588788921_29.5084275925_180_202305.jpg,8495,180,R139C067,南岸区,342,main,ORI低,密集城区,居住主导,稳定
5830_106.598553621_29.5077642493_0_202305.jpg,/Users/catherine/Desktop/风险管理/imgs500米间隔161922_副本2/最新四方图/5830_106.598553621_29.5077642493_0_202305.jpg,5830,0,R139C069,南岸区,344,main,ORI低,密集城区,居住主导,稳定
5830_106.598553621_29.5077642493_180_202305.jpg,/Users/catherine/Desktop/风险管理/imgs500米间隔161922_副本2/最新四方图/5830_106.598553621_29.5077642493_180_202305.jpg,5830,180,R139C069,南岸区,344,main,ORI低,密集城区,居住主导,稳定
5830_106.598553621_29.5077642493_90_202305.jpg,/Users/catherine/Desktop/风险管理/imgs500米间隔161922_副本2/最新四方图/5830_106.598553621_29.5077642493_90_202305.jpg,5830,90,R139C069,南岸区,344,main,ORI低,密集城区,居住主导,稳定
5830_106.598553621_29.5077642493_270_202305.jpg,/Users/catherine/Desktop/风险管理/imgs500米间隔161922_副本2/最新四方图/5830_106.598553621_29.5077642493_270_202305.jpg,5830,270,R139C069,南岸区,344,main,ORI低,密集城区,居住主导,稳定
12236_106.414731145_29.5065643098_270_202305.jpg,/Users/catherine/Desktop/风险管理/imgs500米间隔161922_副本2/最新四方图/12236_106.414731145_29.5065643098_270_202305.jpg,12236,270,R140C034,沙坪坝区,224,main,ORI高,密集城区,混合/非居住,稳定
12236_106.414731145_29.5065643098_90_202305.jpg,/Users/catherine/Desktop/风险管理/imgs500米间隔161922_副本2/最新四方图/12236_106.414731145_29.5065643098_90_202305.jpg,12236,90,R140C034,沙坪坝区,224,main,ORI高,密集城区,混合/非居住,稳定
12236_106.414731145_29.5065643098_0_202305.jpg,/Users/catherine/Desktop/风险管理/imgs500米间隔161922_副本2/最新四方图/12236_106.414731145_29.5065643098_0_202305.jpg,12236,0,R140C034,沙坪坝区,224,main,ORI高,密集城区,混合/非居住,稳定
12236_106.414731145_29.5065643098_180_202305.jpg,/Users/catherine/Desktop/风险管理/imgs500米间隔161922_副本2/最新四方图/12236_106.414731145_29.5065643098_180_202305.jpg,12236,180,R140C034,沙坪坝区,224,main,ORI高,密集城区,混合/非居住,稳定
8677_106.469598943_29.5020326646_0_202305.jpg,/Users/catherine/Desktop/风险管理/imgs500米间隔161922_副本2/最新四方图/8677_106.469598943_29.5020326646_0_202305.jpg,8677,0,R140C044,九龙坡区,168,main,ORI高,密集城区,混合/非居住,稳定
8677_106.469598943_29.5020326646_270_202305.jpg,/Users/catherine/Desktop/风险管理/imgs500米间隔161922_副本2/最新四方图/8677_106.469598943_29.5020326646_270_202305.jpg,8677,270,R140C044,九龙坡区,168,main,ORI高,密集城区,混合/非居住,稳定
8677_106.469598943_29.5020326646_90_202305.jpg,/Users/catherine/Desktop/风险管理/imgs500米间隔161922_副本2/最新四方图/8677_106.469598943_29.5020326646_90_202305.jpg,8677,90,R140C044,九龙坡区,168,main,ORI高,密集城区,混合/非居住,稳定
8677_106.469598943_29.5020326646_180_202305.jpg,/Users/catherine/Desktop/风险管理/imgs500米间隔161922_副本2/最新四方图/8677_106.469598943_29.5020326646_180_202305.jpg,8677,180,R140C044,九龙坡区,168,main,ORI高,密集城区,混合/非居住,稳定
564_106.494994611_29.5024386505_180_202305.jpg,/Users/catherine/Desktop/风险管理/imgs500米间隔161922_副本2/最新四方图/564_106.494994611_29.5024386505_180_202305.jpg,564,180,R140C049,九龙坡区,158,main,ORI高,密集城区,居住主导,稳定
564_106.494994611_29.5024386505_90_202305.jpg,/Users/catherine/Desktop/风险管理/imgs500米间隔161922_副本2/最新四方图/564_106.494994611_29.5024386505_90_202305.jpg,564,90,R140C049,九龙坡区,158,main,ORI高,密集城区,居住主导,稳定
564_106.494994611_29.5024386505_270_202305.jpg,/Users/catherine/Desktop/风险管理/imgs500米间隔161922_副本2/最新四方图/564_106.494994611_29.5024386505_270_202305.jpg,564,270,R140C049,九龙坡区,158,main,ORI高,密集城区,居住主导,稳定
564_106.494994611_29.5024386505_0_202305.jpg,/Users/catherine/Desktop/风险管理/imgs500米间隔161922_副本2/最新四方图/564_106.494994611_29.5024386505_0_202305.jpg,564,0,R140C049,九龙坡区,158,main,ORI高,密集城区,居住主导,稳定
8670_106.500976155_29.5020895891_90_202305.jpg,/Users/catherine/Desktop/风险管理/imgs500米间隔161922_副本2/最新四方图/8670_106.500976155_29.5020895891_90_202305.jpg,8670,90,R140C050,九龙坡区,140,main,ORI中,密集城区,居住主导,稳定
8670_106.500976155_29.5020895891_180_202305.jpg,/Users/catherine/Desktop/风险管理/imgs500米间隔161922_副本2/最新四方图/8670_106.500976155_29.5020895891_180_202305.jpg,8670,180,R140C050,九龙坡区,140,main,ORI中,密集城区,居住主导,稳定
8670_106.500976155_29.5020895891_0_202305.jpg,/Users/catherine/Desktop/风险管理/imgs500米间隔161922_副本2/最新四方图/8670_106.500976155_29.5020895891_0_202305.jpg,8670,0,R140C050,九龙坡区,140,main,ORI中,密集城区,居住主导,稳定
8670_106.500976155_29.5020895891_270_202305.jpg,/Users/catherine/Desktop/风险管理/imgs500米间隔161922_副本2/最新四方图/8670_106.500976155_29.5020895891_270_202305.jpg,8670,270,R140C050,九龙坡区,140,main,ORI中,密集城区,居住主导,稳定
9112_106.505241183_29.5027252654_270_202305.jpg,/Users/catherine/Desktop/风险管理/imgs500米间隔161922_副本2/最新四方图/9112_106.505241183_29.5027252654_270_202305.jpg,9112,270,R140C051,九龙坡区,134,main,ORI中,密集城区,混合/非居住,稳定
9112_106.505241183_29.5027252654_90_202305.jpg,/Users/catherine/Desktop/风险管理/imgs500米间隔161922_副本2/最新四方图/9112_106.505241183_29.5027252654_90_202305.jpg,9112,90,R140C051,九龙坡区,134,main,ORI中,密集城区,混合/非居住,稳定
9112_106.505241183_29.5027252654_180_202305.jpg,/Users/catherine/Desktop/风险管理/imgs500米间隔161922_副本2/最新四方图/9112_106.505241183_29.5027252654_180_202305.jpg,9112,180,R140C051,九龙坡区,134,main,ORI中,密集城区,混合/非居住,稳定
9112_106.505241183_29.5027252654_0_202305.jpg,/Users/catherine/Desktop/风险管理/imgs500米间隔161922_副本2/最新四方图/9112_106.505241183_29.5027252654_0_202305.jpg,9112,0,R140C051,九龙坡区,134,main,ORI中,密集城区,混合/非居住,稳定
5831_106.59780415_29.5027278955_180_202305.jpg,/Users/catherine/Desktop/风险管理/imgs500米间隔161922_副本2/最新四方图/5831_106.59780415_29.5027278955_180_202305.jpg,5831,180,R140C069,南岸区,347,main,ORI中,密集城区,居住主导,基本稳定-局部变化
5831_106.59780415_29.5027278955_0_202305.jpg,/Users/catherine/Desktop/风险管理/imgs500米间隔161922_副本2/最新四方图/5831_106.59780415_29.5027278955_0_202305.jpg,5831,0,R140C069,南岸区,347,main,ORI中,密集城区,居住主导,基本稳定-局部变化
5831_106.59780415_29.5027278955_270_202305.jpg,/Users/catherine/Desktop/风险管理/imgs500米间隔161922_副本2/最新四方图/5831_106.59780415_29.5027278955_270_202305.jpg,5831,270,R140C069,南岸区,347,main,ORI中,密集城区,居住主导,基本稳定-局部变化
5831_106.59780415_29.5027278955_90_202305.jpg,/Users/catherine/Desktop/风险管理/imgs500米间隔161922_副本2/最新四方图/5831_106.59780415_29.5027278955_90_202305.jpg,5831,90,R140C069,南岸区,347,main,ORI中,密集城区,居住主导,基本稳定-局部变化
780_106.300352109_29.4999809744_90_202305.jpg,/Users/catherine/Desktop/风险管理/imgs500米间隔161922_副本2/最新四方图/780_106.300352109_29.4999809744_90_202305.jpg,780,90,R141C011,九龙坡区,121,main,ORI低,密集城区,混合/非居住,基本稳定-局部变化
780_106.300352109_29.4999809744_180_202305.jpg,/Users/catherine/Desktop/风险管理/imgs500米间隔161922_副本2/最新四方图/780_106.300352109_29.4999809744_180_202305.jpg,780,180,R141C011,九龙坡区,121,main,ORI低,密集城区,混合/非居住,基本稳定-局部变化
780_106.300352109_29.4999809744_0_202305.jpg,/Users/catherine/Desktop/风险管理/imgs500米间隔161922_副本2/最新四方图/780_106.300352109_29.4999809744_0_202305.jpg,780,0,R141C011,九龙坡区,121,main,ORI低,密集城区,混合/非居住,基本稳定-局部变化
780_106.300352109_29.4999809744_270_202305.jpg,/Users/catherine/Desktop/风险管理/imgs500米间隔161922_副本2/最新四方图/780_106.300352109_29.4999809744_270_202305.jpg,780,270,R141C011,九龙坡区,121,main,ORI低,密集城区,混合/非居住,基本稳定-局部变化
6983_106.33832721_29.5000456529_270_202305.jpg,/Users/catherine/Desktop/风险管理/imgs500米间隔161922_副本2/最新四方图/6983_106.33832721_29.5000456529_270_202305.jpg,6983,270,R141C019,九龙坡区,123,main,ORI低,一般建成区,居住主导,稳定
6983_106.33832721_29.5000456529_0_202305.jpg,/Users/catherine/Desktop/风险管理/imgs500米间隔161922_副本2/最新四方图/6983_106.33832721_29.5000456529_0_202305.jpg,6983,0,R141C019,九龙坡区,123,main,ORI低,一般建成区,居住主导,稳定
6983_106.33832721_29.5000456529_90_202305.jpg,/Users/catherine/Desktop/风险管理/imgs500米间隔161922_副本2/最新四方图/6983_106.33832721_29.5000456529_90_202305.jpg,6983,90,R141C019,九龙坡区,123,main,ORI低,一般建成区,居住主导,稳定
6983_106.33832721_29.5000456529_180_202305.jpg,/Users/catherine/Desktop/风险管理/imgs500米间隔161922_副本2/最新四方图/6983_106.33832721_29.5000456529_180_202305.jpg,6983,180,R141C019,九龙坡区,123,main,ORI低,一般建成区,居住主导,稳定
14779_106.431909806_29.502098492_180_202305.jpg,/Users/catherine/Desktop/风险管理/imgs500米间隔161922_副本2/最新四方图/14779_106.431909806_29.502098492_180_202305.jpg,14779,180,R141C037,沙坪坝区,236,main,ORI高,密集城区,混合/非居住,稳定
14779_106.431909806_29.502098492_0_202305.jpg,/Users/catherine/Desktop/风险管理/imgs500米间隔161922_副本2/最新四方图/14779_106.431909806_29.502098492_0_202305.jpg,14779,0,R141C037,沙坪坝区,236,main,ORI高,密集城区,混合/非居住,稳定
14779_106.431909806_29.502098492_270_202305.jpg,/Users/catherine/Desktop/风险管理/imgs500米间隔161922_副本2/最新四方图/14779_106.431909806_29.502098492_270_202305.jpg,14779,270,R141C037,沙坪坝区,236,main,ORI高,密集城区,混合/非居住,稳定
14779_106.431909806_29.502098492_90_202305.jpg,/Users/catherine/Desktop/风险管理/imgs500米间隔161922_副本2/最新四方图/14779_106.431909806_29.502098492_90_202305.jpg,14779,90,R141C037,沙坪坝区,236,main,ORI高,密集城区,混合/非居住,稳定
8523_106.560151614_29.499569415_180_202305.jpg,/Users/catherine/Desktop/风险管理/imgs500米间隔161922_副本2/最新四方图/8523_106.560151614_29.499569415_180_202305.jpg,8523,180,R141C062,南岸区,350,main,ORI中,密集城区,居住主导,稳定
8523_106.560151614_29.499569415_0_202305.jpg,/Users/catherine/Desktop/风险管理/imgs500米间隔161922_副本2/最新四方图/8523_106.560151614_29.499569415_0_202305.jpg,8523,0,R141C062,南岸区,350,main,ORI中,密集城区,居住主导,稳定
8523_106.560151614_29.499569415_270_202305.jpg,/Users/catherine/Desktop/风险管理/imgs500米间隔161922_副本2/最新四方图/8523_106.560151614_29.499569415_270_202305.jpg,8523,270,R141C062,南岸区,350,main,ORI中,密集城区,居住主导,稳定
8523_106.560151614_29.499569415_90_202305.jpg,/Users/catherine/Desktop/风险管理/imgs500米间隔161922_副本2/最新四方图/8523_106.560151614_29.499569415_90_202305.jpg,8523,90,R141C062,南岸区,350,main,ORI中,密集城区,居住主导,稳定
195_106.587054905_29.5000083061_180_202305.jpg,/Users/catherine/Desktop/风险管理/imgs500米间隔161922_副本2/最新四方图/195_106.587054905_29.5000083061_180_202305.jpg,195,180,R141C067,南岸区,341,main,ORI低,密集城区,居住主导,稳定
195_106.587054905_29.5000083061_0_202305.jpg,/Users/catherine/Desktop/风险管理/imgs500米间隔161922_副本2/最新四方图/195_106.587054905_29.5000083061_0_202305.jpg,195,0,R141C067,南岸区,341,main,ORI低,密集城区,居住主导,稳定
195_106.587054905_29.5000083061_90_202305.jpg,/Users/catherine/Desktop/风险管理/imgs500米间隔161922_副本2/最新四方图/195_106.587054905_29.5000083061_90_202305.jpg,195,90,R141C067,南岸区,341,main,ORI低,密集城区,居住主导,稳定
195_106.587054905_29.5000083061_270_202305.jpg,/Users/catherine/Desktop/风险管理/imgs500米间隔161922_副本2/最新四方图/195_106.587054905_29.5000083061_270_202305.jpg,195,270,R141C067,南岸区,341,main,ORI低,密集城区,居住主导,稳定
206_106.591555447_29.4982407794_270_202305.jpg,/Users/catherine/Desktop/风险管理/imgs500米间隔161922_副本2/最新四方图/206_106.591555447_29.4982407794_270_202305.jpg,206,270,R141C068,南岸区,340,main,ORI低,密集城区,混合/非居住,稳定
206_106.591555447_29.4982407794_90_202305.jpg,/Users/catherine/Desktop/风险管理/imgs500米间隔161922_副本2/最新四方图/206_106.591555447_29.4982407794_90_202305.jpg,206,90,R141C068,南岸区,340,main,ORI低,密集城区,混合/非居住,稳定
206_106.591555447_29.4982407794_180_202305.jpg,/Users/catherine/Desktop/风险管理/imgs500米间隔161922_副本2/最新四方图/206_106.591555447_29.4982407794_180_202305.jpg,206,180,R141C068,南岸区,340,main,ORI低,密集城区,混合/非居住,稳定
206_106.591555447_29.4982407794_0_202305.jpg,/Users/catherine/Desktop/风险管理/imgs500米间隔161922_副本2/最新四方图/206_106.591555447_29.4982407794_0_202305.jpg,206,0,R141C068,南岸区,340,main,ORI低,密集城区,混合/非居住,稳定
8362_106.394750762_29.4947690424_270_202305.jpg,/Users/catherine/Desktop/风险管理/imgs500米间隔161922_副本2/最新四方图/8362_106.394750762_29.4947690424_270_202305.jpg,8362,270,R142C030,九龙坡区,149,main,ORI中,密集城区,混合/非居住,稳定
8362_106.394750762_29.4947690424_90_202305.jpg,/Users/catherine/Desktop/风险管理/imgs500米间隔161922_副本2/最新四方图/8362_106.394750762_29.4947690424_90_202305.jpg,8362,90,R142C030,九龙坡区,149,main,ORI中,密集城区,混合/非居住,稳定
8362_106.394750762_29.4947690424_0_202305.jpg,/Users/catherine/Desktop/风险管理/imgs500米间隔161922_副本2/最新四方图/8362_106.394750762_29.4947690424_0_202305.jpg,8362,0,R142C030,九龙坡区,149,main,ORI中,密集城区,混合/非居住,稳定
8362_106.394750762_29.4947690424_180_202305.jpg,/Users/catherine/Desktop/风险管理/imgs500米间隔161922_副本2/最新四方图/8362_106.394750762_29.4947690424_180_202305.jpg,8362,180,R142C030,九龙坡区,149,main,ORI中,密集城区,混合/非居住,稳定
12016_106.429438675_29.4931819823_270_202305.jpg,/Users/catherine/Desktop/风险管理/imgs500米间隔161922_副本2/最新四方图/12016_106.429438675_29.4931819823_270_202305.jpg,12016,270,R142C037,九龙坡区,175,main,ORI高,密集城区,居住主导,稳定
12016_106.429438675_29.4931819823_0_202305.jpg,/Users/catherine/Desktop/风险管理/imgs500米间隔161922_副本2/最新四方图/12016_106.429438675_29.4931819823_0_202305.jpg,12016,0,R142C037,九龙坡区,175,main,ORI高,密集城区,居住主导,稳定
12016_106.429438675_29.4931819823_90_202305.jpg,/Users/catherine/Desktop/风险管理/imgs500米间隔161922_副本2/最新四方图/12016_106.429438675_29.4931819823_90_202305.jpg,12016,90,R142C037,九龙坡区,175,main,ORI高,密集城区,居住主导,稳定
12016_106.429438675_29.4931819823_180_202305.jpg,/Users/catherine/Desktop/风险管理/imgs500米间隔161922_副本2/最新四方图/12016_106.429438675_29.4931819823_180_202305.jpg,12016,180,R142C037,九龙坡区,175,main,ORI高,密集城区,居住主导,稳定
12026_106.471410453_29.4942613818_90_202305.jpg,/Users/catherine/Desktop/风险管理/imgs500米间隔161922_副本2/最新四方图/12026_106.471410453_29.4942613818_90_202305.jpg,12026,90,R142C045,大渡口区,295,main,ORI高,密集城区,居住主导,稳定
12026_106.471410453_29.4942613818_270_202305.jpg,/Users/catherine/Desktop/风险管理/imgs500米间隔161922_副本2/最新四方图/12026_106.471410453_29.4942613818_270_202305.jpg,12026,270,R142C045,大渡口区,295,main,ORI高,密集城区,居住主导,稳定
12026_106.471410453_29.4942613818_0_202305.jpg,/Users/catherine/Desktop/风险管理/imgs500米间隔161922_副本2/最新四方图/12026_106.471410453_29.4942613818_0_202305.jpg,12026,0,R142C045,大渡口区,295,main,ORI高,密集城区,居住主导,稳定
12026_106.471410453_29.4942613818_180_202305.jpg,/Users/catherine/Desktop/风险管理/imgs500米间隔161922_副本2/最新四方图/12026_106.471410453_29.4942613818_180_202305.jpg,12026,180,R142C045,大渡口区,295,main,ORI高,密集城区,居住主导,稳定
812_106.345560049_29.4912968484_270_202305.jpg,/Users/catherine/Desktop/风险管理/imgs500米间隔161922_副本2/最新四方图/812_106.345560049_29.4912968484_270_202305.jpg,812,270,R143C020,九龙坡区,141,main,ORI中,密集城区,混合/非居住,稳定
812_106.345560049_29.4912968484_0_202305.jpg,/Users/catherine/Desktop/风险管理/imgs500米间隔161922_副本2/最新四方图/812_106.345560049_29.4912968484_0_202305.jpg,812,0,R143C020,九龙坡区,141,main,ORI中,密集城区,混合/非居住,稳定
812_106.345560049_29.4912968484_180_202305.jpg,/Users/catherine/Desktop/风险管理/imgs500米间隔161922_副本2/最新四方图/812_106.345560049_29.4912968484_180_202305.jpg,812,180,R143C020,九龙坡区,141,main,ORI中,密集城区,混合/非居住,稳定
812_106.345560049_29.4912968484_90_202305.jpg,/Users/catherine/Desktop/风险管理/imgs500米间隔161922_副本2/最新四方图/812_106.345560049_29.4912968484_90_202305.jpg,812,90,R143C020,九龙坡区,141,main,ORI中,密集城区,混合/非居住,稳定
6976_106.36397389_29.49166353_90_202305.jpg,/Users/catherine/Desktop/风险管理/imgs500米间隔161922_副本2/最新四方图/6976_106.36397389_29.49166353_90_202305.jpg,6976,90,R143C024,九龙坡区,160,main,ORI高,密集城区,居住主导,稳定
6976_106.36397389_29.49166353_270_202305.jpg,/Users/catherine/Desktop/风险管理/imgs500米间隔161922_副本2/最新四方图/6976_106.36397389_29.49166353_270_202305.jpg,6976,270,R143C024,九龙坡区,160,main,ORI高,密集城区,居住主导,稳定
6976_106.36397389_29.49166353_0_202305.jpg,/Users/catherine/Desktop/风险管理/imgs500米间隔161922_副本2/最新四方图/6976_106.36397389_29.49166353_0_202305.jpg,6976,0,R143C024,九龙坡区,160,main,ORI高,密集城区,居住主导,稳定
6976_106.36397389_29.49166353_180_202305.jpg,/Users/catherine/Desktop/风险管理/imgs500米间隔161922_副本2/最新四方图/6976_106.36397389_29.49166353_180_202305.jpg,6976,180,R143C024,九龙坡区,160,main,ORI高,密集城区,居住主导,稳定
20016_106.433317761_29.4890673549_0_202305.jpg,/Users/catherine/Desktop/风险管理/imgs500米间隔161922_副本2/最新四方图/20016_106.433317761_29.4890673549_0_202305.jpg,20016,0,R143C037,九龙坡区,162,main,ORI高,密集城区,混合/非居住,稳定
20016_106.433317761_29.4890673549_270_202305.jpg,/Users/catherine/Desktop/风险管理/imgs500米间隔161922_副本2/最新四方图/20016_106.433317761_29.4890673549_270_202305.jpg,20016,270,R143C037,九龙坡区,162,main,ORI高,密集城区,混合/非居住,稳定
20016_106.433317761_29.4890673549_90_202305.jpg,/Users/catherine/Desktop/风险管理/imgs500米间隔161922_副本2/最新四方图/20016_106.433317761_29.4890673549_90_202305.jpg,20016,90,R143C037,九龙坡区,162,main,ORI高,密集城区,混合/非居住,稳定
20016_106.433317761_29.4890673549_180_202305.jpg,/Users/catherine/Desktop/风险管理/imgs500米间隔161922_副本2/最新四方图/20016_106.433317761_29.4890673549_180_202305.jpg,20016,180,R143C037,九龙坡区,162,main,ORI高,密集城区,混合/非居住,稳定
566_106.527619907_29.4893515182_270_202305.jpg,/Users/catherine/Desktop/风险管理/imgs500米间隔161922_副本2/最新四方图/566_106.527619907_29.4893515182_270_202305.jpg,566,270,R143C056,九龙坡区,156,main,ORI高,密集城区,混合/非居住,稳定
566_106.527619907_29.4893515182_0_202305.jpg,/Users/catherine/Desktop/风险管理/imgs500米间隔161922_副本2/最新四方图/566_106.527619907_29.4893515182_0_202305.jpg,566,0,R143C056,九龙坡区,156,main,ORI高,密集城区,混合/非居住,稳定
566_106.527619907_29.4893515182_90_202305.jpg,/Users/catherine/Desktop/风险管理/imgs500米间隔161922_副本2/最新四方图/566_106.527619907_29.4893515182_90_202305.jpg,566,90,R143C056,九龙坡区,156,main,ORI高,密集城区,混合/非居住,稳定
566_106.527619907_29.4893515182_180_202305.jpg,/Users/catherine/Desktop/风险管理/imgs500米间隔161922_副本2/最新四方图/566_106.527619907_29.4893515182_180_202305.jpg,566,180,R143C056,九龙坡区,156,main,ORI高,密集城区,混合/非居住,稳定
8328_106.437796999_29.4855769536_0_202305.jpg,/Users/catherine/Desktop/风险管理/imgs500米间隔161922_副本2/最新四方图/8328_106.437796999_29.4855769536_0_202305.jpg,8328,0,R144C038,九龙坡区,178,main,ORI高,密集城区,居住主导,稳定
8328_106.437796999_29.4855769536_180_202305.jpg,/Users/catherine/Desktop/风险管理/imgs500米间隔161922_副本2/最新四方图/8328_106.437796999_29.4855769536_180_202305.jpg,8328,180,R144C038,九龙坡区,178,main,ORI高,密集城区,居住主导,稳定
8328_106.437796999_29.4855769536_90_202305.jpg,/Users/catherine/Desktop/风险管理/imgs500米间隔161922_副本2/最新四方图/8328_106.437796999_29.4855769536_90_202305.jpg,8328,90,R144C038,九龙坡区,178,main,ORI高,密集城区,居住主导,稳定
8328_106.437796999_29.4855769536_270_202305.jpg,/Users/catherine/Desktop/风险管理/imgs500米间隔161922_副本2/最新四方图/8328_106.437796999_29.4855769536_270_202305.jpg,8328,270,R144C038,九龙坡区,178,main,ORI高,密集城区,居住主导,稳定
2012_106.471102265_29.4845589394_90_202305.jpg,/Users/catherine/Desktop/风险管理/imgs500米间隔161922_副本2/最新四方图/2012_106.471102265_29.4845589394_90_202305.jpg,2012,90,R144C045,大渡口区,291,main,ORI高,密集城区,居住主导,稳定
2012_106.471102265_29.4845589394_180_202305.jpg,/Users/catherine/Desktop/风险管理/imgs500米间隔161922_副本2/最新四方图/2012_106.471102265_29.4845589394_180_202305.jpg,2012,180,R144C045,大渡口区,291,main,ORI高,密集城区,居住主导,稳定
2012_106.471102265_29.4845589394_0_202305.jpg,/Users/catherine/Desktop/风险管理/imgs500米间隔161922_副本2/最新四方图/2012_106.471102265_29.4845589394_0_202305.jpg,2012,0,R144C045,大渡口区,291,main,ORI高,密集城区,居住主导,稳定
2012_106.471102265_29.4845589394_270_202305.jpg,/Users/catherine/Desktop/风险管理/imgs500米间隔161922_副本2/最新四方图/2012_106.471102265_29.4845589394_270_202305.jpg,2012,270,R144C045,大渡口区,291,main,ORI高,密集城区,居住主导,稳定
247_106.567057398_29.4859577801_0_202305.jpg,/Users/catherine/Desktop/风险管理/imgs500米间隔161922_副本2/最新四方图/247_106.567057398_29.4859577801_0_202305.jpg,247,0,R144C063,巴南区,314,main,ORI高,密集城区,居住主导,稳定
247_106.567057398_29.4859577801_90_202305.jpg,/Users/catherine/Desktop/风险管理/imgs500米间隔161922_副本2/最新四方图/247_106.567057398_29.4859577801_90_202305.jpg,247,90,R144C063,巴南区,314,main,ORI高,密集城区,居住主导,稳定
247_106.567057398_29.4859577801_180_202305.jpg,/Users/catherine/Desktop/风险管理/imgs500米间隔161922_副本2/最新四方图/247_106.567057398_29.4859577801_180_202305.jpg,247,180,R144C063,巴南区,314,main,ORI高,密集城区,居住主导,稳定
247_106.567057398_29.4859577801_270_202305.jpg,/Users/catherine/Desktop/风险管理/imgs500米间隔161922_副本2/最新四方图/247_106.567057398_29.4859577801_270_202305.jpg,247,270,R144C063,巴南区,314,main,ORI高,密集城区,居住主导,稳定
20354_106.333404482_29.4834901541_0_202305.jpg,/Users/catherine/Desktop/风险管理/imgs500米间隔161922_副本2/最新四方图/20354_106.333404482_29.4834901541_0_202305.jpg,20354,0,R145C018,九龙坡区,112,main,ORI低,密集城区,混合/非居住,稳定
20354_106.333404482_29.4834901541_270_202305.jpg,/Users/catherine/Desktop/风险管理/imgs500米间隔161922_副本2/最新四方图/20354_106.333404482_29.4834901541_270_202305.jpg,20354,270,R145C018,九龙坡区,112,main,ORI低,密集城区,混合/非居住,稳定
20354_106.333404482_29.4834901541_90_202305.jpg,/Users/catherine/Desktop/风险管理/imgs500米间隔161922_副本2/最新四方图/20354_106.333404482_29.4834901541_90_202305.jpg,20354,90,R145C018,九龙坡区,112,main,ORI低,密集城区,混合/非居住,稳定
20354_106.333404482_29.4834901541_180_202305.jpg,/Users/catherine/Desktop/风险管理/imgs500米间隔161922_副本2/最新四方图/20354_106.333404482_29.4834901541_180_202305.jpg,20354,180,R145C018,九龙坡区,112,main,ORI低,密集城区,混合/非居住,稳定
12081_106.428486469_29.483726457_270_202305.jpg,/Users/catherine/Desktop/风险管理/imgs500米间隔161922_副本2/最新四方图/12081_106.428486469_29.483726457_270_202305.jpg,12081,270,R145C036,九龙坡区,155,main,ORI中,密集城区,混合/非居住,稳定
12081_106.428486469_29.483726457_0_202305.jpg,/Users/catherine/Desktop/风险管理/imgs500米间隔161922_副本2/最新四方图/12081_106.428486469_29.483726457_0_202305.jpg,12081,0,R145C036,九龙坡区,155,main,ORI中,密集城区,混合/非居住,稳定
12081_106.428486469_29.483726457_90_202305.jpg,/Users/catherine/Desktop/风险管理/imgs500米间隔161922_副本2/最新四方图/12081_106.428486469_29.483726457_90_202305.jpg,12081,90,R145C036,九龙坡区,155,main,ORI中,密集城区,混合/非居住,稳定
12081_106.428486469_29.483726457_180_202305.jpg,/Users/catherine/Desktop/风险管理/imgs500米间隔161922_副本2/最新四方图/12081_106.428486469_29.483726457_180_202305.jpg,12081,180,R145C036,九龙坡区,155,main,ORI中,密集城区,混合/非居住,稳定
256_106.56212043_29.4808468708_180_202305.jpg,/Users/catherine/Desktop/风险管理/imgs500米间隔161922_副本2/最新四方图/256_106.56212043_29.4808468708_180_202305.jpg,256,180,R145C062,巴南区,313,main,ORI高,密集城区,混合/非居住,稳定
256_106.56212043_29.4808468708_0_202305.jpg,/Users/catherine/Desktop/风险管理/imgs500米间隔161922_副本2/最新四方图/256_106.56212043_29.4808468708_0_202305.jpg,256,0,R145C062,巴南区,313,main,ORI高,密集城区,混合/非居住,稳定
256_106.56212043_29.4808468708_90_202305.jpg,/Users/catherine/Desktop/风险管理/imgs500米间隔161922_副本2/最新四方图/256_106.56212043_29.4808468708_90_202305.jpg,256,90,R145C062,巴南区,313,main,ORI高,密集城区,混合/非居住,稳定
256_106.56212043_29.4808468708_270_202305.jpg,/Users/catherine/Desktop/风险管理/imgs500米间隔161922_副本2/最新四方图/256_106.56212043_29.4808468708_270_202305.jpg,256,270,R145C062,巴南区,313,main,ORI高,密集城区,混合/非居住,稳定
821_106.323753787_29.4793968822_180_202305.jpg,/Users/catherine/Desktop/风险管理/imgs500米间隔161922_副本2/最新四方图/821_106.323753787_29.4793968822_180_202305.jpg,821,180,R146C016,九龙坡区,128,main,ORI低,密集城区,混合/非居住,稳定
821_106.323753787_29.4793968822_0_202305.jpg,/Users/catherine/Desktop/风险管理/imgs500米间隔161922_副本2/最新四方图/821_106.323753787_29.4793968822_0_202305.jpg,821,0,R146C016,九龙坡区,128,main,ORI低,密集城区,混合/非居住,稳定
821_106.323753787_29.4793968822_270_202305.jpg,/Users/catherine/Desktop/风险管理/imgs500米间隔161922_副本2/最新四方图/821_106.323753787_29.4793968822_270_202305.jpg,821,270,R146C016,九龙坡区,128,main,ORI低,密集城区,混合/非居住,稳定
821_106.323753787_29.4793968822_90_202305.jpg,/Users/catherine/Desktop/风险管理/imgs500米间隔161922_副本2/最新四方图/821_106.323753787_29.4793968822_90_202305.jpg,821,90,R146C016,九龙坡区,128,main,ORI低,密集城区,混合/非居住,稳定
10726_106.50330277_29.477630767_180_202305.jpg,/Users/catherine/Desktop/风险管理/imgs500米间隔161922_副本2/最新四方图/10726_106.50330277_29.477630767_180_202305.jpg,10726,180,R146C051,巴南区,312,main,ORI中,密集城区,居住主导,基本稳定-局部变化
10726_106.50330277_29.477630767_90_202305.jpg,/Users/catherine/Desktop/风险管理/imgs500米间隔161922_副本2/最新四方图/10726_106.50330277_29.477630767_90_202305.jpg,10726,90,R146C051,巴南区,312,main,ORI中,密集城区,居住主导,基本稳定-局部变化
10726_106.50330277_29.477630767_0_202305.jpg,/Users/catherine/Desktop/风险管理/imgs500米间隔161922_副本2/最新四方图/10726_106.50330277_29.477630767_0_202305.jpg,10726,0,R146C051,巴南区,312,main,ORI中,密集城区,居住主导,基本稳定-局部变化
10726_106.50330277_29.477630767_270_202305.jpg,/Users/catherine/Desktop/风险管理/imgs500米间隔161922_副本2/最新四方图/10726_106.50330277_29.477630767_270_202305.jpg,10726,270,R146C051,巴南区,312,main,ORI中,密集城区,居住主导,基本稳定-局部变化
6978_106.341973181_29.472101617_270_202305.jpg,/Users/catherine/Desktop/风险管理/imgs500米间隔161922_副本2/最新四方图/6978_106.341973181_29.472101617_270_202305.jpg,6978,270,R147C020,九龙坡区,388,sensitivity,ORI低,密集城区,混合/非居住,显著变化
6978_106.341973181_29.472101617_90_202305.jpg,/Users/catherine/Desktop/风险管理/imgs500米间隔161922_副本2/最新四方图/6978_106.341973181_29.472101617_90_202305.jpg,6978,90,R147C020,九龙坡区,388,sensitivity,ORI低,密集城区,混合/非居住,显著变化
6978_106.341973181_29.472101617_0_202305.jpg,/Users/catherine/Desktop/风险管理/imgs500米间隔161922_副本2/最新四方图/6978_106.341973181_29.472101617_0_202305.jpg,6978,0,R147C020,九龙坡区,388,sensitivity,ORI低,密集城区,混合/非居住,显著变化
6978_106.341973181_29.472101617_180_202305.jpg,/Users/catherine/Desktop/风险管理/imgs500米间隔161922_副本2/最新四方图/6978_106.341973181_29.472101617_180_202305.jpg,6978,180,R147C020,九龙坡区,388,sensitivity,ORI低,密集城区,混合/非居住,显著变化
12088_106.420272012_29.4740289063_0_202305.jpg,/Users/catherine/Desktop/风险管理/imgs500米间隔161922_副本2/最新四方图/12088_106.420272012_29.4740289063_0_202305.jpg,12088,0,R147C035,九龙坡区,114,main,ORI低,一般建成区,混合/非居住,稳定
12088_106.420272012_29.4740289063_90_202305.jpg,/Users/catherine/Desktop/风险管理/imgs500米间隔161922_副本2/最新四方图/12088_106.420272012_29.4740289063_90_202305.jpg,12088,90,R147C035,九龙坡区,114,main,ORI低,一般建成区,混合/非居住,稳定
12088_106.420272012_29.4740289063_180_202305.jpg,/Users/catherine/Desktop/风险管理/imgs500米间隔161922_副本2/最新四方图/12088_106.420272012_29.4740289063_180_202305.jpg,12088,180,R147C035,九龙坡区,114,main,ORI低,一般建成区,混合/非居住,稳定
12088_106.420272012_29.4740289063_270_202305.jpg,/Users/catherine/Desktop/风险管理/imgs500米间隔161922_副本2/最新四方图/12088_106.420272012_29.4740289063_270_202305.jpg,12088,270,R147C035,九龙坡区,114,main,ORI低,一般建成区,混合/非居住,稳定
522_106.473653909_29.4714353998_180_202305.jpg,/Users/catherine/Desktop/风险管理/imgs500米间隔161922_副本2/最新四方图/522_106.473653909_29.4714353998_180_202305.jpg,522,180,R147C045,大渡口区,294,main,ORI高,密集城区,居住主导,稳定
522_106.473653909_29.4714353998_0_202305.jpg,/Users/catherine/Desktop/风险管理/imgs500米间隔161922_副本2/最新四方图/522_106.473653909_29.4714353998_0_202305.jpg,522,0,R147C045,大渡口区,294,main,ORI高,密集城区,居住主导,稳定
522_106.473653909_29.4714353998_90_202305.jpg,/Users/catherine/Desktop/风险管理/imgs500米间隔161922_副本2/最新四方图/522_106.473653909_29.4714353998_90_202305.jpg,522,90,R147C045,大渡口区,294,main,ORI高,密集城区,居住主导,稳定
522_106.473653909_29.4714353998_270_202305.jpg,/Users/catherine/Desktop/风险管理/imgs500米间隔161922_副本2/最新四方图/522_106.473653909_29.4714353998_270_202305.jpg,522,270,R147C045,大渡口区,294,main,ORI高,密集城区,居住主导,稳定
3337_106.549697191_29.4712345704_180_202305.jpg,/Users/catherine/Desktop/风险管理/imgs500米间隔161922_副本2/最新四方图/3337_106.549697191_29.4712345704_180_202305.jpg,3337,180,R147C060,巴南区,310,main,ORI中,密集城区,居住主导,稳定
3337_106.549697191_29.4712345704_0_202305.jpg,/Users/catherine/Desktop/风险管理/imgs500米间隔161922_副本2/最新四方图/3337_106.549697191_29.4712345704_0_202305.jpg,3337,0,R147C060,巴南区,310,main,ORI中,密集城区,居住主导,稳定
3337_106.549697191_29.4712345704_90_202305.jpg,/Users/catherine/Desktop/风险管理/imgs500米间隔161922_副本2/最新四方图/3337_106.549697191_29.4712345704_90_202305.jpg,3337,90,R147C060,巴南区,310,main,ORI中,密集城区,居住主导,稳定
3337_106.549697191_29.4712345704_270_202305.jpg,/Users/catherine/Desktop/风险管理/imgs500米间隔161922_副本2/最新四方图/3337_106.549697191_29.4712345704_270_202305.jpg,3337,270,R147C060,巴南区,310,main,ORI中,密集城区,居住主导,稳定
20957_106.3727552_29.46712333_180_202305.jpg,/Users/catherine/Desktop/风险管理/imgs500米间隔161922_副本2/最新四方图/20957_106.3727552_29.46712333_180_202305.jpg,20957,180,R148C026,九龙坡区,110,main,ORI低,密集城区,混合/非居住,稳定
20957_106.3727552_29.46712333_270_202305.jpg,/Users/catherine/Desktop/风险管理/imgs500米间隔161922_副本2/最新四方图/20957_106.3727552_29.46712333_270_202305.jpg,20957,270,R148C026,九龙坡区,110,main,ORI低,密集城区,混合/非居住,稳定
20957_106.3727552_29.46712333_90_202305.jpg,/Users/catherine/Desktop/风险管理/imgs500米间隔161922_副本2/最新四方图/20957_106.3727552_29.46712333_90_202305.jpg,20957,90,R148C026,九龙坡区,110,main,ORI低,密集城区,混合/非居住,稳定
20957_106.3727552_29.46712333_0_202305.jpg,/Users/catherine/Desktop/风险管理/imgs500米间隔161922_副本2/最新四方图/20957_106.3727552_29.46712333_0_202305.jpg,20957,0,R148C026,九龙坡区,110,main,ORI低,密集城区,混合/非居住,稳定
17477_106.429884749_29.4684110816_0_202305.jpg,/Users/catherine/Desktop/风险管理/imgs500米间隔161922_副本2/最新四方图/17477_106.429884749_29.4684110816_0_202305.jpg,17477,0,R148C037,九龙坡区,170,main,ORI高,密集城区,居住主导,稳定
17477_106.429884749_29.4684110816_90_202305.jpg,/Users/catherine/Desktop/风险管理/imgs500米间隔161922_副本2/最新四方图/17477_106.429884749_29.4684110816_90_202305.jpg,17477,90,R148C037,九龙坡区,170,main,ORI高,密集城区,居住主导,稳定
17477_106.429884749_29.4684110816_270_202305.jpg,/Users/catherine/Desktop/风险管理/imgs500米间隔161922_副本2/最新四方图/17477_106.429884749_29.4684110816_270_202305.jpg,17477,270,R148C037,九龙坡区,170,main,ORI高,密集城区,居住主导,稳定
17477_106.429884749_29.4684110816_180_202305.jpg,/Users/catherine/Desktop/风险管理/imgs500米间隔161922_副本2/最新四方图/17477_106.429884749_29.4684110816_180_202305.jpg,17477,180,R148C037,九龙坡区,170,main,ORI高,密集城区,居住主导,稳定
18552_106.486841843_29.4674524886_180_202305.jpg,/Users/catherine/Desktop/风险管理/imgs500米间隔161922_副本2/最新四方图/18552_106.486841843_29.4674524886_180_202305.jpg,18552,180,R148C048,大渡口区,289,main,ORI中,密集城区,居住主导,稳定
18552_106.486841843_29.4674524886_270_202305.jpg,/Users/catherine/Desktop/风险管理/imgs500米间隔161922_副本2/最新四方图/18552_106.486841843_29.4674524886_270_202305.jpg,18552,270,R148C048,大渡口区,289,main,ORI中,密集城区,居住主导,稳定
18552_106.486841843_29.4674524886_90_202305.jpg,/Users/catherine/Desktop/风险管理/imgs500米间隔161922_副本2/最新四方图/18552_106.486841843_29.4674524886_90_202305.jpg,18552,90,R148C048,大渡口区,289,main,ORI中,密集城区,居住主导,稳定
18552_106.486841843_29.4674524886_0_202305.jpg,/Users/catherine/Desktop/风险管理/imgs500米间隔161922_副本2/最新四方图/18552_106.486841843_29.4674524886_0_202305.jpg,18552,0,R148C048,大渡口区,289,main,ORI中,密集城区,居住主导,稳定
600_106.365838667_29.4637462642_0_202305.jpg,/Users/catherine/Desktop/风险管理/imgs500米间隔161922_副本2/最新四方图/600_106.365838667_29.4637462642_0_202305.jpg,600,0,R149C024,九龙坡区,139,main,ORI中,密集城区,混合/非居住,稳定
600_106.365838667_29.4637462642_270_202305.jpg,/Users/catherine/Desktop/风险管理/imgs500米间隔161922_副本2/最新四方图/600_106.365838667_29.4637462642_270_202305.jpg,600,270,R149C024,九龙坡区,139,main,ORI中,密集城区,混合/非居住,稳定
600_106.365838667_29.4637462642_90_202305.jpg,/Users/catherine/Desktop/风险管理/imgs500米间隔161922_副本2/最新四方图/600_106.365838667_29.4637462642_90_202305.jpg,600,90,R149C024,九龙坡区,139,main,ORI中,密集城区,混合/非居住,稳定
600_106.365838667_29.4637462642_180_202305.jpg,/Users/catherine/Desktop/风险管理/imgs500米间隔161922_副本2/最新四方图/600_106.365838667_29.4637462642_180_202305.jpg,600,180,R149C024,九龙坡区,139,main,ORI中,密集城区,混合/非居住,稳定
14407_106.476288373_29.4652823456_0_202305.jpg,/Users/catherine/Desktop/风险管理/imgs500米间隔161922_副本2/最新四方图/14407_106.476288373_29.4652823456_0_202305.jpg,14407,0,R149C046,大渡口区,293,main,ORI高,密集城区,居住主导,稳定
14407_106.476288373_29.4652823456_180_202305.jpg,/Users/catherine/Desktop/风险管理/imgs500米间隔161922_副本2/最新四方图/14407_106.476288373_29.4652823456_180_202305.jpg,14407,180,R149C046,大渡口区,293,main,ORI高,密集城区,居住主导,稳定
14407_106.476288373_29.4652823456_90_202305.jpg,/Users/catherine/Desktop/风险管理/imgs500米间隔161922_副本2/最新四方图/14407_106.476288373_29.4652823456_90_202305.jpg,14407,90,R149C046,大渡口区,293,main,ORI高,密集城区,居住主导,稳定
14407_106.476288373_29.4652823456_270_202305.jpg,/Users/catherine/Desktop/风险管理/imgs500米间隔161922_副本2/最新四方图/14407_106.476288373_29.4652823456_270_202305.jpg,14407,270,R149C046,大渡口区,293,main,ORI高,密集城区,居住主导,稳定
9118_106.509646881_29.4644385189_90_202305.jpg,/Users/catherine/Desktop/风险管理/imgs500米间隔161922_副本2/最新四方图/9118_106.509646881_29.4644385189_90_202305.jpg,9118,90,R149C052,巴南区,309,main,ORI中,密集城区,居住主导,稳定
9118_106.509646881_29.4644385189_270_202305.jpg,/Users/catherine/Desktop/风险管理/imgs500米间隔161922_副本2/最新四方图/9118_106.509646881_29.4644385189_270_202305.jpg,9118,270,R149C052,巴南区,309,main,ORI中,密集城区,居住主导,稳定
9118_106.509646881_29.4644385189_0_202305.jpg,/Users/catherine/Desktop/风险管理/imgs500米间隔161922_副本2/最新四方图/9118_106.509646881_29.4644385189_0_202305.jpg,9118,0,R149C052,巴南区,309,main,ORI中,密集城区,居住主导,稳定
9118_106.509646881_29.4644385189_180_202305.jpg,/Users/catherine/Desktop/风险管理/imgs500米间隔161922_副本2/最新四方图/9118_106.509646881_29.4644385189_180_202305.jpg,9118,180,R149C052,巴南区,309,main,ORI中,密集城区,居住主导,稳定
8287_106.411581917_29.4606380741_270_202305.jpg,/Users/catherine/Desktop/风险管理/imgs500米间隔161922_副本2/最新四方图/8287_106.411581917_29.4606380741_270_202305.jpg,8287,270,R150C033,九龙坡区,120,main,ORI低,一般建成区,居住主导,稳定
8287_106.411581917_29.4606380741_0_202305.jpg,/Users/catherine/Desktop/风险管理/imgs500米间隔161922_副本2/最新四方图/8287_106.411581917_29.4606380741_0_202305.jpg,8287,0,R150C033,九龙坡区,120,main,ORI低,一般建成区,居住主导,稳定
8287_106.411581917_29.4606380741_90_202305.jpg,/Users/catherine/Desktop/风险管理/imgs500米间隔161922_副本2/最新四方图/8287_106.411581917_29.4606380741_90_202305.jpg,8287,90,R150C033,九龙坡区,120,main,ORI低,一般建成区,居住主导,稳定
8287_106.411581917_29.4606380741_180_202305.jpg,/Users/catherine/Desktop/风险管理/imgs500米间隔161922_副本2/最新四方图/8287_106.411581917_29.4606380741_180_202305.jpg,8287,180,R150C033,九龙坡区,120,main,ORI低,一般建成区,居住主导,稳定
185_106.57206109_29.4583315182_90_202305.jpg,/Users/catherine/Desktop/风险管理/imgs500米间隔161922_副本2/最新四方图/185_106.57206109_29.4583315182_90_202305.jpg,185,90,R150C064,巴南区,299,main,ORI低,密集城区,居住主导,稳定
185_106.57206109_29.4583315182_270_202305.jpg,/Users/catherine/Desktop/风险管理/imgs500米间隔161922_副本2/最新四方图/185_106.57206109_29.4583315182_270_202305.jpg,185,270,R150C064,巴南区,299,main,ORI低,密集城区,居住主导,稳定
185_106.57206109_29.4583315182_180_202305.jpg,/Users/catherine/Desktop/风险管理/imgs500米间隔161922_副本2/最新四方图/185_106.57206109_29.4583315182_180_202305.jpg,185,180,R150C064,巴南区,299,main,ORI低,密集城区,居住主导,稳定
185_106.57206109_29.4583315182_0_202305.jpg,/Users/catherine/Desktop/风险管理/imgs500米间隔161922_副本2/最新四方图/185_106.57206109_29.4583315182_0_202305.jpg,185,0,R150C064,巴南区,299,main,ORI低,密集城区,居住主导,稳定
6389_106.424780226_29.4568863461_270_202305.jpg,/Users/catherine/Desktop/风险管理/imgs500米间隔161922_副本2/最新四方图/6389_106.424780226_29.4568863461_270_202305.jpg,6389,270,R151C036,九龙坡区,153,main,ORI中,密集城区,混合/非居住,稳定
6389_106.424780226_29.4568863461_0_202305.jpg,/Users/catherine/Desktop/风险管理/imgs500米间隔161922_副本2/最新四方图/6389_106.424780226_29.4568863461_0_202305.jpg,6389,0,R151C036,九龙坡区,153,main,ORI中,密集城区,混合/非居住,稳定
6389_106.424780226_29.4568863461_90_202305.jpg,/Users/catherine/Desktop/风险管理/imgs500米间隔161922_副本2/最新四方图/6389_106.424780226_29.4568863461_90_202305.jpg,6389,90,R151C036,九龙坡区,153,main,ORI中,密集城区,混合/非居住,稳定
6389_106.424780226_29.4568863461_180_202305.jpg,/Users/catherine/Desktop/风险管理/imgs500米间隔161922_副本2/最新四方图/6389_106.424780226_29.4568863461_180_202305.jpg,6389,180,R151C036,九龙坡区,153,main,ORI中,密集城区,混合/非居住,稳定
17472_106.438732654_29.4567425774_180_202305.jpg,/Users/catherine/Desktop/风险管理/imgs500米间隔161922_副本2/最新四方图/17472_106.438732654_29.4567425774_180_202305.jpg,17472,180,R151C038,九龙坡区,169,main,ORI高,密集城区,居住主导,稳定
17472_106.438732654_29.4567425774_270_202305.jpg,/Users/catherine/Desktop/风险管理/imgs500米间隔161922_副本2/最新四方图/17472_106.438732654_29.4567425774_270_202305.jpg,17472,270,R151C038,九龙坡区,169,main,ORI高,密集城区,居住主导,稳定
17472_106.438732654_29.4567425774_0_202305.jpg,/Users/catherine/Desktop/风险管理/imgs500米间隔161922_副本2/最新四方图/17472_106.438732654_29.4567425774_0_202305.jpg,17472,0,R151C038,九龙坡区,169,main,ORI高,密集城区,居住主导,稳定
17472_106.438732654_29.4567425774_90_202305.jpg,/Users/catherine/Desktop/风险管理/imgs500米间隔161922_副本2/最新四方图/17472_106.438732654_29.4567425774_90_202305.jpg,17472,90,R151C038,九龙坡区,169,main,ORI高,密集城区,居住主导,稳定
8898_106.458230824_29.4533956009_270_202305.jpg,/Users/catherine/Desktop/风险管理/imgs500米间隔161922_副本2/最新四方图/8898_106.458230824_29.4533956009_270_202305.jpg,8898,270,R151C042,大渡口区,284,main,ORI中,密集城区,居住主导,稳定
8898_106.458230824_29.4533956009_90_202305.jpg,/Users/catherine/Desktop/风险管理/imgs500米间隔161922_副本2/最新四方图/8898_106.458230824_29.4533956009_90_202305.jpg,8898,90,R151C042,大渡口区,284,main,ORI中,密集城区,居住主导,稳定
8898_106.458230824_29.4533956009_0_202305.jpg,/Users/catherine/Desktop/风险管理/imgs500米间隔161922_副本2/最新四方图/8898_106.458230824_29.4533956009_0_202305.jpg,8898,0,R151C042,大渡口区,284,main,ORI中,密集城区,居住主导,稳定
8898_106.458230824_29.4533956009_180_202305.jpg,/Users/catherine/Desktop/风险管理/imgs500米间隔161922_副本2/最新四方图/8898_106.458230824_29.4533956009_180_202305.jpg,8898,180,R151C042,大渡口区,284,main,ORI中,密集城区,居住主导,稳定
9108_106.529500666_29.4525543914_270_202305.jpg,/Users/catherine/Desktop/风险管理/imgs500米间隔161922_副本2/最新四方图/9108_106.529500666_29.4525543914_270_202305.jpg,9108,270,R151C056,巴南区,307,main,ORI中,密集城区,混合/非居住,基本稳定-局部变化
9108_106.529500666_29.4525543914_0_202305.jpg,/Users/catherine/Desktop/风险管理/imgs500米间隔161922_副本2/最新四方图/9108_106.529500666_29.4525543914_0_202305.jpg,9108,0,R151C056,巴南区,307,main,ORI中,密集城区,混合/非居住,基本稳定-局部变化
9108_106.529500666_29.4525543914_90_202305.jpg,/Users/catherine/Desktop/风险管理/imgs500米间隔161922_副本2/最新四方图/9108_106.529500666_29.4525543914_90_202305.jpg,9108,90,R151C056,巴南区,307,main,ORI中,密集城区,混合/非居住,基本稳定-局部变化
9108_106.529500666_29.4525543914_180_202305.jpg,/Users/catherine/Desktop/风险管理/imgs500米间隔161922_副本2/最新四方图/9108_106.529500666_29.4525543914_180_202305.jpg,9108,180,R151C056,巴南区,307,main,ORI中,密集城区,混合/非居住,基本稳定-局部变化
472_106.539289651_29.4557769191_180_202305.jpg,/Users/catherine/Desktop/风险管理/imgs500米间隔161922_副本2/最新四方图/472_106.539289651_29.4557769191_180_202305.jpg,472,180,R151C058,巴南区,317,main,ORI高,密集城区,居住主导,稳定
472_106.539289651_29.4557769191_90_202305.jpg,/Users/catherine/Desktop/风险管理/imgs500米间隔161922_副本2/最新四方图/472_106.539289651_29.4557769191_90_202305.jpg,472,90,R151C058,巴南区,317,main,ORI高,密集城区,居住主导,稳定
472_106.539289651_29.4557769191_270_202305.jpg,/Users/catherine/Desktop/风险管理/imgs500米间隔161922_副本2/最新四方图/472_106.539289651_29.4557769191_270_202305.jpg,472,270,R151C058,巴南区,317,main,ORI高,密集城区,居住主导,稳定
472_106.539289651_29.4557769191_0_202305.jpg,/Users/catherine/Desktop/风险管理/imgs500米间隔161922_副本2/最新四方图/472_106.539289651_29.4557769191_0_202305.jpg,472,0,R151C058,巴南区,317,main,ORI高,密集城区,居住主导,稳定
184_106.570451077_29.4534563579_0_202305.jpg,/Users/catherine/Desktop/风险管理/imgs500米间隔161922_副本2/最新四方图/184_106.570451077_29.4534563579_0_202305.jpg,184,0,R151C064,巴南区,306,main,ORI中,密集城区,居住主导,稳定
184_106.570451077_29.4534563579_90_202305.jpg,/Users/catherine/Desktop/风险管理/imgs500米间隔161922_副本2/最新四方图/184_106.570451077_29.4534563579_90_202305.jpg,184,90,R151C064,巴南区,306,main,ORI中,密集城区,居住主导,稳定
184_106.570451077_29.4534563579_180_202305.jpg,/Users/catherine/Desktop/风险管理/imgs500米间隔161922_副本2/最新四方图/184_106.570451077_29.4534563579_180_202305.jpg,184,180,R151C064,巴南区,306,main,ORI中,密集城区,居住主导,稳定
184_106.570451077_29.4534563579_270_202305.jpg,/Users/catherine/Desktop/风险管理/imgs500米间隔161922_副本2/最新四方图/184_106.570451077_29.4534563579_270_202305.jpg,184,270,R151C064,巴南区,306,main,ORI中,密集城区,居住主导,稳定
14610_106.351408664_29.4506551819_180_202305.jpg,/Users/catherine/Desktop/风险管理/imgs500米间隔161922_副本2/最新四方图/14610_106.351408664_29.4506551819_180_202305.jpg,14610,180,R152C021,九龙坡区,133,main,ORI中,一般建成区,居住主导,基本稳定-局部变化
14610_106.351408664_29.4506551819_90_202305.jpg,/Users/catherine/Desktop/风险管理/imgs500米间隔161922_副本2/最新四方图/14610_106.351408664_29.4506551819_90_202305.jpg,14610,90,R152C021,九龙坡区,133,main,ORI中,一般建成区,居住主导,基本稳定-局部变化
14610_106.351408664_29.4506551819_270_202305.jpg,/Users/catherine/Desktop/风险管理/imgs500米间隔161922_副本2/最新四方图/14610_106.351408664_29.4506551819_270_202305.jpg,14610,270,R152C021,九龙坡区,133,main,ORI中,一般建成区,居住主导,基本稳定-局部变化
14610_106.351408664_29.4506551819_0_202305.jpg,/Users/catherine/Desktop/风险管理/imgs500米间隔161922_副本2/最新四方图/14610_106.351408664_29.4506551819_0_202305.jpg,14610,0,R152C021,九龙坡区,133,main,ORI中,一般建成区,居住主导,基本稳定-局部变化
8921_106.382066385_29.4485451318_90_202305.jpg,/Users/catherine/Desktop/风险管理/imgs500米间隔161922_副本2/最新四方图/8921_106.382066385_29.4485451318_90_202305.jpg,8921,90,R152C027,九龙坡区,125,main,ORI低,乡村/自然,无/极少建筑,稳定
8921_106.382066385_29.4485451318_0_202305.jpg,/Users/catherine/Desktop/风险管理/imgs500米间隔161922_副本2/最新四方图/8921_106.382066385_29.4485451318_0_202305.jpg,8921,0,R152C027,九龙坡区,125,main,ORI低,乡村/自然,无/极少建筑,稳定
8921_106.382066385_29.4485451318_180_202305.jpg,/Users/catherine/Desktop/风险管理/imgs500米间隔161922_副本2/最新四方图/8921_106.382066385_29.4485451318_180_202305.jpg,8921,180,R152C027,九龙坡区,125,main,ORI低,乡村/自然,无/极少建筑,稳定
8921_106.382066385_29.4485451318_270_202305.jpg,/Users/catherine/Desktop/风险管理/imgs500米间隔161922_副本2/最新四方图/8921_106.382066385_29.4485451318_270_202305.jpg,8921,270,R152C027,九龙坡区,125,main,ORI低,乡村/自然,无/极少建筑,稳定
8919_106.392406814_29.4488725739_90_202305.jpg,/Users/catherine/Desktop/风险管理/imgs500米间隔161922_副本2/最新四方图/8919_106.392406814_29.4488725739_90_202305.jpg,8919,90,R152C029,九龙坡区,109,main,ORI低,一般建成区,居住主导,稳定
8919_106.392406814_29.4488725739_270_202305.jpg,/Users/catherine/Desktop/风险管理/imgs500米间隔161922_副本2/最新四方图/8919_106.392406814_29.4488725739_270_202305.jpg,8919,270,R152C029,九龙坡区,109,main,ORI低,一般建成区,居住主导,稳定
8919_106.392406814_29.4488725739_0_202305.jpg,/Users/catherine/Desktop/风险管理/imgs500米间隔161922_副本2/最新四方图/8919_106.392406814_29.4488725739_0_202305.jpg,8919,0,R152C029,九龙坡区,109,main,ORI低,一般建成区,居住主导,稳定
8919_106.392406814_29.4488725739_180_202305.jpg,/Users/catherine/Desktop/风险管理/imgs500米间隔161922_副本2/最新四方图/8919_106.392406814_29.4488725739_180_202305.jpg,8919,180,R152C029,九龙坡区,109,main,ORI低,一般建成区,居住主导,稳定
8918_106.397577028_29.4490362949_0_202305.jpg,/Users/catherine/Desktop/风险管理/imgs500米间隔161922_副本2/最新四方图/8918_106.397577028_29.4490362949_0_202305.jpg,8918,0,R152C030,九龙坡区,107,main,ORI低,一般建成区,居住主导,稳定
8918_106.397577028_29.4490362949_90_202305.jpg,/Users/catherine/Desktop/风险管理/imgs500米间隔161922_副本2/最新四方图/8918_106.397577028_29.4490362949_90_202305.jpg,8918,90,R152C030,九龙坡区,107,main,ORI低,一般建成区,居住主导,稳定
8918_106.397577028_29.4490362949_270_202305.jpg,/Users/catherine/Desktop/风险管理/imgs500米间隔161922_副本2/最新四方图/8918_106.397577028_29.4490362949_270_202305.jpg,8918,270,R152C030,九龙坡区,107,main,ORI低,一般建成区,居住主导,稳定
8918_106.397577028_29.4490362949_180_202305.jpg,/Users/catherine/Desktop/风险管理/imgs500米间隔161922_副本2/最新四方图/8918_106.397577028_29.4490362949_180_202305.jpg,8918,180,R152C030,九龙坡区,107,main,ORI低,一般建成区,居住主导,稳定
8916_106.407917457_29.4493637369_0_202305.jpg,/Users/catherine/Desktop/风险管理/imgs500米间隔161922_副本2/最新四方图/8916_106.407917457_29.4493637369_0_202305.jpg,8916,0,R152C032,九龙坡区,108,main,ORI低,一般建成区,混合/非居住,基本稳定-局部变化
8916_106.407917457_29.4493637369_270_202305.jpg,/Users/catherine/Desktop/风险管理/imgs500米间隔161922_副本2/最新四方图/8916_106.407917457_29.4493637369_270_202305.jpg,8916,270,R152C032,九龙坡区,108,main,ORI低,一般建成区,混合/非居住,基本稳定-局部变化
8916_106.407917457_29.4493637369_90_202305.jpg,/Users/catherine/Desktop/风险管理/imgs500米间隔161922_副本2/最新四方图/8916_106.407917457_29.4493637369_90_202305.jpg,8916,90,R152C032,九龙坡区,108,main,ORI低,一般建成区,混合/非居住,基本稳定-局部变化
8916_106.407917457_29.4493637369_180_202305.jpg,/Users/catherine/Desktop/风险管理/imgs500米间隔161922_副本2/最新四方图/8916_106.407917457_29.4493637369_180_202305.jpg,8916,180,R152C032,九龙坡区,108,main,ORI低,一般建成区,混合/非居住,基本稳定-局部变化
8893_106.413599257_29.4491644927_270_202305.jpg,/Users/catherine/Desktop/风险管理/imgs500米间隔161922_副本2/最新四方图/8893_106.413599257_29.4491644927_270_202305.jpg,8893,270,R152C034,九龙坡区,104,main,ORI低,一般建成区,居住主导,稳定
8893_106.413599257_29.4491644927_180_202305.jpg,/Users/catherine/Desktop/风险管理/imgs500米间隔161922_副本2/最新四方图/8893_106.413599257_29.4491644927_180_202305.jpg,8893,180,R152C034,九龙坡区,104,main,ORI低,一般建成区,居住主导,稳定
8893_106.413599257_29.4491644927_90_202305.jpg,/Users/catherine/Desktop/风险管理/imgs500米间隔161922_副本2/最新四方图/8893_106.413599257_29.4491644927_90_202305.jpg,8893,90,R152C034,九龙坡区,104,main,ORI低,一般建成区,居住主导,稳定
8893_106.413599257_29.4491644927_0_202305.jpg,/Users/catherine/Desktop/风险管理/imgs500米间隔161922_副本2/最新四方图/8893_106.413599257_29.4491644927_0_202305.jpg,8893,0,R152C034,九龙坡区,104,main,ORI低,一般建成区,居住主导,稳定
8894_106.4187692_29.4493365755_270_202305.jpg,/Users/catherine/Desktop/风险管理/imgs500米间隔161922_副本2/最新四方图/8894_106.4187692_29.4493365755_270_202305.jpg,8894,270,R152C035,九龙坡区,130,main,ORI中,密集城区,混合/非居住,稳定
8894_106.4187692_29.4493365755_90_202305.jpg,/Users/catherine/Desktop/风险管理/imgs500米间隔161922_副本2/最新四方图/8894_106.4187692_29.4493365755_90_202305.jpg,8894,90,R152C035,九龙坡区,130,main,ORI中,密集城区,混合/非居住,稳定
8894_106.4187692_29.4493365755_180_202305.jpg,/Users/catherine/Desktop/风险管理/imgs500米间隔161922_副本2/最新四方图/8894_106.4187692_29.4493365755_180_202305.jpg,8894,180,R152C035,九龙坡区,130,main,ORI中,密集城区,混合/非居住,稳定
8894_106.4187692_29.4493365755_0_202305.jpg,/Users/catherine/Desktop/风险管理/imgs500米间隔161922_副本2/最新四方图/8894_106.4187692_29.4493365755_0_202305.jpg,8894,0,R152C035,九龙坡区,130,main,ORI中,密集城区,混合/非居住,稳定
20651_106.435148472_29.449807209_0_202305.jpg,/Users/catherine/Desktop/风险管理/imgs500米间隔161922_副本2/最新四方图/20651_106.435148472_29.449807209_0_202305.jpg,20651,0,R152C038,九龙坡区,172,main,ORI高,密集城区,居住主导,稳定
20651_106.435148472_29.449807209_270_202305.jpg,/Users/catherine/Desktop/风险管理/imgs500米间隔161922_副本2/最新四方图/20651_106.435148472_29.449807209_270_202305.jpg,20651,270,R152C038,九龙坡区,172,main,ORI高,密集城区,居住主导,稳定
20651_106.435148472_29.449807209_180_202305.jpg,/Users/catherine/Desktop/风险管理/imgs500米间隔161922_副本2/最新四方图/20651_106.435148472_29.449807209_180_202305.jpg,20651,180,R152C038,九龙坡区,172,main,ORI高,密集城区,居住主导,稳定
20651_106.435148472_29.449807209_90_202305.jpg,/Users/catherine/Desktop/风险管理/imgs500米间隔161922_副本2/最新四方图/20651_106.435148472_29.449807209_90_202305.jpg,20651,90,R152C038,九龙坡区,172,main,ORI高,密集城区,居住主导,稳定
8664_106.476580761_29.4516314835_270_202305.jpg,/Users/catherine/Desktop/风险管理/imgs500米间隔161922_副本2/最新四方图/8664_106.476580761_29.4516314835_270_202305.jpg,8664,270,R152C046,大渡口区,298,main,ORI高,密集城区,居住主导,稳定
8664_106.476580761_29.4516314835_0_202305.jpg,/Users/catherine/Desktop/风险管理/imgs500米间隔161922_副本2/最新四方图/8664_106.476580761_29.4516314835_0_202305.jpg,8664,0,R152C046,大渡口区,298,main,ORI高,密集城区,居住主导,稳定
8664_106.476580761_29.4516314835_90_202305.jpg,/Users/catherine/Desktop/风险管理/imgs500米间隔161922_副本2/最新四方图/8664_106.476580761_29.4516314835_90_202305.jpg,8664,90,R152C046,大渡口区,298,main,ORI高,密集城区,居住主导,稳定
8664_106.476580761_29.4516314835_180_202305.jpg,/Users/catherine/Desktop/风险管理/imgs500米间隔161922_副本2/最新四方图/8664_106.476580761_29.4516314835_180_202305.jpg,8664,180,R152C046,大渡口区,298,main,ORI高,密集城区,居住主导,稳定
9105_106.539631694_29.4480888235_90_202305.jpg,/Users/catherine/Desktop/风险管理/imgs500米间隔161922_副本2/最新四方图/9105_106.539631694_29.4480888235_90_202305.jpg,9105,90,R152C058,巴南区,315,main,ORI高,密集城区,居住主导,稳定
9105_106.539631694_29.4480888235_180_202305.jpg,/Users/catherine/Desktop/风险管理/imgs500米间隔161922_副本2/最新四方图/9105_106.539631694_29.4480888235_180_202305.jpg,9105,180,R152C058,巴南区,315,main,ORI高,密集城区,居住主导,稳定
9105_106.539631694_29.4480888235_270_202305.jpg,/Users/catherine/Desktop/风险管理/imgs500米间隔161922_副本2/最新四方图/9105_106.539631694_29.4480888235_270_202305.jpg,9105,270,R152C058,巴南区,315,main,ORI高,密集城区,居住主导,稳定
9105_106.539631694_29.4480888235_0_202305.jpg,/Users/catherine/Desktop/风险管理/imgs500米间隔161922_副本2/最新四方图/9105_106.539631694_29.4480888235_0_202305.jpg,9105,0,R152C058,巴南区,315,main,ORI高,密集城区,居住主导,稳定
13453_106.616280792_29.4489146147_180_202305.jpg,/Users/catherine/Desktop/风险管理/imgs500米间隔161922_副本2/最新四方图/13453_106.616280792_29.4489146147_180_202305.jpg,13453,180,R152C073,巴南区,304,main,ORI低,密集城区,居住主导,稳定
13453_106.616280792_29.4489146147_0_202305.jpg,/Users/catherine/Desktop/风险管理/imgs500米间隔161922_副本2/最新四方图/13453_106.616280792_29.4489146147_0_202305.jpg,13453,0,R152C073,巴南区,304,main,ORI低,密集城区,居住主导,稳定
13453_106.616280792_29.4489146147_90_202305.jpg,/Users/catherine/Desktop/风险管理/imgs500米间隔161922_副本2/最新四方图/13453_106.616280792_29.4489146147_90_202305.jpg,13453,90,R152C073,巴南区,304,main,ORI低,密集城区,居住主导,稳定
13453_106.616280792_29.4489146147_270_202305.jpg,/Users/catherine/Desktop/风险管理/imgs500米间隔161922_副本2/最新四方图/13453_106.616280792_29.4489146147_270_202305.jpg,13453,270,R152C073,巴南区,304,main,ORI低,密集城区,居住主导,稳定
15725_106.64752525_29.4462637327_90_202305.jpg,/Users/catherine/Desktop/风险管理/imgs500米间隔161922_副本2/最新四方图/15725_106.64752525_29.4462637327_90_202305.jpg,15725,90,R152C079,巴南区,301,main,ORI低,一般建成区,居住主导,稳定
15725_106.64752525_29.4462637327_180_202305.jpg,/Users/catherine/Desktop/风险管理/imgs500米间隔161922_副本2/最新四方图/15725_106.64752525_29.4462637327_180_202305.jpg,15725,180,R152C079,巴南区,301,main,ORI低,一般建成区,居住主导,稳定
15725_106.64752525_29.4462637327_270_202305.jpg,/Users/catherine/Desktop/风险管理/imgs500米间隔161922_副本2/最新四方图/15725_106.64752525_29.4462637327_270_202305.jpg,15725,270,R152C079,巴南区,301,main,ORI低,一般建成区,居住主导,稳定
15725_106.64752525_29.4462637327_0_202305.jpg,/Users/catherine/Desktop/风险管理/imgs500米间隔161922_副本2/最新四方图/15725_106.64752525_29.4462637327_0_202305.jpg,15725,0,R152C079,巴南区,301,main,ORI低,一般建成区,居住主导,稳定
8332_106.444963167_29.4442454203_270_202305.jpg,/Users/catherine/Desktop/风险管理/imgs500米间隔161922_副本2/最新四方图/8332_106.444963167_29.4442454203_270_202305.jpg,8332,270,R153C040,九龙坡区,163,main,ORI高,密集城区,居住主导,稳定
8332_106.444963167_29.4442454203_0_202305.jpg,/Users/catherine/Desktop/风险管理/imgs500米间隔161922_副本2/最新四方图/8332_106.444963167_29.4442454203_0_202305.jpg,8332,0,R153C040,九龙坡区,163,main,ORI高,密集城区,居住主导,稳定
8332_106.444963167_29.4442454203_90_202305.jpg,/Users/catherine/Desktop/风险管理/imgs500米间隔161922_副本2/最新四方图/8332_106.444963167_29.4442454203_90_202305.jpg,8332,90,R153C040,九龙坡区,163,main,ORI高,密集城区,居住主导,稳定
8332_106.444963167_29.4442454203_180_202305.jpg,/Users/catherine/Desktop/风险管理/imgs500米间隔161922_副本2/最新四方图/8332_106.444963167_29.4442454203_180_202305.jpg,8332,180,R153C040,九龙坡区,163,main,ORI高,密集城区,居住主导,稳定
4370_106.456537485_29.4452026984_180_202305.jpg,/Users/catherine/Desktop/风险管理/imgs500米间隔161922_副本2/最新四方图/4370_106.456537485_29.4452026984_180_202305.jpg,4370,180,R153C042,大渡口区,274,main,ORI低,密集城区,居住主导,稳定
4370_106.456537485_29.4452026984_0_202305.jpg,/Users/catherine/Desktop/风险管理/imgs500米间隔161922_副本2/最新四方图/4370_106.456537485_29.4452026984_0_202305.jpg,4370,0,R153C042,大渡口区,274,main,ORI低,密集城区,居住主导,稳定
4370_106.456537485_29.4452026984_90_202305.jpg,/Users/catherine/Desktop/风险管理/imgs500米间隔161922_副本2/最新四方图/4370_106.456537485_29.4452026984_90_202305.jpg,4370,90,R153C042,大渡口区,274,main,ORI低,密集城区,居住主导,稳定
4370_106.456537485_29.4452026984_270_202305.jpg,/Users/catherine/Desktop/风险管理/imgs500米间隔161922_副本2/最新四方图/4370_106.456537485_29.4452026984_270_202305.jpg,4370,270,R153C042,大渡口区,274,main,ORI低,密集城区,居住主导,稳定
5761_106.482601566_29.44667874_90_202305.jpg,/Users/catherine/Desktop/风险管理/imgs500米间隔161922_副本2/最新四方图/5761_106.482601566_29.44667874_90_202305.jpg,5761,90,R153C047,大渡口区,297,main,ORI高,密集城区,居住主导,稳定
5761_106.482601566_29.44667874_180_202305.jpg,/Users/catherine/Desktop/风险管理/imgs500米间隔161922_副本2/最新四方图/5761_106.482601566_29.44667874_180_202305.jpg,5761,180,R153C047,大渡口区,297,main,ORI高,密集城区,居住主导,稳定
5761_106.482601566_29.44667874_270_202305.jpg,/Users/catherine/Desktop/风险管理/imgs500米间隔161922_副本2/最新四方图/5761_106.482601566_29.44667874_270_202305.jpg,5761,270,R153C047,大渡口区,297,main,ORI高,密集城区,居住主导,稳定
5761_106.482601566_29.44667874_0_202305.jpg,/Users/catherine/Desktop/风险管理/imgs500米间隔161922_副本2/最新四方图/5761_106.482601566_29.44667874_0_202305.jpg,5761,0,R153C047,大渡口区,297,main,ORI高,密集城区,居住主导,稳定
8489_106.53842447_29.4447465585_0_202305.jpg,/Users/catherine/Desktop/风险管理/imgs500米间隔161922_副本2/最新四方图/8489_106.53842447_29.4447465585_0_202305.jpg,8489,0,R153C058,巴南区,316,main,ORI高,密集城区,居住主导,稳定
8489_106.53842447_29.4447465585_180_202305.jpg,/Users/catherine/Desktop/风险管理/imgs500米间隔161922_副本2/最新四方图/8489_106.53842447_29.4447465585_180_202305.jpg,8489,180,R153C058,巴南区,316,main,ORI高,密集城区,居住主导,稳定
8489_106.53842447_29.4447465585_90_202305.jpg,/Users/catherine/Desktop/风险管理/imgs500米间隔161922_副本2/最新四方图/8489_106.53842447_29.4447465585_90_202305.jpg,8489,90,R153C058,巴南区,316,main,ORI高,密集城区,居住主导,稳定
8489_106.53842447_29.4447465585_270_202305.jpg,/Users/catherine/Desktop/风险管理/imgs500米间隔161922_副本2/最新四方图/8489_106.53842447_29.4447465585_270_202305.jpg,8489,270,R153C058,巴南区,316,main,ORI高,密集城区,居住主导,稳定
6380_106.420063177_29.4430154036_180_202305.jpg,/Users/catherine/Desktop/风险管理/imgs500米间隔161922_副本2/最新四方图/6380_106.420063177_29.4430154036_180_202305.jpg,6380,180,R154C035,九龙坡区,146,main,ORI中,密集城区,居住主导,基本稳定-局部变化
6380_106.420063177_29.4430154036_270_202305.jpg,/Users/catherine/Desktop/风险管理/imgs500米间隔161922_副本2/最新四方图/6380_106.420063177_29.4430154036_270_202305.jpg,6380,270,R154C035,九龙坡区,146,main,ORI中,密集城区,居住主导,基本稳定-局部变化
6380_106.420063177_29.4430154036_0_202305.jpg,/Users/catherine/Desktop/风险管理/imgs500米间隔161922_副本2/最新四方图/6380_106.420063177_29.4430154036_0_202305.jpg,6380,0,R154C035,九龙坡区,146,main,ORI中,密集城区,居住主导,基本稳定-局部变化
6380_106.420063177_29.4430154036_90_202305.jpg,/Users/catherine/Desktop/风险管理/imgs500米间隔161922_副本2/最新四方图/6380_106.420063177_29.4430154036_90_202305.jpg,6380,90,R154C035,九龙坡区,146,main,ORI中,密集城区,居住主导,基本稳定-局部变化
21138_106.546954267_29.4389626596_270_202305.jpg,/Users/catherine/Desktop/风险管理/imgs500米间隔161922_副本2/最新四方图/21138_106.546954267_29.4389626596_270_202305.jpg,21138,270,R154C059,巴南区,318,main,ORI高,密集城区,居住主导,稳定
21138_106.546954267_29.4389626596_90_202305.jpg,/Users/catherine/Desktop/风险管理/imgs500米间隔161922_副本2/最新四方图/21138_106.546954267_29.4389626596_90_202305.jpg,21138,90,R154C059,巴南区,318,main,ORI高,密集城区,居住主导,稳定
21138_106.546954267_29.4389626596_0_202305.jpg,/Users/catherine/Desktop/风险管理/imgs500米间隔161922_副本2/最新四方图/21138_106.546954267_29.4389626596_0_202305.jpg,21138,0,R154C059,巴南区,318,main,ORI高,密集城区,居住主导,稳定
21138_106.546954267_29.4389626596_180_202305.jpg,/Users/catherine/Desktop/风险管理/imgs500米间隔161922_副本2/最新四方图/21138_106.546954267_29.4389626596_180_202305.jpg,21138,180,R154C059,巴南区,318,main,ORI高,密集城区,居住主导,稳定
8317_106.424674685_29.436721417_0_202305.jpg,/Users/catherine/Desktop/风险管理/imgs500米间隔161922_副本2/最新四方图/8317_106.424674685_29.436721417_0_202305.jpg,8317,0,R155C036,九龙坡区,151,main,ORI中,密集城区,混合/非居住,稳定
8317_106.424674685_29.436721417_270_202305.jpg,/Users/catherine/Desktop/风险管理/imgs500米间隔161922_副本2/最新四方图/8317_106.424674685_29.436721417_270_202305.jpg,8317,270,R155C036,九龙坡区,151,main,ORI中,密集城区,混合/非居住,稳定
8317_106.424674685_29.436721417_90_202305.jpg,/Users/catherine/Desktop/风险管理/imgs500米间隔161922_副本2/最新四方图/8317_106.424674685_29.436721417_90_202305.jpg,8317,90,R155C036,九龙坡区,151,main,ORI中,密集城区,混合/非居住,稳定
8317_106.424674685_29.436721417_180_202305.jpg,/Users/catherine/Desktop/风险管理/imgs500米间隔161922_副本2/最新四方图/8317_106.424674685_29.436721417_180_202305.jpg,8317,180,R155C036,九龙坡区,151,main,ORI中,密集城区,混合/非居住,稳定
1986_106.468347445_29.4352862384_180_202305.jpg,/Users/catherine/Desktop/风险管理/imgs500米间隔161922_副本2/最新四方图/1986_106.468347445_29.4352862384_180_202305.jpg,1986,180,R155C044,大渡口区,292,main,ORI高,密集城区,居住主导,稳定
1986_106.468347445_29.4352862384_0_202305.jpg,/Users/catherine/Desktop/风险管理/imgs500米间隔161922_副本2/最新四方图/1986_106.468347445_29.4352862384_0_202305.jpg,1986,0,R155C044,大渡口区,292,main,ORI高,密集城区,居住主导,稳定
1986_106.468347445_29.4352862384_270_202305.jpg,/Users/catherine/Desktop/风险管理/imgs500米间隔161922_副本2/最新四方图/1986_106.468347445_29.4352862384_270_202305.jpg,1986,270,R155C044,大渡口区,292,main,ORI高,密集城区,居住主导,稳定
1986_106.468347445_29.4352862384_90_202305.jpg,/Users/catherine/Desktop/风险管理/imgs500米间隔161922_副本2/最新四方图/1986_106.468347445_29.4352862384_90_202305.jpg,1986,90,R155C044,大渡口区,292,main,ORI高,密集城区,居住主导,稳定
21142_106.5473238_29.437148507_0_202305.jpg,/Users/catherine/Desktop/风险管理/imgs500米间隔161922_副本2/最新四方图/21142_106.5473238_29.437148507_0_202305.jpg,21142,0,R155C060,巴南区,308,main,ORI中,密集城区,居住主导,稳定
21142_106.5473238_29.437148507_180_202305.jpg,/Users/catherine/Desktop/风险管理/imgs500米间隔161922_副本2/最新四方图/21142_106.5473238_29.437148507_180_202305.jpg,21142,180,R155C060,巴南区,308,main,ORI中,密集城区,居住主导,稳定
21142_106.5473238_29.437148507_90_202305.jpg,/Users/catherine/Desktop/风险管理/imgs500米间隔161922_副本2/最新四方图/21142_106.5473238_29.437148507_90_202305.jpg,21142,90,R155C060,巴南区,308,main,ORI中,密集城区,居住主导,稳定
21142_106.5473238_29.437148507_270_202305.jpg,/Users/catherine/Desktop/风险管理/imgs500米间隔161922_副本2/最新四方图/21142_106.5473238_29.437148507_270_202305.jpg,21142,270,R155C060,巴南区,308,main,ORI中,密集城区,居住主导,稳定
2341_106.355778171_29.4313400577_0_202305.jpg,/Users/catherine/Desktop/风险管理/imgs500米间隔161922_副本2/最新四方图/2341_106.355778171_29.4313400577_0_202305.jpg,2341,0,R156C022,九龙坡区,126,main,ORI低,密集城区,居住主导,稳定
2341_106.355778171_29.4313400577_270_202305.jpg,/Users/catherine/Desktop/风险管理/imgs500米间隔161922_副本2/最新四方图/2341_106.355778171_29.4313400577_270_202305.jpg,2341,270,R156C022,九龙坡区,126,main,ORI低,密集城区,居住主导,稳定
2341_106.355778171_29.4313400577_90_202305.jpg,/Users/catherine/Desktop/风险管理/imgs500米间隔161922_副本2/最新四方图/2341_106.355778171_29.4313400577_90_202305.jpg,2341,90,R156C022,九龙坡区,126,main,ORI低,密集城区,居住主导,稳定
2341_106.355778171_29.4313400577_180_202305.jpg,/Users/catherine/Desktop/风险管理/imgs500米间隔161922_副本2/最新四方图/2341_106.355778171_29.4313400577_180_202305.jpg,2341,180,R156C022,九龙坡区,126,main,ORI低,密集城区,居住主导,稳定
10986_106.499729544_29.4329886882_0_202305.jpg,/Users/catherine/Desktop/风险管理/imgs500米间隔161922_副本2/最新四方图/10986_106.499729544_29.4329886882_0_202305.jpg,10986,0,R156C050,大渡口区,296,main,ORI高,密集城区,居住主导,稳定
10986_106.499729544_29.4329886882_270_202305.jpg,/Users/catherine/Desktop/风险管理/imgs500米间隔161922_副本2/最新四方图/10986_106.499729544_29.4329886882_270_202305.jpg,10986,270,R156C050,大渡口区,296,main,ORI高,密集城区,居住主导,稳定
10986_106.499729544_29.4329886882_180_202305.jpg,/Users/catherine/Desktop/风险管理/imgs500米间隔161922_副本2/最新四方图/10986_106.499729544_29.4329886882_180_202305.jpg,10986,180,R156C050,大渡口区,296,main,ORI高,密集城区,居住主导,稳定
10986_106.499729544_29.4329886882_90_202305.jpg,/Users/catherine/Desktop/风险管理/imgs500米间隔161922_副本2/最新四方图/10986_106.499729544_29.4329886882_90_202305.jpg,10986,90,R156C050,大渡口区,296,main,ORI高,密集城区,居住主导,稳定
9024_106.559644255_29.4315395194_0_202305.jpg,/Users/catherine/Desktop/风险管理/imgs500米间隔161922_副本2/最新四方图/9024_106.559644255_29.4315395194_0_202305.jpg,9024,0,R156C062,巴南区,300,main,ORI低,密集城区,居住主导,基本稳定-局部变化
9024_106.559644255_29.4315395194_90_202305.jpg,/Users/catherine/Desktop/风险管理/imgs500米间隔161922_副本2/最新四方图/9024_106.559644255_29.4315395194_90_202305.jpg,9024,90,R156C062,巴南区,300,main,ORI低,密集城区,居住主导,基本稳定-局部变化
9024_106.559644255_29.4315395194_180_202305.jpg,/Users/catherine/Desktop/风险管理/imgs500米间隔161922_副本2/最新四方图/9024_106.559644255_29.4315395194_180_202305.jpg,9024,180,R156C062,巴南区,300,main,ORI低,密集城区,居住主导,基本稳定-局部变化
9024_106.559644255_29.4315395194_270_202305.jpg,/Users/catherine/Desktop/风险管理/imgs500米间隔161922_副本2/最新四方图/9024_106.559644255_29.4315395194_270_202305.jpg,9024,270,R156C062,巴南区,300,main,ORI低,密集城区,居住主导,基本稳定-局部变化
8403_106.438547519_29.4282091799_90_202305.jpg,/Users/catherine/Desktop/风险管理/imgs500米间隔161922_副本2/最新四方图/8403_106.438547519_29.4282091799_90_202305.jpg,8403,90,R157C038,九龙坡区,137,main,ORI中,密集城区,混合/非居住,稳定
8403_106.438547519_29.4282091799_180_202305.jpg,/Users/catherine/Desktop/风险管理/imgs500米间隔161922_副本2/最新四方图/8403_106.438547519_29.4282091799_180_202305.jpg,8403,180,R157C038,九龙坡区,137,main,ORI中,密集城区,混合/非居住,稳定
8403_106.438547519_29.4282091799_270_202305.jpg,/Users/catherine/Desktop/风险管理/imgs500米间隔161922_副本2/最新四方图/8403_106.438547519_29.4282091799_270_202305.jpg,8403,270,R157C038,九龙坡区,137,main,ORI中,密集城区,混合/非居住,稳定
8403_106.438547519_29.4282091799_0_202305.jpg,/Users/catherine/Desktop/风险管理/imgs500米间隔161922_副本2/最新四方图/8403_106.438547519_29.4282091799_0_202305.jpg,8403,0,R157C038,九龙坡区,137,main,ORI中,密集城区,混合/非居住,稳定
13473_106.488018221_29.4286988374_180_202305.jpg,/Users/catherine/Desktop/风险管理/imgs500米间隔161922_副本2/最新四方图/13473_106.488018221_29.4286988374_180_202305.jpg,13473,180,R157C048,大渡口区,287,main,ORI中,密集城区,居住主导,稳定
13473_106.488018221_29.4286988374_0_202305.jpg,/Users/catherine/Desktop/风险管理/imgs500米间隔161922_副本2/最新四方图/13473_106.488018221_29.4286988374_0_202305.jpg,13473,0,R157C048,大渡口区,287,main,ORI中,密集城区,居住主导,稳定
13473_106.488018221_29.4286988374_270_202305.jpg,/Users/catherine/Desktop/风险管理/imgs500米间隔161922_副本2/最新四方图/13473_106.488018221_29.4286988374_270_202305.jpg,13473,270,R157C048,大渡口区,287,main,ORI中,密集城区,居住主导,稳定
13473_106.488018221_29.4286988374_90_202305.jpg,/Users/catherine/Desktop/风险管理/imgs500米间隔161922_副本2/最新四方图/13473_106.488018221_29.4286988374_90_202305.jpg,13473,90,R157C048,大渡口区,287,main,ORI中,密集城区,居住主导,稳定
8836_106.499124778_29.4280008119_180_202305.jpg,/Users/catherine/Desktop/风险管理/imgs500米间隔161922_副本2/最新四方图/8836_106.499124778_29.4280008119_180_202305.jpg,8836,180,R157C050,大渡口区,286,main,ORI中,密集城区,混合/非居住,稳定
8836_106.499124778_29.4280008119_270_202305.jpg,/Users/catherine/Desktop/风险管理/imgs500米间隔161922_副本2/最新四方图/8836_106.499124778_29.4280008119_270_202305.jpg,8836,270,R157C050,大渡口区,286,main,ORI中,密集城区,混合/非居住,稳定
8836_106.499124778_29.4280008119_90_202305.jpg,/Users/catherine/Desktop/风险管理/imgs500米间隔161922_副本2/最新四方图/8836_106.499124778_29.4280008119_90_202305.jpg,8836,90,R157C050,大渡口区,286,main,ORI中,密集城区,混合/非居住,稳定
8836_106.499124778_29.4280008119_0_202305.jpg,/Users/catherine/Desktop/风险管理/imgs500米间隔161922_副本2/最新四方图/8836_106.499124778_29.4280008119_0_202305.jpg,8836,0,R157C050,大渡口区,286,main,ORI中,密集城区,混合/非居住,稳定
11059_106.362042581_29.4232691709_270_202305.jpg,/Users/catherine/Desktop/风险管理/imgs500米间隔161922_副本2/最新四方图/11059_106.362042581_29.4232691709_270_202305.jpg,11059,270,R158C024,九龙坡区,145,main,ORI中,一般建成区,居住主导,基本稳定-局部变化
11059_106.362042581_29.4232691709_0_202305.jpg,/Users/catherine/Desktop/风险管理/imgs500米间隔161922_副本2/最新四方图/11059_106.362042581_29.4232691709_0_202305.jpg,11059,0,R158C024,九龙坡区,145,main,ORI中,一般建成区,居住主导,基本稳定-局部变化
11059_106.362042581_29.4232691709_90_202305.jpg,/Users/catherine/Desktop/风险管理/imgs500米间隔161922_副本2/最新四方图/11059_106.362042581_29.4232691709_90_202305.jpg,11059,90,R158C024,九龙坡区,145,main,ORI中,一般建成区,居住主导,基本稳定-局部变化
11059_106.362042581_29.4232691709_180_202305.jpg,/Users/catherine/Desktop/风险管理/imgs500米间隔161922_副本2/最新四方图/11059_106.362042581_29.4232691709_180_202305.jpg,11059,180,R158C024,九龙坡区,145,main,ORI中,一般建成区,居住主导,基本稳定-局部变化
12022_106.416645354_29.4224388407_0_202305.jpg,/Users/catherine/Desktop/风险管理/imgs500米间隔161922_副本2/最新四方图/12022_106.416645354_29.4224388407_0_202305.jpg,12022,0,R158C034,九龙坡区,124,main,ORI低,一般建成区,居住主导,稳定
12022_106.416645354_29.4224388407_180_202305.jpg,/Users/catherine/Desktop/风险管理/imgs500米间隔161922_副本2/最新四方图/12022_106.416645354_29.4224388407_180_202305.jpg,12022,180,R158C034,九龙坡区,124,main,ORI低,一般建成区,居住主导,稳定
12022_106.416645354_29.4224388407_90_202305.jpg,/Users/catherine/Desktop/风险管理/imgs500米间隔161922_副本2/最新四方图/12022_106.416645354_29.4224388407_90_202305.jpg,12022,90,R158C034,九龙坡区,124,main,ORI低,一般建成区,居住主导,稳定
12022_106.416645354_29.4224388407_270_202305.jpg,/Users/catherine/Desktop/风险管理/imgs500米间隔161922_副本2/最新四方图/12022_106.416645354_29.4224388407_270_202305.jpg,12022,270,R158C034,九龙坡区,124,main,ORI低,一般建成区,居住主导,稳定
1955_106.539895154_29.4171244808_0_202305.jpg,/Users/catherine/Desktop/风险管理/imgs500米间隔161922_副本2/最新四方图/1955_106.539895154_29.4171244808_0_202305.jpg,1955,0,R159C058,巴南区,311,main,ORI中,密集城区,居住主导,稳定
1955_106.539895154_29.4171244808_180_202305.jpg,/Users/catherine/Desktop/风险管理/imgs500米间隔161922_副本2/最新四方图/1955_106.539895154_29.4171244808_180_202305.jpg,1955,180,R159C058,巴南区,311,main,ORI中,密集城区,居住主导,稳定
1955_106.539895154_29.4171244808_90_202305.jpg,/Users/catherine/Desktop/风险管理/imgs500米间隔161922_副本2/最新四方图/1955_106.539895154_29.4171244808_90_202305.jpg,1955,90,R159C058,巴南区,311,main,ORI中,密集城区,居住主导,稳定
1955_106.539895154_29.4171244808_270_202305.jpg,/Users/catherine/Desktop/风险管理/imgs500米间隔161922_副本2/最新四方图/1955_106.539895154_29.4171244808_270_202305.jpg,1955,270,R159C058,巴南区,311,main,ORI中,密集城区,居住主导,稳定
10974_106.422205507_29.4137071916_90_202305.jpg,/Users/catherine/Desktop/风险管理/imgs500米间隔161922_副本2/最新四方图/10974_106.422205507_29.4137071916_90_202305.jpg,10974,90,R160C035,大渡口区,285,main,ORI中,密集城区,混合/非居住,基本稳定-局部变化
10974_106.422205507_29.4137071916_180_202305.jpg,/Users/catherine/Desktop/风险管理/imgs500米间隔161922_副本2/最新四方图/10974_106.422205507_29.4137071916_180_202305.jpg,10974,180,R160C035,大渡口区,285,main,ORI中,密集城区,混合/非居住,基本稳定-局部变化
10974_106.422205507_29.4137071916_0_202305.jpg,/Users/catherine/Desktop/风险管理/imgs500米间隔161922_副本2/最新四方图/10974_106.422205507_29.4137071916_0_202305.jpg,10974,0,R160C035,大渡口区,285,main,ORI中,密集城区,混合/非居住,基本稳定-局部变化
10974_106.422205507_29.4137071916_270_202305.jpg,/Users/catherine/Desktop/风险管理/imgs500米间隔161922_副本2/最新四方图/10974_106.422205507_29.4137071916_270_202305.jpg,10974,270,R160C035,大渡口区,285,main,ORI中,密集城区,混合/非居住,基本稳定-局部变化
9016_106.497714819_29.4119642105_270_202305.jpg,/Users/catherine/Desktop/风险管理/imgs500米间隔161922_副本2/最新四方图/9016_106.497714819_29.4119642105_270_202305.jpg,9016,270,R160C050,大渡口区,281,main,ORI低,密集城区,居住主导,基本稳定-局部变化
9016_106.497714819_29.4119642105_180_202305.jpg,/Users/catherine/Desktop/风险管理/imgs500米间隔161922_副本2/最新四方图/9016_106.497714819_29.4119642105_180_202305.jpg,9016,180,R160C050,大渡口区,281,main,ORI低,密集城区,居住主导,基本稳定-局部变化
9016_106.497714819_29.4119642105_0_202305.jpg,/Users/catherine/Desktop/风险管理/imgs500米间隔161922_副本2/最新四方图/9016_106.497714819_29.4119642105_0_202305.jpg,9016,0,R160C050,大渡口区,281,main,ORI低,密集城区,居住主导,基本稳定-局部变化
9016_106.497714819_29.4119642105_90_202305.jpg,/Users/catherine/Desktop/风险管理/imgs500米间隔161922_副本2/最新四方图/9016_106.497714819_29.4119642105_90_202305.jpg,9016,90,R160C050,大渡口区,281,main,ORI低,密集城区,居住主导,基本稳定-局部变化
10983_106.507586869_29.4132795523_90_202305.jpg,/Users/catherine/Desktop/风险管理/imgs500米间隔161922_副本2/最新四方图/10983_106.507586869_29.4132795523_90_202305.jpg,10983,90,R160C052,大渡口区,290,main,ORI中,密集城区,混合/非居住,稳定
10983_106.507586869_29.4132795523_0_202305.jpg,/Users/catherine/Desktop/风险管理/imgs500米间隔161922_副本2/最新四方图/10983_106.507586869_29.4132795523_0_202305.jpg,10983,0,R160C052,大渡口区,290,main,ORI中,密集城区,混合/非居住,稳定
10983_106.507586869_29.4132795523_180_202305.jpg,/Users/catherine/Desktop/风险管理/imgs500米间隔161922_副本2/最新四方图/10983_106.507586869_29.4132795523_180_202305.jpg,10983,180,R160C052,大渡口区,290,main,ORI中,密集城区,混合/非居住,稳定
10983_106.507586869_29.4132795523_270_202305.jpg,/Users/catherine/Desktop/风险管理/imgs500米间隔161922_副本2/最新四方图/10983_106.507586869_29.4132795523_270_202305.jpg,10983,270,R160C052,大渡口区,290,main,ORI中,密集城区,混合/非居住,稳定
18878_106.334554127_29.4094822722_270_202305.jpg,/Users/catherine/Desktop/风险管理/imgs500米间隔161922_副本2/最新四方图/18878_106.334554127_29.4094822722_270_202305.jpg,18878,270,R161C018,九龙坡区,154,main,ORI中,密集城区,混合/非居住,稳定
18878_106.334554127_29.4094822722_90_202305.jpg,/Users/catherine/Desktop/风险管理/imgs500米间隔161922_副本2/最新四方图/18878_106.334554127_29.4094822722_90_202305.jpg,18878,90,R161C018,九龙坡区,154,main,ORI中,密集城区,混合/非居住,稳定
18878_106.334554127_29.4094822722_180_202305.jpg,/Users/catherine/Desktop/风险管理/imgs500米间隔161922_副本2/最新四方图/18878_106.334554127_29.4094822722_180_202305.jpg,18878,180,R161C018,九龙坡区,154,main,ORI中,密集城区,混合/非居住,稳定
18878_106.334554127_29.4094822722_0_202305.jpg,/Users/catherine/Desktop/风险管理/imgs500米间隔161922_副本2/最新四方图/18878_106.334554127_29.4094822722_0_202305.jpg,18878,0,R161C018,九龙坡区,154,main,ORI中,密集城区,混合/非居住,稳定
18879_106.338654293_29.4088962498_270_202305.jpg,/Users/catherine/Desktop/风险管理/imgs500米间隔161922_副本2/最新四方图/18879_106.338654293_29.4088962498_270_202305.jpg,18879,270,R161C019,九龙坡区,173,main,ORI高,密集城区,混合/非居住,稳定
18879_106.338654293_29.4088962498_90_202305.jpg,/Users/catherine/Desktop/风险管理/imgs500米间隔161922_副本2/最新四方图/18879_106.338654293_29.4088962498_90_202305.jpg,18879,90,R161C019,九龙坡区,173,main,ORI高,密集城区,混合/非居住,稳定
18879_106.338654293_29.4088962498_180_202305.jpg,/Users/catherine/Desktop/风险管理/imgs500米间隔161922_副本2/最新四方图/18879_106.338654293_29.4088962498_180_202305.jpg,18879,180,R161C019,九龙坡区,173,main,ORI高,密集城区,混合/非居住,稳定
18879_106.338654293_29.4088962498_0_202305.jpg,/Users/catherine/Desktop/风险管理/imgs500米间隔161922_副本2/最新四方图/18879_106.338654293_29.4088962498_0_202305.jpg,18879,0,R161C019,九龙坡区,173,main,ORI高,密集城区,混合/非居住,稳定
498_106.515296096_29.408730319_180_202305.jpg,/Users/catherine/Desktop/风险管理/imgs500米间隔161922_副本2/最新四方图/498_106.515296096_29.408730319_180_202305.jpg,498,180,R161C053,大渡口区,396,sensitivity,ORI低,一般建成区,无/极少建筑,显著变化
498_106.515296096_29.408730319_90_202305.jpg,/Users/catherine/Desktop/风险管理/imgs500米间隔161922_副本2/最新四方图/498_106.515296096_29.408730319_90_202305.jpg,498,90,R161C053,大渡口区,396,sensitivity,ORI低,一般建成区,无/极少建筑,显著变化
498_106.515296096_29.408730319_0_202305.jpg,/Users/catherine/Desktop/风险管理/imgs500米间隔161922_副本2/最新四方图/498_106.515296096_29.408730319_0_202305.jpg,498,0,R161C053,大渡口区,396,sensitivity,ORI低,一般建成区,无/极少建筑,显著变化
498_106.515296096_29.408730319_270_202305.jpg,/Users/catherine/Desktop/风险管理/imgs500米间隔161922_副本2/最新四方图/498_106.515296096_29.408730319_270_202305.jpg,498,270,R161C053,大渡口区,396,sensitivity,ORI低,一般建成区,无/极少建筑,显著变化
15607_106.568024691_29.4070531594_270_202305.jpg,/Users/catherine/Desktop/风险管理/imgs500米间隔161922_副本2/最新四方图/15607_106.568024691_29.4070531594_270_202305.jpg,15607,270,R161C064,巴南区,305,main,ORI低,一般建成区,居住主导,稳定
15607_106.568024691_29.4070531594_180_202305.jpg,/Users/catherine/Desktop/风险管理/imgs500米间隔161922_副本2/最新四方图/15607_106.568024691_29.4070531594_180_202305.jpg,15607,180,R161C064,巴南区,305,main,ORI低,一般建成区,居住主导,稳定
15607_106.568024691_29.4070531594_0_202305.jpg,/Users/catherine/Desktop/风险管理/imgs500米间隔161922_副本2/最新四方图/15607_106.568024691_29.4070531594_0_202305.jpg,15607,0,R161C064,巴南区,305,main,ORI低,一般建成区,居住主导,稳定
15607_106.568024691_29.4070531594_90_202305.jpg,/Users/catherine/Desktop/风险管理/imgs500米间隔161922_副本2/最新四方图/15607_106.568024691_29.4070531594_90_202305.jpg,15607,90,R161C064,巴南区,305,main,ORI低,一般建成区,居住主导,稳定
7211_106.342727536_29.4048490141_180_202305.jpg,/Users/catherine/Desktop/风险管理/imgs500米间隔161922_副本2/最新四方图/7211_106.342727536_29.4048490141_180_202305.jpg,7211,180,R162C020,九龙坡区,138,main,ORI中,一般建成区,混合/非居住,稳定
7211_106.342727536_29.4048490141_90_202305.jpg,/Users/catherine/Desktop/风险管理/imgs500米间隔161922_副本2/最新四方图/7211_106.342727536_29.4048490141_90_202305.jpg,7211,90,R162C020,九龙坡区,138,main,ORI中,一般建成区,混合/非居住,稳定
7211_106.342727536_29.4048490141_0_202305.jpg,/Users/catherine/Desktop/风险管理/imgs500米间隔161922_副本2/最新四方图/7211_106.342727536_29.4048490141_0_202305.jpg,7211,0,R162C020,九龙坡区,138,main,ORI中,一般建成区,混合/非居住,稳定
7211_106.342727536_29.4048490141_270_202305.jpg,/Users/catherine/Desktop/风险管理/imgs500米间隔161922_副本2/最新四方图/7211_106.342727536_29.4048490141_270_202305.jpg,7211,270,R162C020,九龙坡区,138,main,ORI中,一般建成区,混合/非居住,稳定
9393_106.403172614_29.4070162849_180_202305.jpg,/Users/catherine/Desktop/风险管理/imgs500米间隔161922_副本2/最新四方图/9393_106.403172614_29.4070162849_180_202305.jpg,9393,180,R162C032,大渡口区,277,main,ORI低,一般建成区,居住主导,稳定
9393_106.403172614_29.4070162849_90_202305.jpg,/Users/catherine/Desktop/风险管理/imgs500米间隔161922_副本2/最新四方图/9393_106.403172614_29.4070162849_90_202305.jpg,9393,90,R162C032,大渡口区,277,main,ORI低,一般建成区,居住主导,稳定
9393_106.403172614_29.4070162849_0_202305.jpg,/Users/catherine/Desktop/风险管理/imgs500米间隔161922_副本2/最新四方图/9393_106.403172614_29.4070162849_0_202305.jpg,9393,0,R162C032,大渡口区,277,main,ORI低,一般建成区,居住主导,稳定
9393_106.403172614_29.4070162849_270_202305.jpg,/Users/catherine/Desktop/风险管理/imgs500米间隔161922_副本2/最新四方图/9393_106.403172614_29.4070162849_270_202305.jpg,9393,270,R162C032,大渡口区,277,main,ORI低,一般建成区,居住主导,稳定
4355_106.424216028_29.4034148344_180_202305.jpg,/Users/catherine/Desktop/风险管理/imgs500米间隔161922_副本2/最新四方图/4355_106.424216028_29.4034148344_180_202305.jpg,4355,180,R162C036,大渡口区,288,main,ORI中,密集城区,居住主导,稳定
4355_106.424216028_29.4034148344_90_202305.jpg,/Users/catherine/Desktop/风险管理/imgs500米间隔161922_副本2/最新四方图/4355_106.424216028_29.4034148344_90_202305.jpg,4355,90,R162C036,大渡口区,288,main,ORI中,密集城区,居住主导,稳定
4355_106.424216028_29.4034148344_270_202305.jpg,/Users/catherine/Desktop/风险管理/imgs500米间隔161922_副本2/最新四方图/4355_106.424216028_29.4034148344_270_202305.jpg,4355,270,R162C036,大渡口区,288,main,ORI中,密集城区,居住主导,稳定
4355_106.424216028_29.4034148344_0_202305.jpg,/Users/catherine/Desktop/风险管理/imgs500米间隔161922_副本2/最新四方图/4355_106.424216028_29.4034148344_0_202305.jpg,4355,0,R162C036,大渡口区,288,main,ORI中,密集城区,居住主导,稳定
499_106.516839447_29.4045493608_90_202305.jpg,/Users/catherine/Desktop/风险管理/imgs500米间隔161922_副本2/最新四方图/499_106.516839447_29.4045493608_90_202305.jpg,499,90,R162C054,大渡口区,279,main,ORI低,一般建成区,混合/非居住,稳定
499_106.516839447_29.4045493608_180_202305.jpg,/Users/catherine/Desktop/风险管理/imgs500米间隔161922_副本2/最新四方图/499_106.516839447_29.4045493608_180_202305.jpg,499,180,R162C054,大渡口区,279,main,ORI低,一般建成区,混合/非居住,稳定
499_106.516839447_29.4045493608_0_202305.jpg,/Users/catherine/Desktop/风险管理/imgs500米间隔161922_副本2/最新四方图/499_106.516839447_29.4045493608_0_202305.jpg,499,0,R162C054,大渡口区,279,main,ORI低,一般建成区,混合/非居住,稳定
499_106.516839447_29.4045493608_270_202305.jpg,/Users/catherine/Desktop/风险管理/imgs500米间隔161922_副本2/最新四方图/499_106.516839447_29.4045493608_270_202305.jpg,499,270,R162C054,大渡口区,279,main,ORI低,一般建成区,混合/非居住,稳定
15612_106.567914691_29.4015492808_270_202305.jpg,/Users/catherine/Desktop/风险管理/imgs500米间隔161922_副本2/最新四方图/15612_106.567914691_29.4015492808_270_202305.jpg,15612,270,R162C064,巴南区,302,main,ORI低,一般建成区,居住主导,稳定
15612_106.567914691_29.4015492808_180_202305.jpg,/Users/catherine/Desktop/风险管理/imgs500米间隔161922_副本2/最新四方图/15612_106.567914691_29.4015492808_180_202305.jpg,15612,180,R162C064,巴南区,302,main,ORI低,一般建成区,居住主导,稳定
15612_106.567914691_29.4015492808_0_202305.jpg,/Users/catherine/Desktop/风险管理/imgs500米间隔161922_副本2/最新四方图/15612_106.567914691_29.4015492808_0_202305.jpg,15612,0,R162C064,巴南区,302,main,ORI低,一般建成区,居住主导,稳定
15612_106.567914691_29.4015492808_90_202305.jpg,/Users/catherine/Desktop/风险管理/imgs500米间隔161922_副本2/最新四方图/15612_106.567914691_29.4015492808_90_202305.jpg,15612,90,R162C064,巴南区,302,main,ORI低,一般建成区,居住主导,稳定
1372_106.384827272_29.4032492634_180_202305.jpg,/Users/catherine/Desktop/风险管理/imgs500米间隔161922_副本2/最新四方图/1372_106.384827272_29.4032492634_180_202305.jpg,1372,180,R163C028,九龙坡区,127,main,ORI低,密集城区,居住主导,稳定
1372_106.384827272_29.4032492634_0_202305.jpg,/Users/catherine/Desktop/风险管理/imgs500米间隔161922_副本2/最新四方图/1372_106.384827272_29.4032492634_0_202305.jpg,1372,0,R163C028,九龙坡区,127,main,ORI低,密集城区,居住主导,稳定
1372_106.384827272_29.4032492634_270_202305.jpg,/Users/catherine/Desktop/风险管理/imgs500米间隔161922_副本2/最新四方图/1372_106.384827272_29.4032492634_270_202305.jpg,1372,270,R163C028,九龙坡区,127,main,ORI低,密集城区,居住主导,稳定
1372_106.384827272_29.4032492634_90_202305.jpg,/Users/catherine/Desktop/风险管理/imgs500米间隔161922_副本2/最新四方图/1372_106.384827272_29.4032492634_90_202305.jpg,1372,90,R163C028,九龙坡区,127,main,ORI低,密集城区,居住主导,稳定
889_106.390485311_29.4031984778_0_202305.jpg,/Users/catherine/Desktop/风险管理/imgs500米间隔161922_副本2/最新四方图/889_106.390485311_29.4031984778_0_202305.jpg,889,0,R163C029,九龙坡区,131,main,ORI中,密集城区,居住主导,稳定
889_106.390485311_29.4031984778_270_202305.jpg,/Users/catherine/Desktop/风险管理/imgs500米间隔161922_副本2/最新四方图/889_106.390485311_29.4031984778_270_202305.jpg,889,270,R163C029,九龙坡区,131,main,ORI中,密集城区,居住主导,稳定
889_106.390485311_29.4031984778_90_202305.jpg,/Users/catherine/Desktop/风险管理/imgs500米间隔161922_副本2/最新四方图/889_106.390485311_29.4031984778_90_202305.jpg,889,90,R163C029,九龙坡区,131,main,ORI中,密集城区,居住主导,稳定
889_106.390485311_29.4031984778_180_202305.jpg,/Users/catherine/Desktop/风险管理/imgs500米间隔161922_副本2/最新四方图/889_106.390485311_29.4031984778_180_202305.jpg,889,180,R163C029,九龙坡区,131,main,ORI中,密集城区,居住主导,稳定
888_106.395646788_29.4028563215_0_202305.jpg,/Users/catherine/Desktop/风险管理/imgs500米间隔161922_副本2/最新四方图/888_106.395646788_29.4028563215_0_202305.jpg,888,0,R163C030,大渡口区,282,main,ORI中,一般建成区,混合/非居住,基本稳定-局部变化
888_106.395646788_29.4028563215_90_202305.jpg,/Users/catherine/Desktop/风险管理/imgs500米间隔161922_副本2/最新四方图/888_106.395646788_29.4028563215_90_202305.jpg,888,90,R163C030,大渡口区,282,main,ORI中,一般建成区,混合/非居住,基本稳定-局部变化
888_106.395646788_29.4028563215_180_202305.jpg,/Users/catherine/Desktop/风险管理/imgs500米间隔161922_副本2/最新四方图/888_106.395646788_29.4028563215_180_202305.jpg,888,180,R163C030,大渡口区,282,main,ORI中,一般建成区,混合/非居住,基本稳定-局部变化
888_106.395646788_29.4028563215_270_202305.jpg,/Users/catherine/Desktop/风险管理/imgs500米间隔161922_副本2/最新四方图/888_106.395646788_29.4028563215_270_202305.jpg,888,270,R163C030,大渡口区,282,main,ORI中,一般建成区,混合/非居住,基本稳定-局部变化
887_106.400808266_29.4025141653_0_202305.jpg,/Users/catherine/Desktop/风险管理/imgs500米间隔161922_副本2/最新四方图/887_106.400808266_29.4025141653_0_202305.jpg,887,0,R163C031,大渡口区,283,main,ORI中,一般建成区,无/极少建筑,基本稳定-局部变化
887_106.400808266_29.4025141653_180_202305.jpg,/Users/catherine/Desktop/风险管理/imgs500米间隔161922_副本2/最新四方图/887_106.400808266_29.4025141653_180_202305.jpg,887,180,R163C031,大渡口区,283,main,ORI中,一般建成区,无/极少建筑,基本稳定-局部变化
887_106.400808266_29.4025141653_90_202305.jpg,/Users/catherine/Desktop/风险管理/imgs500米间隔161922_副本2/最新四方图/887_106.400808266_29.4025141653_90_202305.jpg,887,90,R163C031,大渡口区,283,main,ORI中,一般建成区,无/极少建筑,基本稳定-局部变化
887_106.400808266_29.4025141653_270_202305.jpg,/Users/catherine/Desktop/风险管理/imgs500米间隔161922_副本2/最新四方图/887_106.400808266_29.4025141653_270_202305.jpg,887,270,R163C031,大渡口区,283,main,ORI中,一般建成区,无/极少建筑,基本稳定-局部变化
9392_106.40341601_29.4024676021_270_202305.jpg,/Users/catherine/Desktop/风险管理/imgs500米间隔161922_副本2/最新四方图/9392_106.40341601_29.4024676021_270_202305.jpg,9392,270,R163C032,大渡口区,273,main,ORI低,一般建成区,混合/非居住,稳定
9392_106.40341601_29.4024676021_90_202305.jpg,/Users/catherine/Desktop/风险管理/imgs500米间隔161922_副本2/最新四方图/9392_106.40341601_29.4024676021_90_202305.jpg,9392,90,R163C032,大渡口区,273,main,ORI低,一般建成区,混合/非居住,稳定
9392_106.40341601_29.4024676021_180_202305.jpg,/Users/catherine/Desktop/风险管理/imgs500米间隔161922_副本2/最新四方图/9392_106.40341601_29.4024676021_180_202305.jpg,9392,180,R163C032,大渡口区,273,main,ORI低,一般建成区,混合/非居住,稳定
9392_106.40341601_29.4024676021_0_202305.jpg,/Users/catherine/Desktop/风险管理/imgs500米间隔161922_副本2/最新四方图/9392_106.40341601_29.4024676021_0_202305.jpg,9392,0,R163C032,大渡口区,273,main,ORI低,一般建成区,混合/非居住,稳定
12189_106.428484388_29.4000491047_0_202305.jpg,/Users/catherine/Desktop/风险管理/imgs500米间隔161922_副本2/最新四方图/12189_106.428484388_29.4000491047_0_202305.jpg,12189,0,R163C037,大渡口区,276,main,ORI低,一般建成区,混合/非居住,稳定
12189_106.428484388_29.4000491047_180_202305.jpg,/Users/catherine/Desktop/风险管理/imgs500米间隔161922_副本2/最新四方图/12189_106.428484388_29.4000491047_180_202305.jpg,12189,180,R163C037,大渡口区,276,main,ORI低,一般建成区,混合/非居住,稳定
12189_106.428484388_29.4000491047_90_202305.jpg,/Users/catherine/Desktop/风险管理/imgs500米间隔161922_副本2/最新四方图/12189_106.428484388_29.4000491047_90_202305.jpg,12189,90,R163C037,大渡口区,276,main,ORI低,一般建成区,混合/非居住,稳定
12189_106.428484388_29.4000491047_270_202305.jpg,/Users/catherine/Desktop/风险管理/imgs500米间隔161922_副本2/最新四方图/12189_106.428484388_29.4000491047_270_202305.jpg,12189,270,R163C037,大渡口区,276,main,ORI低,一般建成区,混合/非居住,稳定
9384_106.403892528_29.3986254528_180_202305.jpg,/Users/catherine/Desktop/风险管理/imgs500米间隔161922_副本2/最新四方图/9384_106.403892528_29.3986254528_180_202305.jpg,9384,180,R164C032,大渡口区,275,main,ORI低,一般建成区,居住主导,基本稳定-局部变化
9384_106.403892528_29.3986254528_0_202305.jpg,/Users/catherine/Desktop/风险管理/imgs500米间隔161922_副本2/最新四方图/9384_106.403892528_29.3986254528_0_202305.jpg,9384,0,R164C032,大渡口区,275,main,ORI低,一般建成区,居住主导,基本稳定-局部变化
9384_106.403892528_29.3986254528_270_202305.jpg,/Users/catherine/Desktop/风险管理/imgs500米间隔161922_副本2/最新四方图/9384_106.403892528_29.3986254528_270_202305.jpg,9384,270,R164C032,大渡口区,275,main,ORI低,一般建成区,居住主导,基本稳定-局部变化
9384_106.403892528_29.3986254528_90_202305.jpg,/Users/catherine/Desktop/风险管理/imgs500米间隔161922_副本2/最新四方图/9384_106.403892528_29.3986254528_90_202305.jpg,9384,90,R164C032,大渡口区,275,main,ORI低,一般建成区,居住主导,基本稳定-局部变化
12065_106.461899_29.3979178393_0_202305.jpg,/Users/catherine/Desktop/风险管理/imgs500米间隔161922_副本2/最新四方图/12065_106.461899_29.3979178393_0_202305.jpg,12065,0,R164C043,大渡口区,278,main,ORI低,密集城区,混合/非居住,稳定
12065_106.461899_29.3979178393_180_202305.jpg,/Users/catherine/Desktop/风险管理/imgs500米间隔161922_副本2/最新四方图/12065_106.461899_29.3979178393_180_202305.jpg,12065,180,R164C043,大渡口区,278,main,ORI低,密集城区,混合/非居住,稳定
12065_106.461899_29.3979178393_90_202305.jpg,/Users/catherine/Desktop/风险管理/imgs500米间隔161922_副本2/最新四方图/12065_106.461899_29.3979178393_90_202305.jpg,12065,90,R164C043,大渡口区,278,main,ORI低,密集城区,混合/非居住,稳定
12065_106.461899_29.3979178393_270_202305.jpg,/Users/catherine/Desktop/风险管理/imgs500米间隔161922_副本2/最新四方图/12065_106.461899_29.3979178393_270_202305.jpg,12065,270,R164C043,大渡口区,278,main,ORI低,密集城区,混合/非居住,稳定
16355_106.625147084_29.3938160229_90_202305.jpg,/Users/catherine/Desktop/风险管理/imgs500米间隔161922_副本2/最新四方图/16355_106.625147084_29.3938160229_90_202305.jpg,16355,90,R164C075,巴南区,303,main,ORI低,一般建成区,居住主导,基本稳定-局部变化
16355_106.625147084_29.3938160229_270_202305.jpg,/Users/catherine/Desktop/风险管理/imgs500米间隔161922_副本2/最新四方图/16355_106.625147084_29.3938160229_270_202305.jpg,16355,270,R164C075,巴南区,303,main,ORI低,一般建成区,居住主导,基本稳定-局部变化
16355_106.625147084_29.3938160229_0_202305.jpg,/Users/catherine/Desktop/风险管理/imgs500米间隔161922_副本2/最新四方图/16355_106.625147084_29.3938160229_0_202305.jpg,16355,0,R164C075,巴南区,303,main,ORI低,一般建成区,居住主导,基本稳定-局部变化
16355_106.625147084_29.3938160229_180_202305.jpg,/Users/catherine/Desktop/风险管理/imgs500米间隔161922_副本2/最新四方图/16355_106.625147084_29.3938160229_180_202305.jpg,16355,180,R164C075,巴南区,303,main,ORI低,一般建成区,居住主导,基本稳定-局部变化
2316_106.38897875_29.3823802862_270_202305.jpg,/Users/catherine/Desktop/风险管理/imgs500米间隔161922_副本2/最新四方图/2316_106.38897875_29.3823802862_270_202305.jpg,2316,270,R167C029,九龙坡区,117,main,ORI低,一般建成区,居住主导,稳定
2316_106.38897875_29.3823802862_90_202305.jpg,/Users/catherine/Desktop/风险管理/imgs500米间隔161922_副本2/最新四方图/2316_106.38897875_29.3823802862_90_202305.jpg,2316,90,R167C029,九龙坡区,117,main,ORI低,一般建成区,居住主导,稳定
2316_106.38897875_29.3823802862_180_202305.jpg,/Users/catherine/Desktop/风险管理/imgs500米间隔161922_副本2/最新四方图/2316_106.38897875_29.3823802862_180_202305.jpg,2316,180,R167C029,九龙坡区,117,main,ORI低,一般建成区,居住主导,稳定
2316_106.38897875_29.3823802862_0_202305.jpg,/Users/catherine/Desktop/风险管理/imgs500米间隔161922_副本2/最新四方图/2316_106.38897875_29.3823802862_0_202305.jpg,2316,0,R167C029,九龙坡区,117,main,ORI低,一般建成区,居住主导,稳定
8933_106.41561533_29.3647897034_180_202305.jpg,/Users/catherine/Desktop/风险管理/imgs500米间隔161922_副本2/最新四方图/8933_106.41561533_29.3647897034_180_202305.jpg,8933,180,R171C034,大渡口区,280,main,ORI低,一般建成区,混合/非居住,稳定
8933_106.41561533_29.3647897034_0_202305.jpg,/Users/catherine/Desktop/风险管理/imgs500米间隔161922_副本2/最新四方图/8933_106.41561533_29.3647897034_0_202305.jpg,8933,0,R171C034,大渡口区,280,main,ORI低,一般建成区,混合/非居住,稳定
8933_106.41561533_29.3647897034_270_202305.jpg,/Users/catherine/Desktop/风险管理/imgs500米间隔161922_副本2/最新四方图/8933_106.41561533_29.3647897034_270_202305.jpg,8933,270,R171C034,大渡口区,280,main,ORI低,一般建成区,混合/非居住,稳定
8933_106.41561533_29.3647897034_90_202305.jpg,/Users/catherine/Desktop/风险管理/imgs500米间隔161922_副本2/最新四方图/8933_106.41561533_29.3647897034_90_202305.jpg,8933,90,R171C034,大渡口区,280,main,ORI低,一般建成区,混合/非居住,稳定
19213_106.309793802_29.3591037841_90_202305.jpg,/Users/catherine/Desktop/风险管理/imgs500米间隔161922_副本2/最新四方图/19213_106.309793802_29.3591037841_90_202305.jpg,19213,90,R172C014,九龙坡区,119,main,ORI低,一般建成区,混合/非居住,稳定
19213_106.309793802_29.3591037841_270_202305.jpg,/Users/catherine/Desktop/风险管理/imgs500米间隔161922_副本2/最新四方图/19213_106.309793802_29.3591037841_270_202305.jpg,19213,270,R172C014,九龙坡区,119,main,ORI低,一般建成区,混合/非居住,稳定
19213_106.309793802_29.3591037841_0_202305.jpg,/Users/catherine/Desktop/风险管理/imgs500米间隔161922_副本2/最新四方图/19213_106.309793802_29.3591037841_0_202305.jpg,19213,0,R172C014,九龙坡区,119,main,ORI低,一般建成区,混合/非居住,稳定
19213_106.309793802_29.3591037841_180_202305.jpg,/Users/catherine/Desktop/风险管理/imgs500米间隔161922_副本2/最新四方图/19213_106.309793802_29.3591037841_180_202305.jpg,19213,180,R172C014,九龙坡区,119,main,ORI低,一般建成区,混合/非居住,稳定
12190_106.355687215_29.3629203081_270_202305.jpg,/Users/catherine/Desktop/风险管理/imgs500米间隔161922_副本2/最新四方图/12190_106.355687215_29.3629203081_270_202305.jpg,12190,270,R172C023,九龙坡区,400,sensitivity,ORI中,一般建成区,居住主导,显著变化
12190_106.355687215_29.3629203081_90_202305.jpg,/Users/catherine/Desktop/风险管理/imgs500米间隔161922_副本2/最新四方图/12190_106.355687215_29.3629203081_90_202305.jpg,12190,90,R172C023,九龙坡区,400,sensitivity,ORI中,一般建成区,居住主导,显著变化
12190_106.355687215_29.3629203081_180_202305.jpg,/Users/catherine/Desktop/风险管理/imgs500米间隔161922_副本2/最新四方图/12190_106.355687215_29.3629203081_180_202305.jpg,12190,180,R172C023,九龙坡区,400,sensitivity,ORI中,一般建成区,居住主导,显著变化
12190_106.355687215_29.3629203081_0_202305.jpg,/Users/catherine/Desktop/风险管理/imgs500米间隔161922_副本2/最新四方图/12190_106.355687215_29.3629203081_0_202305.jpg,12190,0,R172C023,九龙坡区,400,sensitivity,ORI中,一般建成区,居住主导,显著变化
5356_106.400961295_29.3623184802_270_202305.jpg,/Users/catherine/Desktop/风险管理/imgs500米间隔161922_副本2/最新四方图/5356_106.400961295_29.3623184802_270_202305.jpg,5356,270,R172C031,大渡口区,375,sensitivity,ORI中,一般建成区,无/极少建筑,显著变化
5356_106.400961295_29.3623184802_0_202305.jpg,/Users/catherine/Desktop/风险管理/imgs500米间隔161922_副本2/最新四方图/5356_106.400961295_29.3623184802_0_202305.jpg,5356,0,R172C031,大渡口区,375,sensitivity,ORI中,一般建成区,无/极少建筑,显著变化
5356_106.400961295_29.3623184802_180_202305.jpg,/Users/catherine/Desktop/风险管理/imgs500米间隔161922_副本2/最新四方图/5356_106.400961295_29.3623184802_180_202305.jpg,5356,180,R172C031,大渡口区,375,sensitivity,ORI中,一般建成区,无/极少建筑,显著变化
5356_106.400961295_29.3623184802_90_202305.jpg,/Users/catherine/Desktop/风险管理/imgs500米间隔161922_副本2/最新四方图/5356_106.400961295_29.3623184802_90_202305.jpg,5356,90,R172C031,大渡口区,375,sensitivity,ORI中,一般建成区,无/极少建筑,显著变化
18999_106.286440719_29.3586961451_90_202305.jpg,/Users/catherine/Desktop/风险管理/imgs500米间隔161922_副本2/最新四方图/18999_106.286440719_29.3586961451_90_202305.jpg,18999,90,R173C009,九龙坡区,118,main,ORI低,密集城区,居住主导,稳定
18999_106.286440719_29.3586961451_0_202305.jpg,/Users/catherine/Desktop/风险管理/imgs500米间隔161922_副本2/最新四方图/18999_106.286440719_29.3586961451_0_202305.jpg,18999,0,R173C009,九龙坡区,118,main,ORI低,密集城区,居住主导,稳定
18999_106.286440719_29.3586961451_180_202305.jpg,/Users/catherine/Desktop/风险管理/imgs500米间隔161922_副本2/最新四方图/18999_106.286440719_29.3586961451_180_202305.jpg,18999,180,R173C009,九龙坡区,118,main,ORI低,密集城区,居住主导,稳定
18999_106.286440719_29.3586961451_270_202305.jpg,/Users/catherine/Desktop/风险管理/imgs500米间隔161922_副本2/最新四方图/18999_106.286440719_29.3586961451_270_202305.jpg,18999,270,R173C009,九龙坡区,118,main,ORI低,密集城区,居住主导,稳定
12149_106.355740976_29.3484965075_180_202305.jpg,/Users/catherine/Desktop/风险管理/imgs500米间隔161922_副本2/最新四方图/12149_106.355740976_29.3484965075_180_202305.jpg,12149,180,R175C023,九龙坡区,390,sensitivity,ORI低,一般建成区,混合/非居住,显著变化
12149_106.355740976_29.3484965075_270_202305.jpg,/Users/catherine/Desktop/风险管理/imgs500米间隔161922_副本2/最新四方图/12149_106.355740976_29.3484965075_270_202305.jpg,12149,270,R175C023,九龙坡区,390,sensitivity,ORI低,一般建成区,混合/非居住,显著变化
12149_106.355740976_29.3484965075_0_202305.jpg,/Users/catherine/Desktop/风险管理/imgs500米间隔161922_副本2/最新四方图/12149_106.355740976_29.3484965075_0_202305.jpg,12149,0,R175C023,九龙坡区,390,sensitivity,ORI低,一般建成区,混合/非居住,显著变化
12149_106.355740976_29.3484965075_90_202305.jpg,/Users/catherine/Desktop/风险管理/imgs500米间隔161922_副本2/最新四方图/12149_106.355740976_29.3484965075_90_202305.jpg,12149,90,R175C023,九龙坡区,390,sensitivity,ORI低,一般建成区,混合/非居住,显著变化
12136_106.324286399_29.3449379054_0_202305.jpg,/Users/catherine/Desktop/风险管理/imgs500米间隔161922_副本2/最新四方图/12136_106.324286399_29.3449379054_0_202305.jpg,12136,0,R176C016,九龙坡区,122,main,ORI低,密集城区,居住主导,稳定
12136_106.324286399_29.3449379054_270_202305.jpg,/Users/catherine/Desktop/风险管理/imgs500米间隔161922_副本2/最新四方图/12136_106.324286399_29.3449379054_270_202305.jpg,12136,270,R176C016,九龙坡区,122,main,ORI低,密集城区,居住主导,稳定
12136_106.324286399_29.3449379054_90_202305.jpg,/Users/catherine/Desktop/风险管理/imgs500米间隔161922_副本2/最新四方图/12136_106.324286399_29.3449379054_90_202305.jpg,12136,90,R176C016,九龙坡区,122,main,ORI低,密集城区,居住主导,稳定
12136_106.324286399_29.3449379054_180_202305.jpg,/Users/catherine/Desktop/风险管理/imgs500米间隔161922_副本2/最新四方图/12136_106.324286399_29.3449379054_180_202305.jpg,12136,180,R176C016,九龙坡区,122,main,ORI低,密集城区,居住主导,稳定
7144_106.319834099_29.3282014854_90_202305.jpg,/Users/catherine/Desktop/风险管理/imgs500米间隔161922_副本2/最新四方图/7144_106.319834099_29.3282014854_90_202305.jpg,7144,90,R179C016,九龙坡区,384,sensitivity,ORI中,一般建成区,混合/非居住,显著变化
7144_106.319834099_29.3282014854_270_202305.jpg,/Users/catherine/Desktop/风险管理/imgs500米间隔161922_副本2/最新四方图/7144_106.319834099_29.3282014854_270_202305.jpg,7144,270,R179C016,九龙坡区,384,sensitivity,ORI中,一般建成区,混合/非居住,显著变化
7144_106.319834099_29.3282014854_0_202305.jpg,/Users/catherine/Desktop/风险管理/imgs500米间隔161922_副本2/最新四方图/7144_106.319834099_29.3282014854_0_202305.jpg,7144,0,R179C016,九龙坡区,384,sensitivity,ORI中,一般建成区,混合/非居住,显著变化
7144_106.319834099_29.3282014854_180_202305.jpg,/Users/catherine/Desktop/风险管理/imgs500米间隔161922_副本2/最新四方图/7144_106.319834099_29.3282014854_180_202305.jpg,7144,180,R179C016,九龙坡区,384,sensitivity,ORI中,一般建成区,混合/非居住,显著变化
12193_106.37128813_29.3042086201_270_202305.jpg,/Users/catherine/Desktop/风险管理/imgs500米间隔161922_副本2/最新四方图/12193_106.37128813_29.3042086201_270_202305.jpg,12193,270,R185C026,九龙坡区,129,main,ORI低,密集城区,居住主导,稳定
12193_106.37128813_29.3042086201_90_202305.jpg,/Users/catherine/Desktop/风险管理/imgs500米间隔161922_副本2/最新四方图/12193_106.37128813_29.3042086201_90_202305.jpg,12193,90,R185C026,九龙坡区,129,main,ORI低,密集城区,居住主导,稳定
12193_106.37128813_29.3042086201_0_202305.jpg,/Users/catherine/Desktop/风险管理/imgs500米间隔161922_副本2/最新四方图/12193_106.37128813_29.3042086201_0_202305.jpg,12193,0,R185C026,九龙坡区,129,main,ORI低,密集城区,居住主导,稳定
12193_106.37128813_29.3042086201_180_202305.jpg,/Users/catherine/Desktop/风险管理/imgs500米间隔161922_副本2/最新四方图/12193_106.37128813_29.3042086201_180_202305.jpg,12193,180,R185C026,九龙坡区,129,main,ORI低,密集城区,居住主导,稳定
12138_106.361525741_29.2878144108_0_202305.jpg,/Users/catherine/Desktop/风险管理/imgs500米间隔161922_副本2/最新四方图/12138_106.361525741_29.2878144108_0_202305.jpg,12138,0,R188C024,九龙坡区,113,main,ORI低,密集城区,居住主导,稳定
12138_106.361525741_29.2878144108_180_202305.jpg,/Users/catherine/Desktop/风险管理/imgs500米间隔161922_副本2/最新四方图/12138_106.361525741_29.2878144108_180_202305.jpg,12138,180,R188C024,九龙坡区,113,main,ORI低,密集城区,居住主导,稳定
12138_106.361525741_29.2878144108_270_202305.jpg,/Users/catherine/Desktop/风险管理/imgs500米间隔161922_副本2/最新四方图/12138_106.361525741_29.2878144108_270_202305.jpg,12138,270,R188C024,九龙坡区,113,main,ORI低,密集城区,居住主导,稳定
12138_106.361525741_29.2878144108_90_202305.jpg,/Users/catherine/Desktop/风险管理/imgs500米间隔161922_副本2/最新四方图/12138_106.361525741_29.2878144108_90_202305.jpg,12138,90,R188C024,九龙坡区,113,main,ORI低,密集城区,居住主导,稳定
