grid_id,district,ori_level,urban_type,func_zone,sv_quality,stability_level,sample_type,ORI_FLD_pct,ORI_FLD_class,GVI,SVF,BEI,SWI,builtness,complexity,FAR,bld_density,impervious_pct,road_density_major,bld_住宅_pct,slope_mean,pop_density_2023,n_sv_points,quality_score,single_point_grid,point_id,sample_id
R102C064,渝北区,ORI低,一般建成区,居住主导,低质量,稳定,main,0.7067277743,4,0.025300025,0.00048828,0.737443925,0.0,0.954792975,0.4401453230633114,0.0048,24.0,12.11,5.389,66.66666666666666,12.683500289916992,609.1,1,0.3333333333333333,1,3142,1
R101C063,渝北区,ORI低,一般建成区,居住主导,高质量,稳定,main,0.5882352941,3,0.0152931211111111,0.0038606855555555,0.489878846,1.992111111111111e-05,0.8203421717777778,0.4915105205257621,0.1498,104.0,3.81,4.881,84.61538461538461,7.309800148010254,2028.5,3,1.0,0,1485,2
R099C089,渝北区,ORI低,乡村/自然,无/极少建筑,低质量,稳定,main,0.4273827534,3,0.00128841375,0.1314566916666666,0.3870557166666666,3.3375e-06,0.8332659433333333,0.5775172078181312,0.0,0.0,0.0,4.109,,28.45840072631836,0.0,2,0.6666666666666666,0,14522,3
R099C092,渝北区,ORI低,一般建成区,混合/非居住,低质量,稳定,main,0.3516952923,2,0.0131196983333333,0.044466655,0.34373792,0.0003471375,0.7111396766666667,0.5773117827389167,0.0,20.0,0.0,4.511,40.0,18.16279983520508,167.2,2,0.6666666666666666,0,14519,4
R099C088,渝北区,ORI低,乡村/自然,无/极少建筑,低质量,稳定,main,0.2955860105,2,0.0243843387499999,0.0890382133333333,0.3348355283333333,0.00044727375,0.639078775,0.5861846746397456,0.0,0.0,0.0,4.109,,25.271400451660156,0.0,2,0.6666666666666666,0,14523,5
R099C093,渝北区,ORI低,一般建成区,居住主导,高质量,稳定,main,0.2525140162,2,0.1547089683333333,0.1075532688888888,0.2372645582142857,0.0108833951666666,0.6488778866666666,0.5809514465767216,0.0,16.0,0.0,6.519,100.0,20.482999801635746,191.0,3,1.0,0,14515,6
R073C076,渝北区,ORI低,密集城区,居住主导,低质量,稳定,main,0.6584497642,4,0.1386909499999999,0.0671297733333333,0.2317390399999999,7.63e-06,0.5917905133333333,0.6946502129174869,0.1528,172.0,1.1,4.32,62.7906976744186,13.66230010986328,685.6,1,0.3333333333333333,1,5402,7
R094C054,渝北区,ORI低,密集城区,居住主导,低质量,稳定,main,0.7023671799,4,0.2492507275,0.167201995,0.2048428866666666,0.05209112,0.5205143274999999,0.7120318252717392,1.0172,268.0,6.57,8.279,89.55223880597015,9.4306001663208,1644.0,2,0.6666666666666666,0,13362,8
R084C070,渝北区,ORI低,密集城区,居住主导,低质量,基本稳定-局部变化,main,0.7026786509,4,0.06785392625,0.35816447,0.0756979008333333,0.01271708875,0.5325899154166667,0.5980031989375658,0.0638,192.0,13.28,11.421,83.33333333333334,10.806599617004396,102.2,2,0.6666666666666666,0,18570,9
R082C090,渝北区,ORI低,乡村/自然,混合/非居住,低质量,基本稳定-局部变化,main,0.6640562428,4,0.34623464,0.25878906,0.02979946,0.0141096099999999,0.3747965499999999,0.5640023043182304,0.0,8.0,2.42,4.892,0.0,17.135700225830078,380.0,1,0.3333333333333333,1,13798,10
R060C087,渝北区,ORI低,一般建成区,居住主导,低质量,基本稳定-局部变化,main,0.6899973302,4,0.5708427433333334,0.0261774075,0.00852712,0.0186258966666666,0.4021593733333333,0.4311442956752474,0.0,128.0,0.0,0.803,53.125,7.050300121307373,386.5,1,0.3333333333333333,1,5420,11
R099C072,渝北区,ORI低,一般建成区,居住主导,低质量,稳定,main,0.7586544451,4,0.2053728075,0.31004715,0.1277529366666666,0.0241673766666666,0.4993871,0.6793407843774751,0.0158,120.0,17.65,3.905,50.0,6.619100093841553,2388.7,1,0.3333333333333333,1,10888,12
R071C093,渝北区,ORI低,密集城区,混合/非居住,低质量,稳定,main,0.6875723058,4,0.34490585,0.2804489133333334,0.04159546,0.0300607675,0.42120234,0.6276714842091904,0.0,156.0,0.0,2.857,25.64102564102564,3.6110999584198,405.5,1,0.3333333333333333,1,15541,13
R107C078,渝北区,ORI低,一般建成区,无/极少建筑,低质量,基本稳定-局部变化,main,0.4582628816,3,0.0807409275,0.3679523449999999,0.0601552333333333,0.01025772,0.5396410633333333,0.606728492427674,0.0,4.0,6.57,9.448,0.0,10.296099662780762,178.6,1,0.3333333333333333,1,11203,14
R101C047,渝北区,ORI低,密集城区,居住主导,低质量,稳定,main,0.7856634333,4,0.25658544,0.1679887749999999,0.0603332525,0.0013093974999999,0.4825337733333333,0.653334714024402,0.0829,160.0,20.07,6.525,62.5,4.057199954986572,2243.1,1,0.3333333333333333,1,17915,15
R101C090,渝北区,ORI低,一般建成区,混合/非居住,低质量,稳定,main,0.2000088992,2,0.65100352,0.032327268,0.02721841,0.0117301933333333,0.2750981666666667,0.384050674286694,0.0,20.0,0.0,1.202,0.0,12.65060043334961,205.0,1,0.3333333333333333,1,12383,16
R071C091,渝北区,ORI低,一般建成区,居住主导,低质量,稳定,main,0.769333452,4,0.4621226,0.0843900066666666,0.0851542133333333,0.01655388,0.4862365733333333,0.5875357728852748,0.0,132.0,1.47,2.008,75.75757575757575,7.39900016784668,421.3,1,0.3333333333333333,1,1579,17
R083C080,渝北区,ORI低,一般建成区,混合/非居住,低质量,稳定,main,0.7233692267,4,0.23130735,0.3088575999999999,0.02639103,0.0154088333333333,0.4620833408333333,0.6361160639236302,0.0484,136.0,15.92,10.949,23.52941176470588,7.821199893951416,1873.1,2,0.6666666666666666,0,6415,18
R094C083,渝北区,ORI低,一般建成区,混合/非居住,低质量,稳定,main,0.2615466762,2,0.4014803566666667,0.3752415966666667,0.06928126,0.02849102,0.40986379,0.6526428699778236,0.0,68.0,0.0,1.225,47.05882352941176,12.503399848937988,554.4,1,0.3333333333333333,1,18276,19
R102C042,渝北区,ORI低,一般建成区,无/极少建筑,低质量,基本稳定-局部变化,main,0.7201655246,4,0.3126182516666667,0.3013343816666666,0.04608694625,0.0134846358333333,0.4448636366666666,0.6483117778465115,0.0006,4.0,9.56,8.333,100.0,10.49590015411377,141.5,2,0.6666666666666666,0,8236,20
R065C095,渝北区,ORI低,密集城区,混合/非居住,低质量,稳定,main,0.6924890985,4,0.3882497166666667,0.13498942,0.0342267366666666,0.0107663466666666,0.4069747966666666,0.5619143857190784,0.0,292.0,5.19,6.94,46.57534246575342,5.081500053405762,836.5,1,0.3333333333333333,1,1587,21
R104C056,渝北区,ORI低,一般建成区,混合/非居住,低质量,稳定,main,0.7696004272,4,0.22201411,0.31298828,0.02264913,0.00860119,0.4489300999999999,0.6210667174193671,0.028,92.0,16.61,3.449,4.3478260869565215,9.62049961090088,1755.0,1,0.3333333333333333,1,1446,22
R098C083,渝北区,ORI低,一般建成区,居住主导,低质量,稳定,main,0.299946605,2,0.4708741483333334,0.21748797125,0.0276858,0.03836123,0.2676792133333333,0.5583960276863273,0.0,84.0,2.08,10.351,76.19047619047619,8.587599754333496,337.1,2,0.6666666666666666,0,14508,23
R072C094,渝北区,ORI低,一般建成区,混合/非居住,低质量,稳定,main,0.4086722435,3,0.1898167899999999,0.3654276533333333,0.14897537,0.0045267733333333,0.43631617,0.6605350034794814,0.0,80.0,0.0,1.607,35.0,8.602399826049805,227.2,1,0.3333333333333333,1,1793,24
R076C091,渝北区,ORI低,密集城区,居住主导,低质量,稳定,main,0.4848936549,3,0.6566912366666667,0.0046920766666666,0.10598882,0.0059382133333333,0.352458,0.5643522685282947,0.0,180.0,0.0,7.581,80.0,8.19219970703125,596.4,1,0.3333333333333333,1,1571,25
R086C058,渝北区,ORI低,一般建成区,居住主导,低质量,稳定,main,0.7892675981,4,0.0998954766666666,0.357014655,0.168540955,0.002928735,0.44658661,0.6528269683172893,0.0,132.0,15.07,17.816,75.75757575757575,11.88319969177246,160.5,1,0.3333333333333333,1,13415,26
R083C085,渝北区,ORI低,乡村/自然,无/极少建筑,低质量,稳定,main,0.6037643499,4,0.33267085,0.37059784,0.0033963533333333,0.0461285933333333,0.3658752433333332,0.6440471234338182,0.0,4.0,0.74,15.256,100.0,5.797599792480469,521.5,1,0.3333333333333333,1,6410,27
R075C091,渝北区,ORI低,密集城区,居住主导,低质量,稳定,main,0.5664990656,3,0.5117759675,0.1471048966666666,0.0033505766666666,0.0318412766666666,0.3110758433333333,0.627189856231667,0.0,244.0,0.0,6.858,70.49180327868852,9.843999862670898,400.1,1,0.3333333333333333,1,1572,28
R085C085,渝北区,ORI低,一般建成区,居住主导,低质量,稳定,main,0.4663611284,3,0.1462961833333333,0.4162356066666667,0.0054879208333333,0.0079116825,0.43030262125,0.5484304284451383,0.0,96.0,1.1,6.739,50.0,3.971100091934204,875.1,2,0.6666666666666666,0,18501,29
R098C086,渝北区,ORI低,一般建成区,居住主导,低质量,稳定,main,0.1131084809,1,0.362193105,0.3650461866666666,0.018411635,0.028796195,0.3176409366666666,0.6288556729748874,0.0,128.0,0.0,5.711,90.625,10.809599876403809,356.7,1,0.3333333333333333,1,12394,30
R092C065,渝北区,ORI低,一般建成区,混合/非居住,低质量,稳定,main,0.6818100917,4,0.13134003,0.2903912866666666,0.10135905,0.01978938,0.5722796133333333,0.5990011799051407,0.0014,32.0,5.88,8.224,0.0,9.266200065612791,662.5,1,0.3333333333333333,1,5910,31
R090C091,渝北区,ORI低,一般建成区,居住主导,低质量,稳定,main,0.2681765596,2,0.3832715366666666,0.2768948866666667,0.0048789966666666,0.058508875,0.33498891,0.6151150199163022,0.0,12.0,0.0,1.204,100.0,20.70820045471191,388.3,1,0.3333333333333333,1,660,32
R105C081,渝北区,ORI低,密集城区,居住主导,低质量,稳定,main,0.7880662098,4,0.2175731674999999,0.1299578333333333,0.1363957733333333,0.0032183333333333,0.5375544233333334,0.6797316694851028,0.0831,276.0,26.84,4.971,63.76811594202898,3.853800058364868,2341.4,1,0.3333333333333333,1,15168,33
R066C100,渝北区,ORI低,一般建成区,居住主导,低质量,稳定,main,0.08520957551,1,0.5235850000000001,0.0745557166666666,0.00276184,0.0003954566666666,0.28764057,0.5172085816530806,0.0,48.0,0.0,3.655,75.0,14.476499557495115,271.7,1,0.3333333333333333,1,15499,34
R063C085,渝北区,ORI低,密集城区,混合/非居住,高质量,稳定,main,0.5375100116,3,0.2896834477777778,0.4133186341666667,0.0145621833333333,0.0063840016666666,0.2942835511111111,0.5574258452644261,0.0,188.0,0.0,7.276,42.5531914893617,6.661399841308594,712.5,5,1.0,0,5416,35
R099C063,渝北区,ORI中,密集城区,居住主导,低质量,稳定,main,0.9001512859,5,0.0619074499999999,0.04672368,0.4414520266666666,0.0003318775,0.8255144766666667,0.5970445010037456,1.6696,528.0,53.31,11.597,65.15151515151516,8.690400123596191,10464.9,1,0.3333333333333333,1,1493,36
R113C051,渝北区,ORI中,密集城区,混合/非居住,低质量,稳定,main,0.8600160185,5,0.01948166,0.0005044925,0.3844095866666666,0.002614975,0.7729008999999999,0.5622681446087815,0.3754,156.0,39.45,15.347,17.94871794871795,7.605500221252441,7263.1,1,0.3333333333333333,1,12560,37
R115C060,渝北区,ORI中,密集城区,居住主导,低质量,基本稳定-局部变化,main,0.865978464,5,0.0006626671428571,0.009687808,0.3642514566666666,0.0,0.98900757,0.317852540758959,0.0436,212.0,55.02,20.653,84.90566037735849,8.800299644470215,700.7,1,0.3333333333333333,1,14505,38
R109C053,渝北区,ORI中,密集城区,居住主导,低质量,稳定,main,0.8983714515,5,0.2635053,0.0849418649999999,0.35148239,0.0017115266666666,0.52605565,0.7136665566391908,0.3782,516.0,59.52,5.496,95.34883720930232,16.399099349975586,6353.6,1,0.3333333333333333,1,14811,39
R104C055,渝北区,ORI中,密集城区,居住主导,低质量,稳定,main,0.7939396636,4,0.0086784366666666,0.001078605,0.3146120733333333,0.000118255,0.6718940766666667,0.5809948916039773,0.072,296.0,22.43,3.793,77.02702702702703,11.706899642944336,1357.9,1,0.3333333333333333,1,1455,40
R104C061,渝北区,ORI中,密集城区,居住主导,低质量,稳定,main,0.8862240812,5,0.2895762149999999,0.0191497816666666,0.2906316116666666,0.0038867,0.6652641283333333,0.5498866403937557,0.9343,404.0,56.99,6.142,75.24752475247524,12.24250030517578,12078.1,2,0.6666666666666666,0,1507,41
R090C059,渝北区,ORI中,密集城区,居住主导,高质量,稳定,main,0.8736317522,5,0.0520808699999999,0.1752280381249999,0.2825425458333333,0.0087951827083333,0.7088041308333334,0.5022684096998539,0.0,444.0,55.15,14.346,76.57657657657657,7.520100116729736,3492.1,4,1.0,0,11854,42
R092C066,渝北区,ORI中,密集城区,居住主导,低质量,稳定,main,0.8722078847,5,0.04137929,0.19471232,0.2670084633333333,3.62375e-05,0.69755681,0.658979171934687,0.1545,344.0,51.9,12.363,52.32558139534884,12.147199630737305,3737.3,1,0.3333333333333333,1,5898,43
R075C085,渝北区,ORI中,密集城区,混合/非居住,低质量,稳定,main,0.8286909317,5,0.14311727,0.3445437758333333,0.04107984,0.03411070375,0.4723002133333334,0.6051532155040069,0.0,48.0,41.8,8.216,8.333333333333332,7.467700004577637,543.2,2,0.6666666666666666,0,17488,44
R092C059,渝北区,ORI中,密集城区,居住主导,高质量,稳定,main,0.8369226662,5,0.1403003277777778,0.2886704333333333,0.1219774866666666,0.0160325366666666,0.5260629652777778,0.6446129113700922,0.0,592.0,42.56,10.237,83.78378378378379,7.696300029754639,2537.5,3,1.0,0,14937,45
R108C051,渝北区,ORI中,密集城区,居住主导,低质量,基本稳定-局部变化,main,0.8567678206,5,0.1347265275,0.2910003666666667,0.10298538,0.004309655,0.608989715,0.6173297706133338,0.3423,204.0,43.38,13.877,96.07843137254902,13.627099990844728,1980.8,1,0.3333333333333333,1,14681,46
R099C082,渝北区,ORI中,一般建成区,混合/非居住,低质量,稳定,main,0.8209041559,5,0.16502571,0.4205697391666666,0.01823616,0.0682449333333333,0.4169979116666666,0.6064936415088471,0.0,32.0,38.28,9.899,12.5,7.144100189208984,729.4,2,0.6666666666666666,0,7414,47
R096C077,渝北区,ORI中,密集城区,混合/非居住,低质量,稳定,main,0.8856011391,5,0.12757619,0.4027760833333333,0.0140139266666666,0.0263430266666666,0.4812507633333333,0.6018745335206556,0.0185,92.0,59.56,7.423,43.47826086956522,13.613900184631348,717.3,1,0.3333333333333333,1,10137,48
R104C099,渝北区,ORI中,一般建成区,混合/非居住,低质量,稳定,main,0.8014149684,5,0.3294773099999999,0.2985026066666666,0.0246760033333333,0.0459585175,0.43138758,0.6396838965190654,0.0,44.0,26.64,5.366,36.36363636363637,13.572500228881836,309.4,1,0.3333333333333333,1,9812,49
R086C057,渝北区,ORI中,一般建成区,混合/非居住,高质量,基本稳定-局部变化,main,0.8252647504,5,0.0995343544444444,0.3491199288888889,0.0840138319444444,0.0125512033333333,0.4117682761111111,0.687977929842328,0.0,56.0,34.26,14.784,28.57142857142857,6.543300151824951,360.6,3,1.0,0,11860,50
R090C058,渝北区,ORI中,密集城区,混合/非居住,高质量,基本稳定-局部变化,main,0.8683367447,5,0.1004382233333333,0.3851235708333333,0.0119836588888888,0.0072249297222222,0.4402648077777777,0.6178189323854607,0.0,60.0,50.78,7.844,6.666666666666667,11.130499839782717,1466.0,3,1.0,0,7682,51
R101C049,渝北区,ORI中,密集城区,居住主导,低质量,稳定,main,0.8883153867,5,0.1675275166666666,0.1715040175,0.0735384633333333,0.002625465,0.5004081733333333,0.7110132722868524,0.0022,268.0,58.46,10.882,89.55223880597015,9.14780044555664,3078.4,1,0.3333333333333333,1,17923,52
R113C064,渝北区,ORI中,密集城区,混合/非居住,低质量,基本稳定-局部变化,main,0.9042894011,5,0.0950533566666666,0.3481597899999999,0.05999247,0.0006914149999999,0.4718341825,0.6372834877373174,0.2092,184.0,68.01,0.0,43.47826086956522,9.07009983062744,3928.3,1,0.3333333333333333,1,10842,53
R107C061,渝北区,ORI中,密集城区,居住主导,低质量,稳定,main,0.9095844086,5,0.2251269016666666,0.10335238875,0.0759213766666666,0.0106096262499999,0.54227066,0.6499397858949074,1.102,468.0,66.54,11.127,88.88888888888889,6.439799785614014,12519.8,2,0.6666666666666666,0,1437,54
R098C097,渝北区,ORI中,密集城区,混合/非居住,低质量,稳定,main,0.8654445137,5,0.0929985066666666,0.39836248,0.0333379133333333,0.01089287,0.4549242666666666,0.6551091890480137,0.5708,104.0,55.15,3.868,0.0,6.343900203704834,330.9,1,0.3333333333333333,1,9821,55
R101C054,渝北区,ORI中,密集城区,混合/非居住,低质量,稳定,main,0.907226128,5,0.17993291,0.26673762,0.14560954,0.0023260125,0.5653127033333333,0.6543986708303372,0.5885,148.0,67.82,1.672,16.216216216216218,6.07390022277832,2688.9,1,0.3333333333333333,1,19234,56
R107C072,渝北区,ORI中,密集城区,混合/非居住,低质量,稳定,main,0.9075820949,5,0.1008822133333333,0.4185892733333333,0.059511185,0.0111033133333333,0.4969952933333333,0.5722750662921997,0.0142,76.0,65.4,13.606,47.368421052631575,15.207500457763672,467.9,1,0.3333333333333333,1,19185,57
R106C058,渝北区,ORI中,密集城区,混合/非居住,低质量,稳定,main,0.8082673311,5,0.1081212366666666,0.3548978166666667,0.1946182233333333,0.00396983,0.5268643666666667,0.6304382897115525,0.352,324.0,28.31,2.964,49.382716049382715,10.049099922180176,2859.8,1,0.3333333333333333,1,12929,58
R084C078,渝北区,ORI中,密集城区,混合/非居住,高质量,稳定,main,0.8974370384,5,0.2953542077777777,0.1968616911111111,0.0685682302777777,0.0009543099999999,0.4889534866666666,0.6100315271007405,0.7924,360.0,62.5,4.09,0.0,5.780099868774414,4634.8,3,1.0,0,20321,59
R106C059,渝北区,ORI中,密集城区,居住主导,低质量,稳定,main,0.9069591528,5,0.2256418866666666,0.3040122966666667,0.0434214266666666,0.0175552375,0.4595959966666667,0.6644462148756137,0.8247,616.0,60.21,8.443,91.55844155844156,5.067599773406982,11821.9,1,0.3333333333333333,1,1423,60
R084C079,渝北区,ORI中,密集城区,混合/非居住,低质量,稳定,main,0.8881374032,5,0.20090866,0.3292160033333333,0.0624809266666666,0.00030136,0.4647013333333333,0.5909768681660518,0.47,356.0,61.33,4.109,6.741573033707865,7.594799995422363,4153.1,1,0.3333333333333333,1,7566,61
R090C073,渝北区,ORI中,密集城区,居住主导,低质量,稳定,main,0.8332740055,5,0.2041581483333333,0.07319498125,0.2266783699999999,0.001858235,0.6311543783333333,0.7013319957467079,0.8404,444.0,40.23,2.046,94.5945945945946,9.746500015258787,9600.6,2,0.6666666666666666,0,18281,62
R121C060,渝北区,ORI中,密集城区,居住主导,低质量,稳定,main,0.8710509923,5,0.4041455599999999,0.10090828,0.1714312233333333,0.0022573475,0.4640846233333333,0.705336160983611,0.9097,316.0,52.6,5.28,56.9620253164557,11.961700439453123,10199.8,1,0.3333333333333333,1,1395,63
R079C082,渝北区,ORI中,密集城区,混合/非居住,低质量,稳定,main,0.8568568123,5,0.22383499,0.2125091566666666,0.2391115833333333,0.0104955033333333,0.5598259,0.7014384796939513,0.089,192.0,45.22,5.254,18.75,8.659199714660645,5300.8,1,0.3333333333333333,1,7643,64
R099C041,渝北区,ORI中,一般建成区,混合/非居住,低质量,稳定,main,0.8549879861,5,0.4212608333333332,0.10875575,0.00275548,0.0075397474999999,0.448211665,0.4850261117593064,0.0,12.0,10.66,1.643,0.0,5.283400058746338,268.0,1,0.3333333333333333,1,8261,65
R104C098,渝北区,ORI中,密集城区,混合/非居住,高质量,稳定,main,0.8894722791,5,0.2089383880555555,0.3174319799999999,0.0214970911111111,0.0520812144444444,0.4513965197222222,0.6339195491443487,1.1067,96.0,60.55,10.804,8.333333333333332,7.229499816894531,1097.6,3,1.0,0,4814,66
R094C057,渝北区,ORI中,密集城区,居住主导,低质量,稳定,main,0.9168372341,5,0.1509413716666666,0.2605031316666666,0.12199529,0.00213479875,0.61141348,0.6771506113799319,0.0,364.0,71.63,15.419,63.73626373626373,4.303299903869629,1342.0,2,0.6666666666666666,0,13398,67
R101C048,渝北区,ORI中,密集城区,居住主导,低质量,稳定,main,0.8436860372,5,0.373228705,0.0780385333333333,0.0491460183333333,0.0255635566666666,0.4200592066666667,0.6574718222009359,0.3317,636.0,39.79,8.355,93.71069182389935,5.729100227355957,11684.3,2,0.6666666666666666,0,8238,68
R107C046,渝北区,ORI中,密集城区,居住主导,低质量,稳定,main,0.8635756875,5,0.1445757566666666,0.23052597,0.15952555,0.0082550066666666,0.3817710833333333,0.7763829253344005,0.0851,92.0,50.74,7.637,86.95652173913044,4.8165998458862305,1146.9,1,0.3333333333333333,1,8244,69
R115C059,渝北区,ORI高,密集城区,混合/非居住,低质量,稳定,main,0.9361929341,5,0.00242901,0.02421697,0.52076467,0.00010109,0.8805948933333333,0.5795672091677418,0.2164,216.0,80.97,14.991,7.4074074074074066,6.153600215911865,3777.7,1,0.3333333333333333,1,10840,70
R098C066,渝北区,ORI高,密集城区,混合/非居住,低质量,稳定,main,0.9323217941,5,0.0549443566666666,0.03920873,0.4867973333333333,0.0003833774999999,0.7386449199999999,0.6338174050054172,1.9421,248.0,77.51,10.229,0.0,5.495699882507324,6801.8,1,0.3333333333333333,1,1505,71
R118C057,渝北区,ORI高,密集城区,居住主导,低质量,稳定,main,0.9541247664,5,0.06905619,0.1389071166666666,0.44216919,0.00105667,0.66653315,0.7058059092953204,1.1616,724.0,88.24,11.307,77.34806629834254,9.776599884033203,12931.3,1,0.3333333333333333,1,15600,72
R109C063,渝北区,ORI高,密集城区,混合/非居住,低质量,稳定,main,0.9760167304,5,0.0008217942857142,0.20931371,0.3871917733333332,0.0,0.6941057833333333,0.5940146613297236,1.2588,312.0,88.58,13.006,30.76923076923077,5.288599967956543,12833.5,1,0.3333333333333333,1,1429,73
R118C052,渝北区,ORI高,密集城区,居住主导,高质量,稳定,main,0.9971522648,5,0.1324702358333333,0.0356202647222222,0.3708578306666666,0.0,0.6827685047222222,0.5909982375608808,1.7098,648.0,94.49,16.713,86.41975308641975,5.222799777984619,23842.9,3,1.0,0,3213,74
R089C067,渝北区,ORI高,密集城区,居住主导,低质量,稳定,main,0.9296075465,5,0.11827723,0.0721028666666666,0.36773936,0.00023365,0.5938695266666666,0.7183322190344423,0.0624,440.0,71.69,10.823,79.0909090909091,9.044500350952148,2013.8,1,0.3333333333333333,1,17773,75
R120C053,渝北区,ORI高,密集城区,居住主导,低质量,稳定,main,0.9894989766,5,0.060010275,0.1343873341666666,0.3285833999999999,0.00933869625,0.7271614083333333,0.6736091083254854,2.0685,828.0,96.69,10.755,94.68599033816425,7.491399765014648,24470.8,2,0.6666666666666666,0,18671,76
R095C067,渝北区,ORI高,密集城区,居住主导,低质量,稳定,main,0.9536798078,5,0.0781364433333333,0.1710942566666666,0.3088544233333333,0.0111227025,0.69185257,0.6469357726468504,0.1161,548.0,84.93,15.837,78.1021897810219,10.926600456237791,503.4,1,0.3333333333333333,1,15195,77
R115C052,渝北区,ORI高,密集城区,居住主导,低质量,稳定,main,0.952967874,5,0.4041735333333333,0.0705426533333333,0.061205865,0.00089836,0.4332656866666666,0.6411568569493257,0.9133,492.0,81.25,10.227,81.30081300813008,5.908899784088135,18339.7,1,0.3333333333333333,1,20582,78
R105C072,渝北区,ORI高,密集城区,混合/非居住,低质量,稳定,main,0.9979976862,5,0.10582352,0.3471109070833333,0.0662535041666666,0.0147525470833333,0.5056940733333334,0.6275546981668767,0.0768,356.0,98.9,23.195,26.96629213483146,15.00220012664795,5915.1,2,0.6666666666666666,0,20389,79
R117C056,渝北区,ORI高,密集城区,居住主导,低质量,稳定,main,0.9741034084,5,0.252492905,0.1666132616666666,0.1213410683333333,0.0014355983333333,0.5194638583333333,0.6727153493787719,1.5711,652.0,93.01,15.284,76.07361963190185,7.554200172424316,14167.3,2,0.6666666666666666,0,8623,80
R103C047,渝北区,ORI高,密集城区,居住主导,低质量,稳定,main,0.9559046009,5,0.2535069783333333,0.2920468633333333,0.0405228913333333,0.031031925,0.4085380220833333,0.7104208760364126,0.0443,212.0,80.28,7.871,54.71698113207547,8.717599868774414,5591.1,2,0.6666666666666666,0,1447,81
R114C046,渝北区,ORI高,密集城区,混合/非居住,低质量,稳定,main,0.9956839014,5,0.20365397,0.3296305333333333,0.04040273,0.0011816025,0.3925641366666666,0.6685731996423004,1.6766,248.0,94.92,10.548,20.967741935483872,8.851699829101562,14592.9,1,0.3333333333333333,1,984,82
R111C046,渝北区,ORI高,密集城区,居住主导,高质量,稳定,main,0.9899439352,5,0.1832703488888888,0.2191658011111111,0.1102943422222222,0.0011601972222222,0.52730306,0.6735244909840427,0.9883,1160.0,94.53,6.755,95.17241379310344,7.647600173950195,18897.3,3,1.0,0,970,83
R108C070,渝北区,ORI高,密集城区,混合/非居住,低质量,基本稳定-局部变化,main,0.9837145146,5,0.0790664325,0.39594841,0.0604391095833333,0.0152740475,0.5336017620833333,0.5838113001030597,0.0575,68.0,93.75,14.615,17.647058823529413,13.46399974822998,1558.4,2,0.6666666666666666,0,19187,84
R105C073,渝北区,ORI高,密集城区,混合/非居住,低质量,稳定,main,0.9896324642,5,0.0147762325,0.4058049533333333,0.09320704,0.0012731574999999,0.5391286233333332,0.5563257676075088,0.0206,428.0,96.88,8.536,13.084112149532707,10.617600440979004,4774.4,1,0.3333333333333333,1,19168,85
R099C070,渝北区,ORI高,密集城区,居住主导,低质量,稳定,main,0.9759722346,5,0.3664919566666667,0.0275383,0.0868059799999999,0.00148201,0.4641666425,0.6022122681544154,1.4253,760.0,86.33,7.287,84.73684210526315,8.523799896240234,16573.3,1,0.3333333333333333,1,17713,86
R082C075,渝北区,ORI高,密集城区,混合/非居住,低质量,稳定,main,0.9464269823,5,0.2573216733333333,0.13684082,0.0823580433333333,3.71925e-05,0.5777727766666666,0.6465598326343976,1.5116,168.0,77.51,15.746,9.523809523809524,8.604499816894531,4919.0,1,0.3333333333333333,1,3248,87
R108C049,渝北区,ORI高,密集城区,混合/非居住,低质量,稳定,main,0.9821126635,5,0.0614725766666666,0.3979822800000001,0.09621938,0.03351784,0.483343125,0.616073281239062,0.684,92.0,94.14,1.704,0.0,7.172999858856201,2400.0,1,0.3333333333333333,1,4550,88
R116C057,渝北区,ORI高,密集城区,混合/非居住,低质量,稳定,main,0.9260923734,5,0.30384318,0.27581787,0.0118376408333333,0.0238952633333333,0.4464950566666666,0.592397040189877,0.2913,352.0,77.51,9.04,37.5,9.131999969482422,4524.0,2,0.6666666666666666,0,7946,89
R106C056,渝北区,ORI高,密集城区,居住主导,低质量,稳定,main,0.9427338258,5,0.10154152,0.22989273,0.1941566483333333,0.0012707712499999,0.5785210916666668,0.7121179575243339,0.4815,484.0,78.2,9.139,52.89256198347107,7.879799842834473,13250.5,2,0.6666666666666666,0,14694,90
R091C073,渝北区,ORI高,密集城区,居住主导,高质量,稳定,main,0.9840704814,5,0.1953383522222222,0.1153399161111111,0.2249423136111111,0.003944715,0.6620012922222221,0.662453191886593,3.2306,936.0,93.01,13.719,79.91452991452992,5.209199905395508,20373.9,3,1.0,0,18279,91
R114C048,渝北区,ORI高,密集城区,居住主导,低质量,稳定,main,0.9322772982,5,0.3719431566666666,0.0635007233333333,0.10211309,0.0,0.4757728566666666,0.644625044551301,0.6716,336.0,75.37,13.104,59.523809523809526,7.148600101470947,12581.6,1,0.3333333333333333,1,21319,92
R094C072,渝北区,ORI高,密集城区,居住主导,高质量,稳定,main,0.9659606657,5,0.3373143925,0.0892601011111111,0.1308104197222222,0.0021336883333333,0.5030119177777778,0.6302717086227295,2.2526,700.0,82.7,6.604,88.57142857142857,9.101400375366213,16659.3,3,1.0,0,8800,93
R122C049,渝北区,ORI高,密集城区,居住主导,高质量,稳定,main,0.9857613242,5,0.2352642477777777,0.10282506,0.1192453177777777,0.0211309847222222,0.5375539988888889,0.6967763478162291,0.7871,540.0,95.96,8.685,92.5925925925926,6.423399925231934,16555.2,3,1.0,0,763,94
R120C057,渝北区,ORI高,密集城区,居住主导,低质量,稳定,main,0.9461155113,5,0.269594195,0.1465314233333333,0.2501691166666667,0.0093336125,0.6071815475,0.6860856193805877,2.711,708.0,85.66,6.652,82.48587570621469,7.228499889373779,17700.5,1,0.3333333333333333,1,2215,95
R103C071,渝北区,ORI高,密集城区,居住主导,高质量,稳定,main,0.9944380173,5,0.2686369147222222,0.1862216533333333,0.11928092,0.0087324766666666,0.4826575363888889,0.6726678255734977,0.7625,468.0,98.62,13.303,66.66666666666666,12.046500205993652,13611.0,3,1.0,0,7601,96
R112C044,渝北区,ORI高,密集城区,居住主导,低质量,稳定,main,0.9506095933,5,0.2779661816666666,0.2070941916666666,0.1244538633333333,0.0029492375,0.5331341429166667,0.6505445229797073,0.8003,900.0,82.7,7.746,94.2222222222222,6.497200012207031,11459.2,2,0.6666666666666666,0,14572,97
R118C061,渝北区,ORI高,密集城区,居住主导,低质量,稳定,main,0.9530123698,5,0.16859229375,0.1502971633333333,0.2635606133333333,0.0015598929166666,0.6508827216666667,0.6433311354303395,3.3597,500.0,85.29,18.427,76.8,7.452499866485596,17229.1,2,0.6666666666666666,0,4535,98
R084C076,渝北区,ORI高,密集城区,混合/非居住,低质量,稳定,main,0.9236006051,5,0.16600418,0.1434686958333333,0.2103673604166666,0.00967009875,0.6086718233333333,0.66383568006722,1.613,272.0,60.55,5.638,2.941176470588235,5.804100036621094,4460.0,2,0.6666666666666666,0,3275,99
R109C058,渝北区,ORI高,密集城区,居住主导,低质量,稳定,main,0.9801993415,5,0.0753774624999999,0.2304814666666666,0.2677536033333333,0.0052375799999999,0.62369029,0.7012501896800029,1.0874,548.0,90.07,26.528,59.12408759124088,3.573199987411499,12274.1,1,0.3333333333333333,1,21007,100
R088C075,渝北区,ORI高,密集城区,居住主导,低质量,稳定,main,0.9577734271,5,0.3065389033333333,0.0953992233333333,0.1917266866666666,0.000104905,0.578644755,0.6399884917708648,1.5864,628.0,87.54,6.728,71.97452229299363,7.036499977111816,11975.5,1,0.3333333333333333,1,3278,101
R097C070,渝北区,ORI高,密集城区,居住主导,高质量,稳定,main,0.9726350449,5,0.2958450308333333,0.0554575125,0.1830781291666666,0.0094402627083333,0.5189920252083334,0.6350717173515017,1.7477,652.0,88.24,6.96,69.32515337423312,7.64739990234375,14098.6,4,1.0,0,3236,102
R107C070,渝北区,ORI高,密集城区,混合/非居住,低质量,稳定,main,0.9987986117,5,0.1254571283333333,0.3181511554166666,0.0475546533333333,0.0092099516666666,0.45530065,0.610933339668533,0.1485,268.0,98.16,8.904,1.4925373134328357,8.50629997253418,6927.2,2,0.6666666666666666,0,20387,103
R152C034,九龙坡区,ORI低,一般建成区,居住主导,低质量,稳定,main,0.538666904,3,0.0539296499999999,0.0001592625,0.6392885833333333,3.624e-05,0.9264307025,0.4384832329142453,0.0,40.0,8.46,4.056,80.0,19.249799728393555,1166.3,1,0.3333333333333333,1,8893,104
R138C032,九龙坡区,ORI低,一般建成区,混合/非居住,低质量,稳定,main,0.4035329714,3,0.0,0.0,0.6122983300000001,0.0,0.890312196,0.4302424117946509,0.0,48.0,0.0,2.044,8.333333333333332,15.480799674987791,435.5,1,0.3333333333333333,1,8324,105
R139C009,九龙坡区,ORI低,密集城区,居住主导,低质量,稳定,main,0.7834831361,4,0.05489604,0.0015538533333333,0.58204397,0.000346185,0.7610645325,0.4870244826470877,0.1456,428.0,21.11,11.459,66.35514018691589,4.073999881744385,1725.3,1,0.3333333333333333,1,787,106
R152C030,九龙坡区,ORI低,一般建成区,居住主导,低质量,稳定,main,0.4183500934,3,0.0255165083333333,1.955041666666667e-05,0.56780815,0.0,0.8820085533333334,0.4506473139646007,0.0,16.0,0.0,4.056,50.0,18.973899841308594,271.5,2,0.6666666666666666,0,8918,107
R152C032,九龙坡区,ORI低,一般建成区,混合/非居住,低质量,基本稳定-局部变化,main,0.6979175937,4,0.0019402491666666,0.0101373979166666,0.5634136183333334,0.000349045,0.9110062883333334,0.4181380793395216,0.0,68.0,13.15,4.472,23.52941176470588,14.818300247192385,349.3,2,0.6666666666666666,0,8916,108
R152C029,九龙坡区,ORI低,一般建成区,居住主导,低质量,稳定,main,0.6054106968,4,8.2015e-05,0.0304756166666666,0.5518557233333333,0.0,0.9009599675,0.4950932530579628,0.0,64.0,0.0,2.838,56.25,14.238200187683104,313.5,1,0.3333333333333333,1,8919,109
R148C026,九龙坡区,ORI低,密集城区,混合/非居住,低质量,稳定,main,0.7836166237,4,0.2189903266666666,0.2061603866666666,0.1051828066666666,0.0033450125,0.46645466625,0.6555945016280447,0.1938,220.0,22.15,4.476,36.36363636363637,11.105299949645996,1034.1,2,0.6666666666666666,0,20957,110
R136C018,九龙坡区,ORI低,一般建成区,居住主导,低质量,基本稳定-局部变化,main,0.7346266797,4,0.4026292166666667,0.1617711383333333,0.0409819283333333,0.0447311399999999,0.4146213533333334,0.655636111414301,0.0,24.0,12.46,4.49,50.0,11.484999656677246,354.9,2,0.6666666666666666,0,6733,111
R145C018,九龙坡区,ORI低,密集城区,混合/非居住,低质量,稳定,main,0.648527187,4,0.40966034,0.23522822,0.0094650279999999,0.0297306628571428,0.1952293379999999,0.6490668629983919,0.0009,220.0,3.46,4.829,32.72727272727273,6.017300128936768,1339.6,1,0.3333333333333333,1,20354,112
R188C024,九龙坡区,ORI低,密集城区,居住主导,低质量,稳定,main,0.547343597,3,0.3066508,0.17919413,0.2299766533333333,0.0026063924999999,0.4842503866666667,0.5908833171554162,0.0,200.0,0.0,0.0,76.0,9.38759994506836,422.5,1,0.3333333333333333,1,12138,113
R147C035,九龙坡区,ORI低,一般建成区,混合/非居住,低质量,稳定,main,0.7667081961,4,0.4847526566666666,0.0663766849999999,0.0550689699999999,0.01257833,0.42619451,0.5510833949003402,0.0154,108.0,24.26,2.417,22.22222222222222,15.938400268554688,1401.2,1,0.3333333333333333,1,12088,114
R132C025,九龙坡区,ORI低,密集城区,混合/非居住,低质量,基本稳定-局部变化,main,0.7461511079,4,0.5505752566666667,0.0249964399999999,0.079200745,0.0584233633333333,0.3316688566666666,0.569380835844964,0.2851,184.0,17.19,4.499,47.82608695652174,2.386899948120117,1788.1,1,0.3333333333333333,1,6826,115
R131C025,九龙坡区,ORI低,一般建成区,居住主导,低质量,稳定,main,0.7532704458,4,0.30157216,0.3710072833333333,0.0815722166666666,0.0148658733333333,0.3109016433333333,0.626019492088552,0.1067,144.0,18.01,2.105,55.55555555555556,2.4200000762939453,1774.5,1,0.3333333333333333,1,16762,116
R167C029,九龙坡区,ORI低,一般建成区,居住主导,低质量,稳定,main,0.2260389784,2,0.30048243,0.4236208566666666,0.037049295,0.0061136866666666,0.3085873966666667,0.5918351271072123,0.0,120.0,0.35,8.063,70.0,14.435500144958496,279.8,1,0.3333333333333333,1,2316,117
R173C009,九龙坡区,ORI低,密集城区,居住主导,低质量,稳定,main,0.5026697517,3,0.47926967,0.035134315,0.1305910766666666,0.0044851325,0.4371299766666667,0.5213751582171602,0.0,184.0,1.38,2.251,71.73913043478261,3.959100008010864,632.9,1,0.3333333333333333,1,18999,118
R172C014,九龙坡区,ORI低,一般建成区,混合/非居住,低质量,稳定,main,0.4017086411,3,0.38339615,0.2177759833333333,0.0340805066666666,0.0151913966666666,0.3971633933333333,0.6054452862077665,0.0,20.0,0.0,2.236,0.0,11.146599769592283,226.4,1,0.3333333333333333,1,19213,119
R150C033,九龙坡区,ORI低,一般建成区,居住主导,低质量,稳定,main,0.09317433479,1,0.6146761566666666,0.0001474999999999,0.0893071466666666,0.0196342466666666,0.3718859333333333,0.4721257350475564,0.0,72.0,0.0,2.029,50.0,16.796300888061523,331.5,1,0.3333333333333333,1,8287,120
R141C011,九龙坡区,ORI低,密集城区,混合/非居住,低质量,基本稳定-局部变化,main,0.2088190798,2,0.5988616966666667,0.1297671,0.06120046,0.0228290574999999,0.3292668666666667,0.4943201936386854,0.0,264.0,0.0,2.45,36.36363636363637,3.444999933242798,716.9,1,0.3333333333333333,1,780,121
R176C016,九龙坡区,ORI低,密集城区,居住主导,低质量,稳定,main,0.7076621874,4,0.2423566133333333,0.3578681933333333,0.0458297725,0.0616855599999999,0.4327519733333333,0.6489147694281183,0.0053,352.0,0.74,1.642,59.09090909090909,3.767299890518189,1301.1,1,0.3333333333333333,1,12136,122
R141C019,九龙坡区,ORI低,一般建成区,居住主导,低质量,稳定,main,0.472612797,3,0.4202206933333333,0.2489547733333333,0.0308125799999999,0.0352770466666666,0.3303998299999999,0.6886899633512439,0.0,36.0,0.0,0.0,66.66666666666666,6.098700046539307,607.6,1,0.3333333333333333,1,6983,123
R158C034,九龙坡区,ORI低,一般建成区,居住主导,低质量,稳定,main,0.7353386135,4,0.0889307666666666,0.3677724199999999,0.0378468833333333,0.0100183475,0.5316441833333333,0.6619591040058647,0.0,124.0,20.22,5.043,77.41935483870968,11.091099739074709,458.8,1,0.3333333333333333,1,12022,124
R152C027,九龙坡区,ORI低,乡村/自然,无/极少建筑,低质量,稳定,main,0.5349737474,3,0.00102043,0.1005544675,0.4043223066666666,9.7275e-05,0.8848705325,0.4929163811224122,0.0,4.0,0.0,2.044,100.0,18.27680015563965,31.0,1,0.3333333333333333,1,8921,125
R156C022,九龙坡区,ORI低,密集城区,居住主导,低质量,稳定,main,0.5727507342,3,0.2166837033333333,0.23548253,0.1505991633333333,0.0139350874999999,0.5382448866666666,0.6504589495941042,0.0618,208.0,0.0,0.0,50.0,5.327199935913086,975.2,1,0.3333333333333333,1,2341,126
R163C028,九龙坡区,ORI低,密集城区,居住主导,低质量,稳定,main,0.4998665124,3,0.0012790157142857,0.0374537857142857,0.45446396,4.850142857142857e-05,0.906130218,0.5328401540102524,0.0,164.0,4.41,3.662,56.09756097560976,16.079999923706055,280.9,1,0.3333333333333333,1,1372,127
R146C016,九龙坡区,ORI低,密集城区,混合/非居住,低质量,稳定,main,0.7822817478,4,0.4953867566666666,0.0275052366666666,0.00401306,0.014170645,0.3248163866666667,0.5567244077751767,0.0,412.0,19.12,6.068,38.83495145631068,4.191800117492676,1488.2,1,0.3333333333333333,1,821,128
R185C026,九龙坡区,ORI低,密集城区,居住主导,低质量,稳定,main,0.3666014061,2,0.563495635,0.2055327116666666,0.0038992558333333,0.05255889875,0.3428522716666667,0.6008961300108979,0.0,176.0,0.0,3.678,61.36363636363637,7.718299865722656,652.9,2,0.6666666666666666,0,12193,129
R152C035,九龙坡区,ORI中,密集城区,混合/非居住,低质量,稳定,main,0.8362107324,5,0.00445048,9.63225e-05,0.5471394833333333,0.0,0.97224299,0.3800733742054972,0.1737,356.0,45.67,5.291,10.112359550561797,10.726400375366213,2683.4,1,0.3333333333333333,1,8894,130
R163C029,九龙坡区,ORI中,密集城区,居住主导,低质量,稳定,main,0.8722968764,5,0.00064659,0.0034217833333333,0.5002784733333333,8.5825e-06,0.9736417166666668,0.3796837290229675,0.0,40.0,56.4,3.261,80.0,12.996500015258787,618.5,1,0.3333333333333333,1,889,131
R132C031,九龙坡区,ORI中,密集城区,混合/非居住,低质量,稳定,main,0.8693156536,5,0.010273935,0.2083168033333333,0.3393694566666665,0.0005226125,0.7481994633333334,0.5908750327411904,0.1589,544.0,46.48,2.057,33.088235294117645,6.14870023727417,1761.8,1,0.3333333333333333,1,21199,132
R152C021,九龙坡区,ORI中,一般建成区,居住主导,高质量,基本稳定-局部变化,main,0.8223280235,5,0.1383234655555555,0.0813564722222222,0.3391571055555556,0.0026066038888888,0.6774516655555556,0.7023539920793281,0.0161,48.0,33.91,18.022,66.66666666666666,5.622399806976318,611.5,3,1.0,0,14610,133
R140C051,九龙坡区,ORI中,密集城区,混合/非居住,低质量,稳定,main,0.8841772715,5,0.12681071,0.0180702199999999,0.3228238433333333,0.0063794466666666,0.80132548,0.6830696265418766,1.0065,572.0,60.9,5.485,49.65034965034965,5.480199813842773,11542.0,1,0.3333333333333333,1,9112,134
R138C047,九龙坡区,ORI中,密集城区,居住主导,低质量,稳定,main,0.8504049123,5,0.0383663175,0.24990177,0.3174295425,0.0001449575,0.648735045,0.6359453102810428,0.2763,224.0,26.1,17.871,82.14285714285714,12.169599533081056,5105.5,1,0.3333333333333333,1,631,135
R133C024,九龙坡区,ORI中,密集城区,混合/非居住,低质量,稳定,main,0.8101361573,5,0.4531847600000001,0.14051946,0.02614212,0.0556297299999999,0.35054906,0.6248276597949364,0.8321,320.0,31.14,8.148,6.25,3.4375,2405.4,1,0.3333333333333333,1,7280,136
R157C038,九龙坡区,ORI中,密集城区,混合/非居住,低质量,稳定,main,0.8963691377,5,0.119764965,0.09790357,0.2213702191666666,0.0180646583333333,0.631364185,0.6987185863544506,0.6467,116.0,63.32,9.685,24.13793103448276,8.949899673461914,4483.4,2,0.6666666666666666,0,8403,137
R162C020,九龙坡区,ORI中,一般建成区,混合/非居住,高质量,稳定,main,0.8205036932,5,0.1691322333333333,0.3219165797222221,0.0596702366666666,0.0083497366666666,0.4943079422222222,0.6048865879482671,0.6696,52.0,35.66,9.662,0.0,4.27810001373291,2594.6,3,1.0,0,7211,138
R149C024,九龙坡区,ORI中,密集城区,混合/非居住,低质量,稳定,main,0.9123431521,5,0.0542221066666666,0.376527785,0.0438855499999999,0.0009737025,0.4884503666666666,0.606700604574275,0.781,168.0,69.9,11.064,9.523809523809524,2.957799911499023,2002.9,1,0.3333333333333333,1,600,139
R140C050,九龙坡区,ORI中,密集城区,居住主导,低质量,稳定,main,0.9148349204,5,0.1463470466666666,0.1794306433333333,0.28476715,0.00735728,0.6534207666666666,0.6834364089766338,1.0527,788.0,72.32,5.723,60.40609137055838,6.36269998550415,12255.6,1,0.3333333333333333,1,8670,140
R143C020,九龙坡区,ORI中,密集城区,混合/非居住,低质量,稳定,main,0.8569235561,5,0.3283818599999999,0.1213595066666666,0.0224151633333333,0.01657772,0.2490361566666666,0.6123051662309614,0.0985,512.0,42.56,3.711,29.6875,2.651099920272827,2751.0,1,0.3333333333333333,1,812,141
R134C014,九龙坡区,ORI中,一般建成区,混合/非居住,低质量,基本稳定-局部变化,main,0.827978998,5,0.1027514133333333,0.3646888733333333,0.0532646175,0.004486085,0.4981832499999999,0.6001738688488346,0.2959,100.0,37.02,15.123,44.0,3.617399930953979,2031.3,1,0.3333333333333333,1,6749,142
R133C026,九龙坡区,ORI中,密集城区,混合/非居住,低质量,稳定,main,0.9058467563,5,0.0808499633333333,0.30419668,0.1841888425,0.01682186,0.626847265,0.641171518769506,1.2313,172.0,66.44,7.479,18.6046511627907,2.39520001411438,1613.2,1,0.3333333333333333,1,6820,143
R133C049,九龙坡区,ORI中,密集城区,居住主导,低质量,稳定,main,0.8858681143,5,0.3096154533333333,0.0573952983333333,0.089621225,0.0020575512499999,0.4508209216666666,0.6571586094922341,1.0667,788.0,56.99,3.83,78.68020304568529,5.096700191497803,17969.3,2,0.6666666666666666,0,2136,144
R158C024,九龙坡区,ORI中,一般建成区,居住主导,高质量,基本稳定-局部变化,main,0.7984782415,4,0.3895778633333333,0.1617991124999999,0.06602637,0.005265076875,0.4179595316666666,0.6117217207140289,0.0063,24.0,7.96,0.806,50.0,10.652799606323242,406.7,4,1.0,0,11059,145
R154C035,九龙坡区,ORI中,密集城区,居住主导,低质量,基本稳定-局部变化,main,0.8075553973,5,0.1698751475,0.3539237966666666,0.18014145,0.0223932274999999,0.61269633,0.6572066816327763,0.3194,408.0,35.99,0.0,50.98039215686274,7.234300136566162,3383.6,1,0.3333333333333333,1,6380,146
R130C025,九龙坡区,ORI中,密集城区,混合/非居住,低质量,基本稳定-局部变化,main,0.9140339948,5,0.2176907833333333,0.3298110966666667,0.0780703233333333,0.0145734133333333,0.3983116166666667,0.7003099951243148,0.9851,376.0,70.22,1.31,43.61702127659575,2.704400062561035,2052.9,1,0.3333333333333333,1,6631,147
R135C014,九龙坡区,ORI中,密集城区,居住主导,高质量,稳定,main,0.7998576132,4,0.132208505,0.2677135475,0.1340545025,0.0036413660416666,0.5808018064583333,0.6390000681095603,0.3267,172.0,28.31,14.293,81.3953488372093,3.10509991645813,3015.9,4,1.0,0,15855,148
R142C030,九龙坡区,ORI中,密集城区,混合/非居住,低质量,稳定,main,0.8671798523,5,0.3050587966666666,0.1735229499999999,0.1277313233333333,0.0134983075,0.46706136,0.6861577131332154,0.3019,324.0,53.63,2.865,33.33333333333333,9.39799976348877,1338.9,1,0.3333333333333333,1,8362,149
R138C024,九龙坡区,ORI中,密集城区,混合/非居住,低质量,稳定,main,0.9105633176,5,0.21288808,0.2616208383333333,0.0325123483333333,0.0010430008333333,0.4764010116666666,0.6193219878605567,0.7654,380.0,61.4,6.926,0.0,2.0676000118255615,5441.0,2,0.6666666666666666,0,17187,150
R155C036,九龙坡区,ORI中,密集城区,混合/非居住,低质量,稳定,main,0.8944113197,5,0.2962762504166666,0.1500422183333333,0.0801811216666666,0.0022118883333333,0.49939839,0.619901911356846,0.2854,584.0,65.74,6.595,42.465753424657535,5.880199909210205,7319.1,2,0.6666666666666666,0,8317,151
R136C014,九龙坡区,ORI中,密集城区,混合/非居住,高质量,基本稳定-局部变化,main,0.900774228,5,0.1514769385416666,0.2588898347916666,0.1451897627083333,0.0073364564583333,0.6018226158333334,0.6225560767513847,0.6382,272.0,62.98,12.946,39.705882352941174,4.093400001525879,3383.1,4,1.0,0,6751,152
R151C036,九龙坡区,ORI中,密集城区,混合/非居住,低质量,稳定,main,0.8598380351,5,0.1391576133333333,0.3402137733333333,0.08056132,0.0117365499999999,0.43486786,0.6894234096904137,1.0199,520.0,53.63,2.057,28.46153846153846,5.003200054168701,6229.7,1,0.3333333333333333,1,6389,153
R161C018,九龙坡区,ORI中,密集城区,混合/非居住,低质量,稳定,main,0.8755895702,5,0.3204027833333333,0.25589752,0.0879096975,0.0038681049999999,0.4150428766666666,0.6419000802737965,1.0444,88.0,52.25,12.213,4.545454545454546,12.063899993896484,2291.1,1,0.3333333333333333,1,18878,154
R145C036,九龙坡区,ORI中,密集城区,混合/非居住,低质量,稳定,main,0.8532303996,5,0.14482244,0.1666603066666666,0.2795168566666666,0.0037727366666666,0.6409352633333333,0.6862212222972384,0.4148,608.0,47.4,2.417,30.92105263157895,11.146900177001951,4170.1,1,0.3333333333333333,1,12081,155
R143C056,九龙坡区,ORI高,密集城区,混合/非居住,低质量,稳定,main,0.9237785886,5,0.0035057075,0.00059255,0.5878381724999999,0.0005636225,0.9649607366666664,0.4364149231049664,0.8938,1028.0,71.97,11.09,44.3579766536965,9.050399780273438,11590.7,1,0.3333333333333333,1,566,156
R132C049,九龙坡区,ORI高,密集城区,居住主导,低质量,稳定,main,0.9810892587,5,0.2807833366666666,0.0662206033333333,0.4449284866666667,3.052e-05,0.5779012033333334,0.6217538974914515,1.2882,840.0,86.72,8.704,80.95238095238095,5.252200126647949,20859.5,1,0.3333333333333333,1,2138,157
R140C049,九龙坡区,ORI高,密集城区,居住主导,低质量,稳定,main,0.9489187506,5,0.0291239433333333,0.0413831066666666,0.4363733933333333,0.0,0.8668492633333335,0.6242687852277925,1.6788,584.0,83.82,19.204,84.93150684931507,7.999599933624268,17206.9,1,0.3333333333333333,1,564,158
R137C051,九龙坡区,ORI高,密集城区,居住主导,低质量,稳定,main,0.980021358,5,0.0058021533333333,0.17046229,0.3929379799999999,2.28875e-05,0.8337580400000001,0.5499153608453975,1.3452,1096.0,96.19,6.262,89.78102189781022,6.057400226593018,22940.4,1,0.3333333333333333,1,8428,159
R143C024,九龙坡区,ORI高,密集城区,居住主导,高质量,稳定,main,0.9886090594,5,0.1097164152083333,0.13661162,0.3908421199999999,0.0032685604166666,0.7301269393750001,0.600231657952114,1.5606,1164.0,98.96,5.283,71.47766323024055,3.11680006980896,13852.0,4,1.0,0,6976,160
R137C052,九龙坡区,ORI高,密集城区,居住主导,低质量,稳定,main,0.9558156091,5,0.054612635,0.0236193333333333,0.3829778033333333,0.0017859133333333,0.7465907745833333,0.5690018196526577,1.8284,828.0,86.76,7.888,75.36231884057972,5.382699966430664,23115.2,2,0.6666666666666666,0,18267,161
R143C037,九龙坡区,ORI高,密集城区,混合/非居住,低质量,稳定,main,0.9746818546,5,0.19532903,0.2697385183333333,0.1237456008333333,0.0118713374999999,0.5717633566666667,0.6659130659034493,0.9204,760.0,88.24,6.606,39.473684210526315,4.839700222015381,11162.7,2,0.6666666666666666,0,20016,162
R153C040,九龙坡区,ORI高,密集城区,居住主导,低质量,稳定,main,0.971967607,5,0.3569793666666667,0.1486434966666666,0.0571543366666666,0.00256729,0.4379603066666666,0.665931113899515,1.3795,588.0,83.2,13.141,85.71428571428571,6.380899906158447,8240.3,1,0.3333333333333333,1,8332,163
R139C041,九龙坡区,ORI高,密集城区,居住主导,高质量,稳定,main,0.9955059179,5,0.2261318622222222,0.1854811777777777,0.1296021136111111,0.0070533752777777,0.4902284411111111,0.6944280283152781,1.2307,488.0,99.31,14.463,92.62295081967213,4.097499847412109,15923.3,3,1.0,0,12214,164
R139C049,九龙坡区,ORI高,密集城区,居住主导,低质量,稳定,main,0.9522559402,5,0.0903695433333333,0.1405086525,0.3356393166666667,0.0031452175,0.6869951866666666,0.6426531710418546,1.6006,776.0,83.82,11.12,93.81443298969072,8.847100257873535,17887.1,2,0.6666666666666666,0,17617,165
R135C052,九龙坡区,ORI高,密集城区,居住主导,低质量,稳定,main,0.9767731601,5,0.15590413,0.15842819,0.2004000333333333,0.0122083,0.6305173233333333,0.665229781637944,1.7315,1140.0,93.36,7.271,100.0,5.252699851989746,19702.9,1,0.3333333333333333,1,9406,166
R136C047,九龙坡区,ORI高,密集城区,居住主导,低质量,稳定,main,0.9945715049,5,0.1807564091666666,0.1418142325,0.3033758816666666,0.00453758125,0.6540317566666667,0.6418468282291214,1.4122,960.0,98.27,8.975,88.75,6.455399990081787,19519.9,2,0.6666666666666666,0,2057,167
R140C044,九龙坡区,ORI高,密集城区,混合/非居住,低质量,稳定,main,0.9447361395,5,0.1469955433333333,0.2351824433333333,0.0693168633333333,0.00203228,0.4642448399999999,0.690782863338461,0.713,500.0,80.97,10.931,19.2,6.247399806976318,14290.5,1,0.3333333333333333,1,8677,168
R151C038,九龙坡区,ORI高,密集城区,居住主导,低质量,稳定,main,0.9389071816,5,0.1902872708333333,0.2042814899999999,0.1720466616666666,0.01816463375,0.5833169620833333,0.6425422963816991,0.9407,436.0,81.31,10.136,55.04587155963303,4.532700061798096,11878.8,2,0.6666666666666666,0,17472,169
R148C037,九龙坡区,ORI高,密集城区,居住主导,低质量,稳定,main,0.9421553795,5,0.180089315,0.3226935066666666,0.1223367049999999,0.0124855037499999,0.5098419166666667,0.6501144545796912,0.5108,544.0,83.82,6.75,78.67647058823529,3.873199939727783,7362.8,2,0.6666666666666666,0,17477,170
R134C054,九龙坡区,ORI高,密集城区,居住主导,高质量,稳定,main,0.9763726973,5,0.1783469522222222,0.1180021477777777,0.1867069677777777,0.0120917425,0.6449000066666667,0.6634516068713641,0.996,508.0,87.54,15.829,100.0,12.600500106811523,20220.4,5,1.0,0,2424,171
R152C038,九龙坡区,ORI高,密集城区,居住主导,高质量,稳定,main,0.9559935926,5,0.1445714113888888,0.2169443766666667,0.1878984255555555,0.0079278938888888,0.5674137555555555,0.6739866554387525,0.762,696.0,86.16,17.758,98.85057471264368,4.329500198364258,10521.7,3,1.0,0,20651,172
R161C019,九龙坡区,ORI高,密集城区,混合/非居住,低质量,稳定,main,0.9725460532,5,0.1382675183333333,0.301386835,0.0523912108333333,0.00222380875,0.4691136683333333,0.6074652666710039,2.1386,160.0,88.97,14.446,0.0,3.739500045776367,5090.7,2,0.6666666666666666,0,18879,173
R138C053,九龙坡区,ORI高,密集城区,居住主导,低质量,稳定,main,0.989365489,5,0.1173477183333333,0.1617978416666666,0.2659111033333333,0.01139831375,0.613012315,0.7178918354796993,1.976,808.0,97.06,6.276,65.84158415841584,5.9369001388549805,17087.4,2,0.6666666666666666,0,8444,174
R142C037,九龙坡区,ORI高,密集城区,居住主导,低质量,稳定,main,0.9822461511,5,0.1182429033333333,0.06920751,0.2080014533333333,0.0020742424999999,0.55582809,0.6821642318106073,0.9906,480.0,93.01,9.188,60.83333333333333,4.420100212097168,7465.4,1,0.3333333333333333,1,12016,175
R136C054,九龙坡区,ORI高,密集城区,居住主导,低质量,稳定,main,0.9858948118,5,0.2802670766666666,0.0611496,0.2533887233333333,0.0160764033333333,0.5961697899999999,0.7327328782686372,0.9952,424.0,91.35,19.58,100.0,8.07349967956543,18109.1,1,0.3333333333333333,1,14386,176
R139C022,九龙坡区,ORI高,密集城区,混合/非居住,低质量,稳定,main,0.9248464893,5,0.4117406199999999,0.0867220566666666,0.13796361,0.01316166,0.5331293733333334,0.6479046658748128,1.7341,500.0,72.43,5.715,4.8,2.7932000160217285,4363.9,1,0.3333333333333333,1,6849,177
R144C038,九龙坡区,ORI高,密集城区,居住主导,低质量,稳定,main,0.9563940554,5,0.1288312266666666,0.34346962,0.0581293125,0.00373745,0.5020853666666666,0.628203813659531,0.5013,320.0,74.63,8.019,55.00000000000001,6.009799957275391,10492.5,1,0.3333333333333333,1,8328,178
R132C045,九龙坡区,ORI高,密集城区,居住主导,低质量,稳定,main,0.9938150752,5,0.1636263533333333,0.11790975,0.3258959466666667,0.00052897,0.7278811166666667,0.6258923708123434,1.2732,1016.0,96.69,5.63,87.79527559055119,4.967700004577637,15455.6,1,0.3333333333333333,1,18588,179
R131C047,九龙坡区,ORI高,密集城区,居住主导,低质量,稳定,main,0.9818456884,5,0.1359453225,0.22830391,0.13670858,0.000141145,0.6199607874999999,0.6293683889317064,1.9863,624.0,91.35,5.626,96.7948717948718,8.748000144958496,13554.1,1,0.3333333333333333,1,18591,180
R117C030,沙坪坝区,ORI低,乡村/自然,无/极少建筑,低质量,稳定,main,0.4139005073,3,0.0,0.00031662,0.6150739999999999,0.0,0.9935925833333334,0.3718732429850391,0.0,0.0,0.0,3.659,,17.103599548339844,145.7,2,0.6666666666666666,0,6007,181
R117C034,沙坪坝区,ORI低,密集城区,居住主导,低质量,稳定,main,0.7514016196,4,0.003001215,0.000445365,0.59014988,0.0021419525,0.9786008233333332,0.3762659492566539,0.0,272.0,10.94,4.066,60.29411764705882,10.374500274658203,1997.7,1,0.3333333333333333,1,5995,182
R117C031,沙坪坝区,ORI低,密集城区,居住主导,低质量,稳定,main,0.6273471567,4,3.004125e-05,0.00747966875,0.5860633850000001,0.0,0.99206542875,0.3551097881877675,0.0,232.0,1.56,4.066,63.793103448275865,9.398200035095217,1589.0,2,0.6666666666666666,0,11528,183
R117C029,沙坪坝区,ORI低,一般建成区,居住主导,低质量,稳定,main,0.401419418,3,0.0006923674999999,0.0027820266666666,0.5814126333333334,4.053125e-05,0.9963792166666666,0.3511546818036248,0.0,48.0,0.0,3.659,75.0,16.01259994506836,902.1,2,0.6666666666666666,0,6006,184
R117C035,沙坪坝区,ORI低,乡村/自然,无/极少建筑,低质量,稳定,main,0.4558823529,3,0.0028929725,0.0096475279166666,0.5671458241666667,3.05175e-05,0.9860801683333332,0.3646082928148296,0.0,0.0,0.0,4.066,,21.220399856567383,0.0,2,0.6666666666666666,0,6012,185
R092C029,沙坪坝区,ORI低,一般建成区,居住主导,低质量,基本稳定-局部变化,main,0.6842573641,4,0.18987783,0.2826347366666666,0.0887095133333333,0.0143070225,0.4214515666666666,0.674480274564321,0.0,132.0,5.19,3.248,51.51515151515152,7.524700164794922,516.2,1,0.3333333333333333,1,6229,186
R115C033,沙坪坝区,ORI低,密集城区,居住主导,低质量,稳定,main,0.7494438017,4,0.5697660425,0.1090291333333333,0.0024986266666666,0.08275604,0.3644205733333334,0.5611396784404715,0.0387,336.0,16.26,2.407,59.523809523809526,6.539599895477295,2720.6,1,0.3333333333333333,1,4853,187
R111C034,沙坪坝区,ORI低,一般建成区,居住主导,低质量,稳定,main,0.7080181543,4,0.25953547,0.2190144866666666,0.1876576733333333,0.0875015266666666,0.4802652999999999,0.7349533821967803,0.0301,136.0,10.55,1.223,67.64705882352942,11.755999565124512,919.8,1,0.3333333333333333,1,10860,188
R088C029,沙坪坝区,ORI低,密集城区,居住主导,低质量,稳定,main,0.4811337546,3,0.15486781,0.3240331,0.03203964,0.01650747,0.4140078199999999,0.6099892111152603,0.0,156.0,0.0,2.856,69.23076923076923,5.305300235748291,738.7,1,0.3333333333333333,1,7306,189
R094C024,沙坪坝区,ORI低,一般建成区,居住主导,低质量,稳定,main,0.4380172644,3,0.4388135266666667,0.2561531066666666,0.045075228,0.0352249157142857,0.2556737266666666,0.6760589763905168,0.0,108.0,0.0,0.0,66.66666666666666,5.268799781799316,621.8,1,0.3333333333333333,1,6224,190
R094C019,沙坪坝区,ORI低,一般建成区,居住主导,低质量,稳定,main,0.5307466406,3,0.3049761466666666,0.3315404233333333,0.0018666566666666,0.0284080499999999,0.3585446666666667,0.5883229581822702,0.0,100.0,0.74,2.459,64.0,4.927700042724609,488.3,1,0.3333333333333333,1,9330,191
R092C027,沙坪坝区,ORI低,密集城区,居住主导,低质量,基本稳定-局部变化,main,0.7777876657,4,0.32652537,0.3157450366666667,0.0109608933333333,0.0271492,0.3528099033333333,0.5963173555520548,0.1986,388.0,23.18,0.407,91.75257731958764,4.095399856567383,2425.5,1,0.3333333333333333,1,6110,192
R101C032,沙坪坝区,ORI低,一般建成区,居住主导,低质量,基本稳定-局部变化,main,0.3558779034,2,0.1846427899999999,0.2372957866666666,0.0356725033333333,0.030950545,0.3961168933333334,0.6161356550160089,0.0,92.0,0.35,1.65,56.52173913043478,10.758299827575684,512.3,1,0.3333333333333333,1,4480,193
R113C034,沙坪坝区,ORI低,密集城区,居住主导,低质量,稳定,main,0.5614487853,3,0.4248809833333333,0.0385131833333333,0.0318985,0.0436058066666666,0.4860928866666666,0.5830813481871012,0.0,168.0,5.51,1.63,59.523809523809526,10.739800453186035,929.8,1,0.3333333333333333,1,10858,194
R137C035,沙坪坝区,ORI低,密集城区,混合/非居住,低质量,稳定,main,0.688795942,4,0.4296493516666667,0.162356695,0.06638574625,0.0101949375,0.3094164533333333,0.6113881871794864,0.178,156.0,8.65,10.401,20.51282051282051,15.722200393676758,1818.7,2,0.6666666666666666,0,20001,195
R131C009,沙坪坝区,ORI低,密集城区,居住主导,低质量,基本稳定-局部变化,main,0.6198718519,4,0.0965766933333333,0.4743817633333334,0.00533104,0.0204181675,0.4634348533333333,0.4841424151440219,0.0016,216.0,2.77,4.04,57.407407407407405,2.9862000942230225,1396.0,1,0.3333333333333333,1,16535,196
R094C033,沙坪坝区,ORI低,一般建成区,混合/非居住,低质量,稳定,main,0.7303105811,4,0.3389371233333333,0.3227882366666667,0.00837199,0.03582128,0.3318303466666666,0.5985283918636349,0.0,12.0,11.42,1.606,33.33333333333333,11.842300415039062,269.8,1,0.3333333333333333,1,4473,197
R094C034,沙坪坝区,ORI低,一般建成区,混合/非居住,低质量,稳定,main,0.5937082851,3,0.1446475975,0.3593241366666667,0.0819066333333333,0.0141448966666666,0.4338912933333333,0.6741017185126778,0.0,148.0,0.0,0.0,27.027027027027028,8.545499801635742,287.3,1,0.3333333333333333,1,12650,198
R130C030,沙坪坝区,ORI低,密集城区,混合/非居住,低质量,稳定,main,0.7882886892,4,0.13196182,0.2741063466666666,0.2051734933333333,0.0141855866666666,0.5188255333333333,0.7098825590590637,0.1137,432.0,25.61,0.0,11.11111111111111,15.15429973602295,1451.8,1,0.3333333333333333,1,15867,199
R118C014,沙坪坝区,ORI低,一般建成区,混合/非居住,低质量,基本稳定-局部变化,main,0.7520690576,4,0.2207489,0.2465718566666666,0.0509618099999999,0.0058412525,0.47609329,0.6662223805030949,0.1912,104.0,16.26,9.286,23.076923076923077,2.737600088119507,2027.1,1,0.3333333333333333,1,1272,200
R090C019,沙坪坝区,ORI低,密集城区,居住主导,低质量,稳定,main,0.3198807511,2,0.1720587416666666,0.417245865,0.1442174904166666,0.0687340095833333,0.41532771,0.6630246637104181,0.0,352.0,1.56,0.0,68.18181818181817,5.580999851226807,732.3,2,0.6666666666666666,0,17436,201
R091C027,沙坪坝区,ORI中,密集城区,居住主导,低质量,稳定,main,0.8329180386,5,0.0097284325,0.02437846,0.6403185499999999,0.0017242425,0.9053649866666666,0.4214834099085766,0.1133,576.0,40.14,0.0,77.77777777777779,3.9853999614715576,3949.3,1,0.3333333333333333,1,6208,202
R120C024,沙坪坝区,ORI中,密集城区,居住主导,低质量,稳定,main,0.8918305598,5,0.02977244,0.3050766,0.3708063766666667,0.0056200024999999,0.6265309666666666,0.6253505942402966,0.5199,216.0,58.82,9.754,70.37037037037037,4.786099910736084,3155.4,1,0.3333333333333333,1,18819,203
R131C031,沙坪坝区,ORI中,密集城区,混合/非居住,低质量,稳定,main,0.9122541604,5,0.0120226533333333,0.1273136125,0.33430354,0.0005769725,0.8168134725,0.5805494209596423,0.2726,800.0,67.28,1.234,23.0,5.936100006103516,2407.0,1,0.3333333333333333,1,6637,204
R106C041,沙坪坝区,ORI中,密集城区,混合/非居住,低质量,稳定,main,0.8193912966,5,0.1929219499999999,0.2193336466666666,0.3221028633333333,0.0205548566666666,0.5781796733333334,0.7110001164051803,0.2563,424.0,33.22,0.0,39.62264150943396,8.103400230407715,6983.3,1,0.3333333333333333,1,12638,205
R119C012,沙坪坝区,ORI中,密集城区,居住主导,低质量,稳定,main,0.8912521136,5,0.037852605,0.2319539366666666,0.3093961083333333,0.0110177991666666,0.6386508916666667,0.6298294727461554,0.444,204.0,58.48,10.501,76.47058823529412,3.283400058746338,6511.9,2,0.6666666666666666,0,11474,206
R129C044,沙坪坝区,ORI中,密集城区,居住主导,低质量,稳定,main,0.8536531103,5,0.3019663466666666,0.13220215,0.2476094566666666,0.0105921433333333,0.6835479733333334,0.6924949433876363,0.7459,1052.0,45.59,5.784,80.6083650190114,18.213600158691406,12553.6,1,0.3333333333333333,1,2033,207
R139C033,沙坪坝区,ORI中,密集城区,居住主导,低质量,稳定,main,0.8573017709,5,0.3277384466666667,0.0275026966666666,0.14112091,0.0019874575,0.53317388,0.6575562659245268,0.1275,548.0,42.91,1.217,54.01459854014598,14.739100456237791,2704.0,1,0.3333333333333333,1,8277,208
R096C027,沙坪坝区,ORI中,密集城区,居住主导,低质量,稳定,main,0.9153688707,5,0.0464935333333333,0.2623875933333333,0.2090568525,0.0143381766666666,0.63722229,0.6382578211035329,0.1723,200.0,63.97,3.229,96.0,4.339799880981445,5694.1,1,0.3333333333333333,1,6113,209
R114C020,沙坪坝区,ORI中,密集城区,居住主导,低质量,基本稳定-局部变化,main,0.8418617069,5,0.0722554566666666,0.2195103966666667,0.2871335333333333,0.0072574625,0.67203522,0.6562354546783115,0.2058,244.0,44.49,8.031,83.60655737704919,2.8169000148773193,2831.6,2,0.6666666666666666,0,6966,210
R106C027,沙坪坝区,ORI中,密集城区,混合/非居住,低质量,基本稳定-局部变化,main,0.8356767821,5,0.02678553,0.476148605,0.0721346533333333,0.0136022575,0.4808959933333334,0.5934039928116185,0.6361,84.0,43.25,8.677,0.0,3.5257999897003174,548.5,1,0.3333333333333333,1,17452,211
R115C019,沙坪坝区,ORI中,密集城区,混合/非居住,低质量,稳定,main,0.8439085165,5,0.3901011133333333,0.1050802866666666,0.0547165870833333,0.0103295616666666,0.4169483183333333,0.6421162277868391,0.6665,304.0,46.69,7.64,19.73684210526316,2.4788999557495117,6351.6,2,0.6666666666666666,0,11464,212
R124C039,沙坪坝区,ORI中,密集城区,居住主导,低质量,稳定,main,0.9150129038,5,0.1339912383333333,0.1630910216666666,0.2326100666666666,0.01503372,0.6550439216666667,0.7054578603749585,1.1997,1036.0,70.24,7.171,83.01158301158301,7.758999824523926,15167.4,2,0.6666666666666666,0,8408,213
R136C037,沙坪坝区,ORI中,密集城区,混合/非居住,低质量,稳定,main,0.8945893032,5,0.2998504666666666,0.1838976533333333,0.1125068666666666,0.0049095166666666,0.4304656975,0.6922483597387611,0.9335,516.0,56.25,2.002,31.782945736434108,8.615400314331055,10790.5,1,0.3333333333333333,1,2078,214
R119C023,沙坪坝区,ORI中,密集城区,混合/非居住,低质量,基本稳定-局部变化,main,0.8998398149,5,0.4012374866666667,0.20276896,0.0444895433333333,8.297e-05,0.4730205524999999,0.5853525946566848,0.7057,160.0,61.59,8.3,35.0,8.013699531555176,2454.0,1,0.3333333333333333,1,21197,215
R116C009,沙坪坝区,ORI中,密集城区,混合/非居住,低质量,稳定,main,0.8710954881,5,0.3542792016666667,0.0339717883333333,0.10647583,0.0018954275,0.5419521350000001,0.596946114395261,0.9919,640.0,50.52,4.642,33.75,4.8607001304626465,10980.7,2,0.6666666666666666,0,14877,216
R128C034,沙坪坝区,ORI中,密集城区,居住主导,低质量,稳定,main,0.8403488476,5,0.3042729666666666,0.1504631049999999,0.06309255,0.002607345,0.4365921033333333,0.5797284375111004,0.0928,592.0,43.01,3.626,68.24324324324324,6.609899997711182,6250.3,1,0.3333333333333333,1,18850,217
R116C037,沙坪坝区,ORI中,密集城区,居住主导,低质量,稳定,main,0.8071549346,5,0.6407229133333332,0.0145085666666666,0.0434465425,0.0075101875,0.2995767625,0.5143419121150951,0.9362,528.0,33.09,0.0,87.87878787878788,12.60200023651123,5067.6,1,0.3333333333333333,1,12634,218
R117C010,沙坪坝区,ORI中,密集城区,混合/非居住,低质量,稳定,main,0.8316276586,5,0.3579626058333333,0.0992838533333333,0.1398727074999999,0.0289487833333333,0.5633602133333333,0.6481370986178273,0.4749,292.0,37.89,4.164,10.95890410958904,5.077600002288818,3671.4,2,0.6666666666666666,0,11469,219
R108C025,沙坪坝区,ORI中,一般建成区,混合/非居住,低质量,基本稳定-局部变化,main,0.8018154312,5,0.1302231170833333,0.3038578016666667,0.1487984654166667,0.0113706595833333,0.5617071766666667,0.6154186224145926,0.4672,16.0,32.81,15.543,0.0,3.318700075149536,628.2,2,0.6666666666666666,0,6137,220
R116C040,沙坪坝区,ORI中,密集城区,居住主导,低质量,稳定,main,0.8854231556,5,0.5822703033333333,0.02418232,0.0322977699999999,0.0247650166666666,0.3968454999999999,0.5126352674315799,0.7495,792.0,55.88,2.643,85.35353535353535,5.773799896240234,9967.7,1,0.3333333333333333,1,12328,221
R090C028,沙坪坝区,ORI中,密集城区,居住主导,低质量,基本稳定-局部变化,main,0.8039512325,5,0.5450197866666667,0.0300922424999999,0.0212383275,0.001104355,0.4145189933333333,0.4348659926492713,0.0,336.0,28.91,4.068,70.23809523809523,3.0401999950408936,3615.9,1,0.3333333333333333,1,6108,222
R127C041,沙坪坝区,ORI高,密集城区,居住主导,低质量,稳定,main,0.9219542583,5,0.0103006349999999,0.0195757566666666,0.4866981533333334,0.0012693399999999,0.8942298933333334,0.500529760874658,1.218,1032.0,72.66,4.797,74.8062015503876,5.382599830627441,16692.3,1,0.3333333333333333,1,14158,223
R140C034,沙坪坝区,ORI高,密集城区,混合/非居住,低质量,稳定,main,0.9804663166,5,0.0066251775,0.1347745266666666,0.48500824,0.0021533974999999,0.7947133366666668,0.6035242277574513,0.4501,980.0,90.44,0.0,9.387755102040815,5.400199890136719,3624.8,1,0.3333333333333333,1,12236,224
R127C045,沙坪坝区,ORI高,密集城区,居住主导,低质量,稳定,main,0.9915012904,5,0.01237615,0.1735471066666666,0.4136377966666666,0.0022192,0.7784283933333332,0.6130471325284681,1.067,564.0,80.28,16.027,82.26950354609929,9.302900314331056,17435.6,1,0.3333333333333333,1,934,225
R116C022,沙坪坝区,ORI高,密集城区,居住主导,低质量,稳定,main,0.9778410608,5,0.0069084175,0.1143697133333333,0.40841802,0.0033264174999999,0.79715983,0.6035649169508194,0.3775,360.0,94.85,14.48,96.66666666666669,3.966300010681152,4294.8,1,0.3333333333333333,1,7317,226
R131C040,沙坪坝区,ORI高,密集城区,居住主导,低质量,稳定,main,0.9813562339,5,0.24287923,0.0863418599999999,0.37935384,0.0012350075,0.70923487,0.6540783491633292,1.3482,1008.0,93.01,8.576,97.61904761904762,5.479499816894531,24315.6,1,0.3333333333333333,1,9083,227
R131C042,沙坪坝区,ORI高,密集城区,居住主导,低质量,稳定,main,0.9914122987,5,0.136050225,0.20889791,0.26109187,0.002017975,0.51186371,0.74970892613084,1.3781,512.0,98.27,5.973,84.375,9.099499702453612,21242.4,1,0.3333333333333333,1,2224,228
R127C039,沙坪坝区,ORI高,密集城区,居住主导,低质量,稳定,main,0.9743258877,5,0.0714473716666666,0.2004775999999999,0.2148596466666666,0.0031491920833333,0.54287656,0.7256369437354477,1.1115,820.0,90.31,8.405,91.21951219512196,6.402699947357178,19449.7,2,0.6666666666666666,0,8441,229
R119C010,沙坪坝区,ORI高,密集城区,混合/非居住,低质量,稳定,main,0.9462489988,5,0.081520555,0.3071899416666667,0.3049742366666667,0.00010681125,0.6553554516666666,0.6009571200575046,0.7894,448.0,77.94,3.277,6.25,3.8666000366210938,7679.1,2,0.6666666666666666,0,6607,230
R132C041,沙坪坝区,ORI高,密集城区,居住主导,低质量,稳定,main,0.9912788111,5,0.21284485,0.1172836629166666,0.2257949495833333,0.00108003625,0.6166075054166666,0.6132528617603452,1.1039,864.0,98.16,10.485,89.35185185185185,4.9918999671936035,22040.7,2,0.6666666666666666,0,8945,231
R114C016,沙坪坝区,ORI高,密集城区,混合/非居住,低质量,稳定,main,0.9523004361,5,0.2716255174999999,0.2687060033333333,0.0346209233333333,0.0010051725,0.4802875525,0.6227814972758823,0.9027,316.0,83.98,2.886,35.44303797468354,2.5876998901367188,13251.0,1,0.3333333333333333,1,1696,232
R110C026,沙坪坝区,ORI高,密集城区,混合/非居住,低质量,稳定,main,0.9614220877,5,0.0951296479166666,0.3857121475,0.0463085183333333,0.00236129625,0.4985465983333332,0.5359889545886265,0.0549,124.0,89.27,1.208,16.129032258064516,2.194200038909912,7942.3,2,0.6666666666666666,0,11442,233
R116C038,沙坪坝区,ORI高,密集城区,居住主导,低质量,稳定,main,0.9337456617,5,0.0683403,0.32094574,0.13524119,0.000591275,0.5764719633333334,0.5913458342378567,0.8237,600.0,77.85,6.455,86.0,7.3684000968933105,14727.7,1,0.3333333333333333,1,7953,234
R113C014,沙坪坝区,ORI高,密集城区,混合/非居住,低质量,稳定,main,0.9527453947,5,0.3989944466666666,0.2192077666666666,0.03444926,0.0046424875,0.4608383175,0.574020213595921,0.3891,240.0,80.97,1.208,43.333333333333336,5.296800136566162,5815.5,1,0.3333333333333333,1,5784,235
R141C037,沙坪坝区,ORI高,密集城区,混合/非居住,低质量,稳定,main,0.974236896,5,0.00688839,0.2871424333333334,0.2180620833333333,2.575e-05,0.6651064566666668,0.5895605742922864,1.2434,544.0,91.41,7.009,45.588235294117645,5.648200035095215,8948.4,1,0.3333333333333333,1,14779,236
R117C012,沙坪坝区,ORI高,密集城区,居住主导,高质量,稳定,main,0.9256029189,5,0.1630393133333333,0.3429387411111111,0.0983327233333333,0.0337905888888888,0.5297164922222222,0.6642126674930154,0.5393,292.0,71.32,11.575,97.26027397260276,3.464099884033203,5191.5,3,1.0,0,6178,237
R134C040,沙坪坝区,ORI高,密集城区,居住主导,低质量,稳定,main,0.9924801993,5,0.28165261125,0.1792367295833333,0.10840861,0.03491163375,0.5092720979166667,0.7078355309148905,1.3035,696.0,98.16,10.448,95.40229885057472,3.728899955749512,25404.4,2,0.6666666666666666,0,2094,238
R112C027,沙坪坝区,ORI高,密集城区,混合/非居住,低质量,稳定,main,0.9757052594,5,0.1328341133333333,0.39086024,0.08332062,0.0199572199999999,0.479514125,0.6763926521879089,0.7888,308.0,93.08,3.271,28.57142857142857,2.745500087738037,3584.0,1,0.3333333333333333,1,6166,239
R138C034,沙坪坝区,ORI高,密集城区,居住主导,低质量,稳定,main,0.9791314408,5,0.18883133,0.03670756,0.2909139,0.0002717975,0.6823539733333334,0.5877063552242285,1.3798,1408.0,85.55,6.374,84.375,4.833199977874756,14807.2,1,0.3333333333333333,1,18860,240
R135C039,沙坪坝区,ORI高,密集城区,居住主导,低质量,稳定,main,0.9731689953,5,0.0743357333333333,0.02928289,0.25120926,0.000795365,0.6637268066666667,0.6818988316276234,1.0828,804.0,88.97,19.744,85.07462686567165,4.964799880981445,21294.7,1,0.3333333333333333,1,8953,241
R127C043,沙坪坝区,ORI高,密集城区,居住主导,低质量,稳定,main,0.9929696538,5,0.3087755866666666,0.0998280833333333,0.2420069366666666,0.0087916066666666,0.61885961,0.6856628398974122,1.3759,884.0,97.06,13.22,69.23076923076923,5.524799823760986,23735.8,1,0.3333333333333333,1,9174,242
R112C076,江北区,ORI低,一般建成区,居住主导,低质量,基本稳定-局部变化,main,0.6471033194,4,0.3647753366666666,0.0949058533333333,0.0748697933333333,0.00011444,0.3640912366666666,0.6133466516586207,0.0006,36.0,7.35,0.402,55.55555555555556,10.7923002243042,873.0,1,0.3333333333333333,1,7978,243
R113C083,江北区,ORI低,一般建成区,混合/非居住,低质量,基本稳定-局部变化,main,0.7649728575,4,0.2120367666666666,0.2852891283333333,0.0388590504166666,0.0408490466666666,0.4621887233333333,0.6518238299085839,0.0056,64.0,23.88,9.748,18.75,11.805899620056152,1862.7,2,0.6666666666666666,0,11177,244
R105C096,江北区,ORI低,一般建成区,居住主导,低质量,稳定,main,0.7894455816,4,0.19245402,0.35784149,0.01950582,0.05623754,0.4015693666666666,0.6327648678531569,0.1324,92.0,29.78,9.945,69.56521739130434,7.308499813079834,2147.7,1,0.3333333333333333,1,5539,245
R115C082,江北区,ORI低,密集城区,居住主导,低质量,稳定,main,0.7891341105,4,0.1835009266666666,0.3494618733333333,0.02680588,0.052656175,0.46011607,0.6435962058710522,0.1382,244.0,28.31,3.744,55.73770491803278,10.586799621582031,3257.6,1,0.3333333333333333,1,2231,246
R108C101,江北区,ORI低,一般建成区,无/极少建筑,低质量,基本稳定-局部变化,main,0.7456171576,4,0.4031988783333333,0.2360331216666666,0.00162172125,0.0682487483333333,0.3673769616666666,0.638922297916718,0.0002,4.0,15.44,4.476,0.0,12.658699989318848,415.8,2,0.6666666666666666,0,8040,247
R107C094,江北区,ORI低,一般建成区,无/极少建筑,低质量,基本稳定-局部变化,main,0.7180297232,4,0.0648269633333333,0.4335238133333333,0.02795919,0.0104036325,0.4498367366666667,0.5621112817842051,0.0002,4.0,16.91,8.981,0.0,9.626500129699709,627.0,1,0.3333333333333333,1,5739,248
R106C098,江北区,ORI低,一般建成区,混合/非居住,高质量,稳定,main,0.7700008899,4,0.1944707233333333,0.3207910336111111,0.0161981591666666,0.0230131141666666,0.4223030933333333,0.6075754379890266,0.0356,52.0,23.18,6.316,7.6923076923076925,8.790300369262695,519.7,3,1.0,0,6423,249
R106C102,江北区,ORI低,一般建成区,无/极少建筑,低质量,基本稳定-局部变化,main,0.7609237341,4,0.2574780766666666,0.25618871,0.0044606566666666,0.0256481174999999,0.4778671300000001,0.5793501460463556,0.0,0.0,20.42,2.029,,13.34850025177002,208.8,1,0.3333333333333333,1,9806,250
R106C099,江北区,ORI低,乡村/自然,无/极少建筑,低质量,基本稳定-局部变化,main,0.5557533149,3,0.1527366666666666,0.3517367033333333,0.0089111299999999,0.0092302966666666,0.44265874,0.6229800503727775,0.0,0.0,4.84,1.247,,9.085700035095217,378.9,1,0.3333333333333333,1,5735,251
R117C047,江北区,ORI中,密集城区,居住主导,低质量,稳定,main,0.8849337012,5,0.0181147266666666,5.722e-05,0.5670598333333334,0.0028419499999999,0.97999318,0.3697714827173419,0.5305,300.0,55.88,7.171,86.66666666666667,7.814499855041504,9361.3,1,0.3333333333333333,1,14875,252
R105C095,江北区,ORI中,密集城区,居住主导,低质量,稳定,main,0.8666459019,5,0.11049334,0.2064056383333333,0.2902231208333333,0.0097985270833333,0.6610959366666667,0.5539777586649802,0.1082,60.0,56.25,13.13,66.66666666666666,7.93779993057251,1162.4,2,0.6666666666666666,0,11139,253
R110C104,江北区,ORI中,密集城区,混合/非居住,低质量,基本稳定-局部变化,main,0.8775473881,5,0.1939353983333333,0.3487955716666667,0.0224952683333333,0.03644705,0.4424853333333333,0.6354925670098265,0.9985,80.0,54.67,11.476,20.0,8.39739990234375,713.4,2,0.6666666666666666,0,20455,254
R119C042,江北区,ORI中,密集城区,居住主导,高质量,稳定,main,0.8863575687,5,0.2024599708333333,0.2176937533333333,0.070047695,0.0172065116666666,0.5042779700000001,0.6358839816983178,0.4628,360.0,54.67,10.618,60.0,7.939799785614014,8257.8,3,1.0,0,6021,255
R125C051,江北区,ORI中,一般建成区,居住主导,高质量,稳定,main,0.8128059091,5,0.2361030577777777,0.2458083894444444,0.0456699788888888,0.0064469452777777,0.5058120080555556,0.6141994589473023,0.3394,140.0,33.22,6.145,100.0,9.548399925231934,5652.4,3,1.0,0,3318,256
R118C077,江北区,ORI中,密集城区,居住主导,低质量,基本稳定-局部变化,main,0.8896947584,5,0.0989321070833333,0.1302639645833333,0.2502861016666667,0.00122261125,0.6518014266666667,0.6288146458735229,0.0791,412.0,58.82,0.0,52.42718446601942,6.686800003051758,5993.5,2,0.6666666666666666,0,11212,257
R105C101,江北区,ORI中,一般建成区,无/极少建筑,低质量,稳定,main,0.8056865711,5,0.17068815375,0.4125080116666667,0.00643396375,0.0645929983333333,0.428765615,0.6057816902102482,0.0,0.0,29.04,7.659,,14.898200035095217,219.7,2,0.6666666666666666,0,9650,258
R118C079,江北区,ORI中,密集城区,居住主导,低质量,稳定,main,0.8796831895,5,0.1209424333333333,0.3629633566666667,0.1119664499999999,0.0015010824999999,0.4647572833333333,0.5950631092510518,0.3943,436.0,48.53,0.0,82.56880733944955,9.050100326538086,6307.0,1,0.3333333333333333,1,11175,259
R112C082,江北区,ORI中,密集城区,混合/非居住,低质量,稳定,main,0.9009967073,5,0.1800346366666666,0.3501586925,0.0280481966666666,0.0260556533333333,0.47550964,0.6379443128903725,0.0489,116.0,67.65,13.256,41.37931034482759,4.731800079345703,2792.4,1,0.3333333333333333,1,2234,260
R124C051,江北区,ORI中,密集城区,居住主导,高质量,稳定,main,0.8619293406,5,0.2173566824999999,0.22625351,0.0482139577777777,0.0048338575,0.5136727222222223,0.6309546525618929,0.4791,268.0,51.9,8.817,82.08955223880598,14.147600173950195,8075.0,3,1.0,0,3321,261
R118C047,江北区,ORI高,密集城区,居住主导,低质量,稳定,main,0.9273827534,5,3.624e-05,0.0,0.8551724766666666,0.0,0.9999637625,0.2570923745163225,0.9876,488.0,74.74,7.754,86.88524590163934,6.753799915313721,13961.2,1,0.3333333333333333,1,8610,262
R123C055,江北区,ORI高,密集城区,居住主导,低质量,稳定,main,0.9915457862,5,0.0327479033333333,0.02301407,0.4440294866666667,0.0008468624999999,0.8019091266666667,0.5854504979828548,1.9241,828.0,100.0,13.043,51.20772946859904,5.799600124359131,23732.2,1,0.3333333333333333,1,4561,263
R112C071,江北区,ORI高,密集城区,居住主导,高质量,稳定,main,0.9823351428,5,0.06714842,0.15252177,0.2758085466666666,0.0049054886111111,0.7083070533333334,0.628831300553803,0.5018,268.0,90.31,20.606,71.64179104477611,11.93690013885498,7476.3,3,1.0,0,19298,264
R108C096,江北区,ORI高,密集城区,混合/非居住,低质量,基本稳定-局部变化,main,0.9327667527,5,0.2543557516666666,0.2762982058333333,0.0287748966666666,0.006034535,0.4502156579166666,0.6028971685137596,0.3996,180.0,80.51,7.406,0.0,10.889800071716309,1843.9,2,0.6666666666666666,0,13438,265
R111C096,江北区,ORI高,密集城区,混合/非居住,低质量,稳定,main,0.9432232802,5,0.21767648125,0.31451861,0.01998996875,0.0088837941666666,0.44834470875,0.5889719764793084,2.0363,124.0,81.62,4.09,0.0,4.079699993133545,5535.8,2,0.6666666666666666,0,18967,266
R127C054,江北区,ORI高,密集城区,居住主导,高质量,稳定,main,0.9733914746,5,0.2575989833333333,0.2499699055555555,0.0816109991666666,0.0229644780555555,0.4658370558333333,0.6719918395316459,0.8037,364.0,86.85,16.199,52.74725274725275,9.772700309753418,13758.6,3,1.0,0,2435,267
R125C056,江北区,ORI高,密集城区,居住主导,低质量,稳定,main,0.9963068435,5,0.0613848366666666,0.0699481966666666,0.3052190170833333,0.0008444775,0.6635882066666667,0.6122324588625339,1.4824,888.0,97.92,17.184,93.24324324324324,9.149800300598145,24857.7,2,0.6666666666666666,0,346,268
R116C076,江北区,ORI高,密集城区,混合/非居住,高质量,稳定,main,0.9687194091,5,0.0969155616666666,0.2412939083333333,0.1510321308333333,0.00634694,0.5719331133333334,0.6111669192595687,0.0171,92.0,87.13,4.882,30.434782608695656,5.894100189208984,4753.0,4,1.0,0,11211,269
R124C062,江北区,ORI高,密集城区,居住主导,低质量,稳定,main,0.9887870428,5,0.0220766074999999,0.2930132533333333,0.2628351866666666,0.001205445,0.5428415966666665,0.6171213726231257,2.3,488.0,91.0,13.916,90.98360655737704,11.158100128173828,18446.0,1,0.3333333333333333,1,60,270
R127C055,江北区,ORI高,密集城区,混合/非居住,低质量,稳定,main,0.9980421821,5,0.1848885216666666,0.1853389733333333,0.2095349616666666,0.02710819125,0.6123359979166667,0.6591438840427243,1.3017,460.0,98.16,14.739,7.82608695652174,6.900700092315674,18119.3,2,0.6666666666666666,0,2432,271
R122C057,江北区,ORI高,密集城区,居住主导,低质量,稳定,main,0.9902109104,5,0.08406957,0.1574236566666666,0.24661509,0.0,0.7539215066666668,0.5537787531411696,1.8457,888.0,98.96,11.303,77.92792792792793,7.084700107574463,21447.4,1,0.3333333333333333,1,734,272
R163C032,大渡口区,ORI低,一般建成区,混合/非居住,低质量,稳定,main,0.301882175,2,0.0017167725,0.004567465,0.5201791116666666,7.1525e-06,0.9451236716666668,0.4298262144957684,0.0,12.0,0.0,6.516,33.33333333333333,21.0487003326416,201.0,2,0.6666666666666666,0,9392,273
R153C042,大渡口区,ORI低,密集城区,居住主导,低质量,稳定,main,0.7716472368,4,0.24451065,0.1519432066666666,0.37269211,0.015312195,0.7361806233333333,0.6264915502633549,0.5244,380.0,19.12,3.687,88.42105263157895,11.97029972076416,2725.7,1,0.3333333333333333,1,4370,274
R164C032,大渡口区,ORI低,一般建成区,居住主导,低质量,基本稳定-局部变化,main,0.6655246062,4,0.4407607733333333,0.2497863766666666,0.0185408579166666,0.0150628099999999,0.3635482783333333,0.5675644377284997,0.0,144.0,5.88,4.886,91.66666666666666,19.30179977416992,342.9,2,0.6666666666666666,0,9384,275
R163C037,大渡口区,ORI低,一般建成区,混合/非居住,低质量,稳定,main,0.2730711044,2,0.2199643466666666,0.2958730066666666,0.0256322233333333,0.0007076249999999,0.4100443566666666,0.6638548530573276,0.2652,120.0,3.31,5.711,36.666666666666664,8.214200019836426,2036.1,1,0.3333333333333333,1,12189,276
R162C032,大渡口区,ORI低,一般建成区,居住主导,低质量,稳定,main,0.3075998932,2,0.48795446,0.1991246533333333,0.02644062,0.0082333866666666,0.3327865566666666,0.5698373124563326,0.0,148.0,1.84,2.439,89.1891891891892,19.25379943847656,224.9,1,0.3333333333333333,1,9393,277
R164C043,大渡口区,ORI低,密集城区,混合/非居住,低质量,稳定,main,0.778366112,4,0.1772867833333333,0.3658720633333333,0.0319252025,0.0028100012499999,0.4058125833333333,0.6063647935979798,0.6009,236.0,14.71,2.422,18.64406779661017,8.439800262451172,1247.1,2,0.6666666666666666,0,12065,278
R162C054,大渡口区,ORI低,一般建成区,混合/非居住,低质量,稳定,main,0.7468630417,4,0.4762318966666667,0.01887258,0.1786232,0.0460866299999999,0.3345069933333333,0.5908913028795001,0.0,100.0,9.93,2.865,40.0,10.802499771118164,1185.9,1,0.3333333333333333,1,499,279
R171C034,大渡口区,ORI低,一般建成区,混合/非居住,高质量,稳定,main,0.5555753315,3,0.3036346433333333,0.2573869488888889,0.0427212188888888,0.0104301244444444,0.4258600883333334,0.6067858105760319,0.0,36.0,0.39,6.018,33.33333333333333,21.24650001525879,326.6,3,1.0,0,8933,280
R160C050,大渡口区,ORI低,密集城区,居住主导,低质量,基本稳定-局部变化,main,0.7820147726,4,0.3131912558333334,0.2461897533333333,0.0184933341666666,0.0036099766666666,0.44940646625,0.5569223113567041,0.2752,272.0,22.49,4.937,73.52941176470588,11.109299659729004,361.1,2,0.6666666666666666,0,9016,281
R163C030,大渡口区,ORI中,一般建成区,混合/非居住,低质量,基本稳定-局部变化,main,0.7939841595,4,0.0448977166666666,0.02340698,0.5288670866666667,0.0017147075,0.8886146566666667,0.4979851083089995,0.0,36.0,29.07,4.076,44.44444444444444,13.616499900817873,346.2,1,0.3333333333333333,1,888,282
R163C031,大渡口区,ORI中,一般建成区,无/极少建筑,低质量,基本稳定-局部变化,main,0.8129393966,5,0.0185407,0.0010007233333333,0.5076802566666667,0.0015802375,0.89891434,0.4738462418810513,0.0,0.0,33.82,4.482,,17.500600814819336,2.2,1,0.3333333333333333,1,887,283
R151C042,大渡口区,ORI中,密集城区,居住主导,低质量,稳定,main,0.8739877191,5,0.14886347,0.29978307,0.1212437966666666,0.0293782533333333,0.52607473,0.6669479888684738,0.4302,440.0,51.9,15.958,100.0,7.469600200653076,1408.4,1,0.3333333333333333,1,8898,284
R160C035,大渡口区,ORI中,密集城区,混合/非居住,低质量,基本稳定-局部变化,main,0.828290469,5,0.3146406816666666,0.06994629,0.0467090616666666,0.0202446,0.45390193,0.616301569418252,1.3196,160.0,42.56,7.872,17.5,6.1402997970581055,4860.2,2,0.6666666666666666,0,10974,285
R157C050,大渡口区,ORI中,密集城区,混合/非居住,低质量,稳定,main,0.8552549613,5,0.2379865625,0.2283083566666666,0.0688972466666666,0.0015001275,0.503554345,0.6692553857228569,0.1171,148.0,44.64,15.26,37.83783783783784,9.00790023803711,2271.0,1,0.3333333333333333,1,8836,286
R157C048,大渡口区,ORI中,密集城区,居住主导,低质量,稳定,main,0.8265106345,5,0.3335901866666667,0.1264279699999999,0.2074877433333333,0.03714498,0.49835205,0.7415065584106849,1.0675,172.0,37.37,2.547,65.11627906976744,8.198699951171875,4861.2,1,0.3333333333333333,1,13473,287
R162C036,大渡口区,ORI中,密集城区,居住主导,低质量,稳定,main,0.8727863309,5,0.23630269,0.25642141,0.08570957,0.0015589366666666,0.4915695166666666,0.6322648170323993,0.4978,324.0,58.46,19.818,64.19753086419753,7.024400234222412,8185.3,1,0.3333333333333333,1,4355,288
R148C048,大渡口区,ORI中,密集城区,居住主导,低质量,稳定,main,0.9063362107,5,0.37982432,0.0766716033333333,0.0201683066666666,0.00485738,0.39439583,0.666557204261417,0.5883,336.0,61.94,11.834,96.42857142857144,9.184900283813477,2650.0,1,0.3333333333333333,1,18552,289
R160C052,大渡口区,ORI中,密集城区,混合/非居住,低质量,稳定,main,0.872430364,5,0.14993190875,0.3284273158333333,0.0714441933333333,0.0059542666666666,0.4756145483333333,0.584057568207005,0.2903,288.0,50.74,10.967,19.444444444444446,4.916999816894531,6080.4,2,0.6666666666666666,0,10983,290
R144C045,大渡口区,ORI高,密集城区,居住主导,低质量,稳定,main,0.9245350182,5,0.2078596766666666,0.0153338116666666,0.3513927466666666,0.0013745633333333,0.7105878216666667,0.4546932563695716,0.6913,524.0,70.22,13.605,100.0,7.601399898529053,12924.3,2,0.6666666666666666,0,2012,291
R155C044,大渡口区,ORI高,密集城区,居住主导,低质量,稳定,main,0.9192400107,5,0.2465839375,0.04832077,0.2969156866666667,0.0022678374999999,0.6794929466666667,0.6620572771337025,0.6184,272.0,68.51,4.386,79.41176470588235,11.270000457763672,8683.3,1,0.3333333333333333,1,1986,292
R149C046,大渡口区,ORI高,密集城区,居住主导,低质量,稳定,main,0.9744593753,5,0.2684199,0.1710300445833333,0.0983549766666666,0.00450706625,0.5051794054166667,0.6403214463520306,1.1642,476.0,89.71,17.822,99.15966386554622,4.602700233459473,12637.3,2,0.6666666666666666,0,14407,293
R147C045,大渡口区,ORI高,密集城区,居住主导,低质量,稳定,main,0.9968852897,5,0.1096700066666666,0.19024531,0.1450843799999999,0.002209665,0.5819244366666666,0.6335477708388484,1.22,592.0,99.63,16.928,92.56756756756756,4.813700199127197,20217.9,1,0.3333333333333333,1,522,294
R142C045,大渡口区,ORI高,密集城区,居住主导,低质量,稳定,main,0.9543472457,5,0.2446505233333333,0.153302195,0.2215614333333333,0.00368881,0.6013806700000001,0.7212884581994348,1.0926,500.0,82.35,7.75,93.6,7.204100131988525,16105.9,1,0.3333333333333333,1,12026,295
R156C050,大渡口区,ORI高,密集城区,居住主导,低质量,稳定,main,0.9619560381,5,0.1885337866666666,0.3954455066666666,0.08537674,0.0148913066666666,0.4927024866666666,0.6132888775821665,0.3374,264.0,81.25,6.721,65.15151515151516,6.811800003051758,5494.4,1,0.3333333333333333,1,10986,296
R153C047,大渡口区,ORI高,密集城区,居住主导,低质量,稳定,main,0.9908783483,5,0.3645312,0.12245305,0.119537355,0.0363197333333333,0.4927075733333333,0.6885254159784818,1.4569,480.0,95.96,9.235,67.5,5.070899963378906,13276.3,1,0.3333333333333333,1,5761,297
R152C046,大渡口区,ORI高,密集城区,居住主导,高质量,稳定,main,0.9374833141,5,0.1867284791666666,0.294305800625,0.067309776875,0.0046767404166666,0.5204009212499999,0.6017126128449292,1.2238,328.0,75.74,7.924,80.48780487804879,6.406499862670898,5860.2,4,1.0,0,8664,298
R150C064,巴南区,ORI低,密集城区,居住主导,低质量,稳定,main,0.7914478953,4,0.04456838,0.0898984266666666,0.4807459533333333,0.0073102333333333,0.7689730333333333,0.6096066275047491,0.0948,444.0,26.56,2.024,72.07207207207207,17.1835994720459,2551.9,1,0.3333333333333333,1,185,299
R156C062,巴南区,ORI低,密集城区,居住主导,低质量,基本稳定-局部变化,main,0.5349292516,3,0.5795962066666667,0.0233907699999999,0.0204531366666666,0.008360865,0.3388252266666666,0.5972547478111033,0.1533,452.0,3.68,5.963,75.22123893805309,13.18649959564209,1398.9,1,0.3333333333333333,1,9024,300
R152C079,巴南区,ORI低,一般建成区,居住主导,低质量,稳定,main,0.3498932099,2,0.69227346,0.00019455,0.0153508179999999,0.0160269446666666,0.3000564583333333,0.4078915753579997,0.0,92.0,0.0,10.221,56.52173913043478,23.5314998626709,187.1,2,0.6666666666666666,0,15725,301
R162C064,巴南区,ORI低,一般建成区,居住主导,低质量,稳定,main,0.3506718875,2,0.3355306,0.3933334366666667,0.0293477366666666,0.0472555175,0.3766021766666667,0.6086531220136328,0.0,124.0,1.95,2.035,58.06451612903226,16.490699768066406,1028.9,1,0.3333333333333333,1,15612,302
R164C075,巴南区,ORI低,一般建成区,居住主导,低质量,基本稳定-局部变化,main,0.2354053573,2,0.4013659133333333,0.2067680366666666,0.0354639666666666,0.0090497333333333,0.3793919866666667,0.6253841620279791,0.0,76.0,0.0,2.405,78.94736842105263,17.272499084472656,434.3,1,0.3333333333333333,1,16355,303
R152C073,巴南区,ORI低,密集城区,居住主导,低质量,稳定,main,0.7769422444,4,0.01166916,0.1645393366666666,0.1724700933333333,4.959e-05,0.6953252166666667,0.6616272783822756,0.4426,316.0,19.12,5.911,63.29113924050633,5.267099857330322,3466.5,1,0.3333333333333333,1,13453,304
R161C064,巴南区,ORI低,一般建成区,居住主导,低质量,稳定,main,0.1375812049,1,0.2559700066666666,0.2545572933333334,0.0506998733333333,0.056383135,0.30608368,0.61959886740145,0.0,132.0,0.0,2.41,66.66666666666666,16.621000289916992,497.8,1,0.3333333333333333,1,15607,305
R151C064,巴南区,ORI中,密集城区,居住主导,低质量,稳定,main,0.8423066655,5,0.20886421,0.1679420466666666,0.4457321166666666,0.0042597466666666,0.68465805,0.68179937801156,0.1609,424.0,43.38,2.429,57.54716981132076,17.29199981689453,4759.4,1,0.3333333333333333,1,184,306
R151C056,巴南区,ORI中,密集城区,混合/非居住,低质量,基本稳定-局部变化,main,0.8665124143,5,0.14021937,0.3532314283333333,0.0528648708333333,0.0031642925,0.47785774875,0.5982096899230459,0.5682,444.0,45.33,4.504,40.54054054054054,4.543700218200684,9394.9,2,0.6666666666666666,0,9108,307
R155C060,巴南区,ORI中,密集城区,居住主导,低质量,稳定,main,0.9084720121,5,0.2594731633333333,0.19612503,0.1131649025,0.01413091,0.41598002,0.7452181090462342,0.549,636.0,63.32,3.736,94.9685534591195,12.410200119018556,9446.3,1,0.3333333333333333,1,21142,308
R149C052,巴南区,ORI中,密集城区,居住主导,低质量,稳定,main,0.8902287087,5,0.04338328,0.21303463,0.25610733,0.0,0.6465225200000001,0.5925721197776453,0.5931,488.0,51.84,1.183,81.14754098360656,5.917500019073486,11826.1,1,0.3333333333333333,1,9118,309
R147C060,巴南区,ORI中,密集城区,居住主导,低质量,稳定,main,0.854053573,5,0.2262458833333333,0.2883873,0.0525385533333333,0.01636251,0.4626248666666666,0.677127219061058,0.9742,384.0,45.22,7.212,69.79166666666666,7.3206000328063965,6490.5,1,0.3333333333333333,1,3337,310
R159C058,巴南区,ORI中,密集城区,居住主导,低质量,稳定,main,0.8398593931,5,0.1908683766666666,0.2734820033333333,0.1035016366666666,0.0150394425,0.5774434366666666,0.6806775786011537,0.1954,204.0,40.23,10.741,82.35294117647058,8.025699615478516,6528.5,1,0.3333333333333333,1,1955,311
R146C051,巴南区,ORI中,密集城区,居住主导,低质量,基本稳定-局部变化,main,0.9058022604,5,0.3533528649999999,0.2125746416666666,0.00130224375,0.0177396145833333,0.4063619,0.5623620726206232,0.7015,416.0,57.09,10.819,96.15384615384616,9.41919994354248,2953.9,2,0.6666666666666666,0,10726,312
R145C062,巴南区,ORI高,密集城区,混合/非居住,低质量,稳定,main,0.9812227463,5,0.0043878549999999,0.05053711,0.5144831333333334,0.0,0.8486086500000001,0.5066045542182511,2.2156,448.0,93.43,6.63,7.142857142857142,7.0046000480651855,7884.1,1,0.3333333333333333,1,256,313
R144C063,巴南区,ORI高,密集城区,居住主导,低质量,稳定,main,0.9202634155,5,0.2697652166666667,0.1984036733333333,0.1183217333333333,0.01291402,0.5183588633333334,0.6586659616568433,1.2236,888.0,73.53,6.043,56.30630630630631,7.298600196838379,13988.3,1,0.3333333333333333,1,247,314
R152C058,巴南区,ORI高,密集城区,居住主导,高质量,稳定,main,0.9733024829,5,0.140722989375,0.1933764602083333,0.164349794375,0.005516290625,0.5605119075,0.6604478436377621,0.7859,1156.0,90.44,11.502,92.04152249134948,6.123600006103516,18267.8,4,1.0,0,9105,315
R153C058,巴南区,ORI高,密集城区,居住主导,低质量,稳定,main,0.9492747175,5,0.0917547570833333,0.316868465,0.164179485,0.00560093,0.52167829,0.6761417935606623,1.1973,868.0,83.59,4.585,65.89861751152074,6.206500053405762,18175.0,2,0.6666666666666666,0,8489,316
R151C058,巴南区,ORI高,密集城区,居住主导,高质量,稳定,main,0.9186615645,5,0.2683156333333333,0.1909717988888889,0.1202574844444444,0.0110432302777777,0.4772728822222222,0.6360052109659,0.6258,636.0,70.22,13.647,96.85534591194968,9.40939998626709,20682.1,3,1.0,0,472,317
R154C059,巴南区,ORI高,密集城区,居住主导,低质量,稳定,main,0.9892764973,5,0.2853495266666667,0.1539014166666666,0.169677735,0.0040651966666666,0.545425415,0.6731937748059449,1.6329,448.0,96.19,3.63,73.21428571428571,5.118299961090088,13811.5,1,0.3333333333333333,1,21138,318
R088C040,北碚区,ORI低,密集城区,居住主导,低质量,基本稳定-局部变化,main,0.687505562,4,0.14505005,0.2824923166666667,0.1629892966666666,0.0090742125,0.528178215,0.640511937890556,0.0848,236.0,12.87,8.95,61.016949152542374,12.438599586486816,2560.3,1,0.3333333333333333,1,6499,319
R081C060,北碚区,ORI低,一般建成区,混合/非居住,低质量,基本稳定-局部变化,main,0.7230132598,4,0.47345988,0.1859232566666666,0.0059471133333333,0.005031585,0.3549741133333333,0.5817446403810681,0.0,20.0,11.76,11.1,40.0,14.01200008392334,626.8,1,0.3333333333333333,1,3239,320
R081C046,北碚区,ORI低,乡村/自然,居住主导,低质量,基本稳定-局部变化,main,0.6233425291,4,0.210403445,0.3487065633333333,0.0185839333333333,0.0627117175,0.4277025833333334,0.6625466397061509,0.0017,8.0,3.52,0.807,100.0,8.65820026397705,0.0,1,0.3333333333333333,1,7860,321
R094C040,北碚区,ORI低,密集城区,居住主导,低质量,稳定,main,0.7765862775,4,0.3478329966666666,0.2181205766666667,0.0166063325,0.0173441566666666,0.42946752,0.5936915255075429,0.3455,412.0,20.96,2.019,76.69902912621359,6.615099906921387,4117.1,1,0.3333333333333333,1,996,322
R093C041,北碚区,ORI低,密集城区,居住主导,低质量,稳定,main,0.780279434,4,0.083672525,0.3948030475,0.0343399066666666,0.0085309366666666,0.4746894866666666,0.6025788523231775,0.1419,200.0,20.59,9.505,94.0,9.111900329589844,3021.9,1,0.3333333333333333,1,5155,323
R092C042,北碚区,ORI低,密集城区,居住主导,低质量,稳定,main,0.7904244905,4,0.1980501833333333,0.27231725,0.09586843,0.0156488425,0.5017484033333334,0.6473784013959716,0.5372,568.0,22.49,4.054,97.1830985915493,9.49489974975586,7042.0,1,0.3333333333333333,1,7850,324
R087C041,北碚区,ORI低,密集城区,居住主导,低质量,稳定,main,0.7821927561,4,0.2557042433333333,0.3010215733333333,0.0162798566666666,0.016298295,0.378167155,0.6720733603367435,0.5623,216.0,27.57,6.703,87.03703703703704,9.350799560546877,5560.7,1,0.3333333333333333,1,5126,325
R092C045,北碚区,ORI中,密集城区,居住主导,低质量,稳定,main,0.8498264661,5,0.1263656633333333,0.1892731987499999,0.3077748616666667,0.054430645,0.6614659625000001,0.5554975581202857,0.4439,184.0,43.6,18.348,73.91304347826086,9.22920036315918,2585.1,2,0.6666666666666666,0,7518,326
R084C042,北碚区,ORI中,一般建成区,居住主导,低质量,稳定,main,0.7970988698,4,0.2113316833333333,0.3059959433333333,0.0441652933333333,0.00333913,0.4790430025,0.622946290456622,0.1116,132.0,30.15,3.275,57.57575757575758,14.617300033569336,4219.1,1,0.3333333333333333,1,5099,327
R077C055,北碚区,ORI中,一般建成区,混合/非居住,低质量,稳定,main,0.8270890807,5,0.1444816566666666,0.34850947,0.0754394533333333,0.0145673745833333,0.5428193416666667,0.583415409344417,0.0,60.0,36.4,4.594,13.333333333333334,7.821100234985352,804.8,2,0.6666666666666666,0,7710,328
R093C042,北碚区,ORI中,密集城区,居住主导,高质量,基本稳定-局部变化,main,0.8644211088,5,0.1694018033333333,0.3094947597222222,0.0724852869444444,0.0165882113888888,0.4461415622222223,0.6435597292910207,0.4336,408.0,40.81,9.863,98.0392156862745,7.397500038146973,3682.8,3,1.0,0,6450,329
R085C043,北碚区,ORI中,密集城区,混合/非居住,低质量,稳定,main,0.9150573997,5,0.1690139775,0.2835617066666666,0.1081263233333333,0.0053978,0.5491167699999999,0.6361891906720326,0.2233,204.0,70.59,2.937,25.49019607843137,6.351099967956543,8368.2,1,0.3333333333333333,1,5132,330
R076C051,北碚区,ORI中,密集城区,混合/非居住,低质量,基本稳定-局部变化,main,0.8845332384,5,0.1946512866666666,0.35317548,0.0219489729166666,0.023461025,0.4369597445833333,0.593248535703959,0.0,84.0,60.21,7.213,4.761904761904762,9.395899772644045,1176.2,2,0.6666666666666666,0,7067,331
R091C040,北碚区,ORI中,密集城区,混合/非居住,低质量,稳定,main,0.9177716472,5,0.1533139533333333,0.3679189674999999,0.0523004525,0.0251706433333333,0.4688835133333333,0.6065884865854371,0.9037,316.0,72.79,2.88,2.5316455696202533,7.361199855804443,4581.7,1,0.3333333333333333,1,6496,332
R086C048,北碚区,ORI高,密集城区,居住主导,低质量,稳定,main,0.9589303195,5,0.0749651583333333,0.19718806,0.2802861533333334,0.00043439875,0.6718368533333334,0.6793853914944339,0.9325,480.0,83.39,11.869,85.0,3.875400066375733,13594.9,2,0.6666666666666666,0,17677,333
R083C043,北碚区,ORI高,密集城区,居住主导,低质量,稳定,main,0.934279612,5,0.0605735766666666,0.4479459133333334,0.0485483833333333,0.0093288425,0.48422718,0.5630149145516615,0.0723,184.0,76.1,5.78,67.3913043478261,8.552300453186035,6162.2,1,0.3333333333333333,1,5088,334
R079C049,北碚区,ORI高,密集城区,居住主导,低质量,稳定,main,0.92591439,5,0.1258201583333333,0.2086582187499999,0.235613505,0.00165080875,0.61377589,0.6099189485011469,0.0658,424.0,36.4,2.844,86.79245283018868,5.944900035858154,6200.3,2,0.6666666666666666,0,7560,335
R079C048,北碚区,ORI高,密集城区,居住主导,低质量,稳定,main,0.9247130017,5,0.4318720499999999,0.05688413,0.1076545716666666,0.02540445375,0.4399751033333333,0.6080497386638872,0.0408,256.0,26.99,2.84,65.625,11.378499984741213,2086.4,2,0.6666666666666666,0,8831,336
R090C041,北碚区,ORI高,密集城区,居住主导,低质量,稳定,main,0.9260478775,5,0.3498751333333333,0.0422566733333333,0.0282427466666666,0.0036023466666666,0.5306498199999999,0.5801142127736797,0.8845,172.0,74.63,8.618,62.7906976744186,9.815899848937988,8244.1,1,0.3333333333333333,1,5156,337
R089C042,北碚区,ORI高,密集城区,混合/非居住,低质量,稳定,main,0.9505650974,5,0.24375534,0.2802797933333333,0.02778244,0.02245617,0.48395252,0.6209693928683275,0.3983,172.0,83.39,6.291,34.883720930232556,7.532899856567383,6220.0,1,0.3333333333333333,1,5136,338
R137C067,南岸区,ORI低,一般建成区,混合/非居住,低质量,稳定,main,0.05446293495,1,0.03798421,0.0004434575,0.5929260266666666,0.0,0.7295697566666667,0.4258193114055226,0.009,40.0,0.0,0.893,40.0,19.831300735473633,807.6,1,0.3333333333333333,1,4849,339
R141C068,南岸区,ORI低,密集城区,混合/非居住,低质量,稳定,main,0.7716027409,4,0.3189862566666666,0.13427353,0.1477050766666666,0.0085334775,0.4976170833333333,0.6571693867920982,0.1378,384.0,20.59,0.434,45.83333333333333,5.808199882507324,6454.0,1,0.3333333333333333,1,206,340
R141C067,南岸区,ORI低,密集城区,居住主导,低质量,稳定,main,0.7566521314,4,0.16710726,0.20506541,0.2180182133333333,0.0047618533333333,0.4373849233333333,0.6098884586796642,0.0771,432.0,17.97,2.852,72.22222222222221,11.823800086975098,3653.6,2,0.6666666666666666,0,195,341
R139C067,南岸区,ORI低,密集城区,居住主导,低质量,稳定,main,0.3117380084,2,0.4888916066666666,0.27170563,0.0043166042857142,0.0636051742857142,0.2221310966666666,0.6393684324646647,0.0592,248.0,2.57,5.267,72.58064516129032,17.480100631713867,2498.6,1,0.3333333333333333,1,8495,342
R137C068,南岸区,ORI低,一般建成区,居住主导,低质量,稳定,main,0.6303728753,4,0.000993348,0.0028518679999999,0.3279507966666666,0.0,0.789002998,0.3794465759185413,0.1693,100.0,9.69,9.441,68.0,14.80679988861084,859.7,1,0.3333333333333333,1,4848,343
R139C069,南岸区,ORI低,密集城区,居住主导,低质量,稳定,main,0.7521580493,4,0.1847279866666666,0.2464803066666666,0.10987091,0.0194826125,0.4547297166666667,0.6729442923303025,0.4563,796.0,20.42,5.477,92.46231155778896,8.311100006103516,8157.1,1,0.3333333333333333,1,5830,344
R129C068,南岸区,ORI中,密集城区,居住主导,低质量,稳定,main,0.9169262259,5,0.08820343,0.0047159175,0.53309377,0.0033092499999999,0.8690134666666666,0.5933748923181755,1.4296,1236.0,66.91,15.719,84.78964401294499,9.360400199890137,15471.6,1,0.3333333333333333,1,4168,345
R118C067,南岸区,ORI中,密集城区,居住主导,低质量,稳定,main,0.8822194536,5,0.4394264233333333,0.1190160133333333,0.04921055,0.00272179,0.4581133533333334,0.5655919760295928,2.2155,400.0,53.31,6.498,77.0,8.864399909973145,14117.7,1,0.3333333333333333,1,21099,346
R140C069,南岸区,ORI中,密集城区,居住主导,低质量,基本稳定-局部变化,main,0.8076443891,5,0.3595733633333333,0.0011978133333333,0.1738611833333333,0.000629425,0.5319366433333333,0.6145549001887463,0.1492,980.0,32.87,4.392,85.3061224489796,8.77970027923584,8680.1,1,0.3333333333333333,1,5831,347
R130C067,南岸区,ORI中,密集城区,居住主导,低质量,稳定,main,0.9079380618,5,0.43761953,0.0002505,0.1160062166666666,0.0011062625,0.5242067966666667,0.5818952950971142,1.335,1032.0,60.29,6.644,89.92248062015504,13.384200096130373,13452.7,1,0.3333333333333333,1,8647,348
R135C066,南岸区,ORI中,密集城区,混合/非居住,低质量,稳定,main,0.8369671621,5,0.0322430916666666,0.4051818833333334,0.0621525462499999,0.0007238387499999,0.4152291616666667,0.6262840483849575,0.4464,700.0,44.85,16.344,20.57142857142857,9.719300270080566,3352.3,2,0.6666666666666666,0,168,349
R141C062,南岸区,ORI中,密集城区,居住主导,低质量,稳定,main,0.8641096378,5,0.2049706783333333,0.2871824916666666,0.0624942766666666,0.0025777824999999,0.4536876666666666,0.6669973851305171,0.2585,336.0,50.37,5.955,67.85714285714286,8.098799705505371,8344.8,2,0.6666666666666666,0,8523,350
R135C062,南岸区,ORI高,密集城区,居住主导,低质量,稳定,main,0.9869182166,5,0.16166941,0.00843048,0.40038554,0.0018358225,0.7598660766666668,0.6288005456166432,2.494,1056.0,98.9,7.111,87.12121212121212,6.610499858856201,27275.2,1,0.3333333333333333,1,728,351
R136C061,南岸区,ORI高,密集城区,居住主导,高质量,稳定,main,0.9898994394,5,0.205382345,0.1402288275,0.2280166947916666,0.00895428625,0.6349109024999999,0.628305389790351,1.8973,796.0,99.26,11.861,86.93467336683418,5.819699764251709,26607.0,4,1.0,0,14133,352
R120C067,南岸区,ORI高,密集城区,混合/非居住,低质量,稳定,main,0.9825576221,5,0.1707687375,0.1616376233333333,0.16862488,0.0002393725,0.6388053933333333,0.6231370932364876,1.4058,848.0,87.11,5.133,44.33962264150944,7.382299900054932,17063.8,1,0.3333333333333333,1,3203,353
R138C063,南岸区,ORI高,密集城区,居住主导,高质量,稳定,main,0.9827356056,5,0.204726535,0.1781756066666666,0.1584960077777777,0.0008783333333333,0.5530276833333333,0.7102406862607294,2.0275,800.0,97.06,7.777,95.0,8.414799690246582,25780.4,3,1.0,0,4082,354
R135C056,南岸区,ORI高,一般建成区,混合/非居住,低质量,稳定,main,0.9395301237,5,0.1752999616666666,0.3040758783333334,0.0701286008333333,0.0226715408333333,0.4513085683333334,0.6848132557834272,0.1524,96.0,28.68,4.866,20.833333333333336,8.493000030517578,12771.3,2,0.6666666666666666,0,10749,355
R130C052,渝中区,ORI中,密集城区,居住主导,低质量,基本稳定-局部变化,main,0.9040669218,5,0.1781374633333333,0.08561325,0.2032814,0.0015563966666666,0.5377782166666667,0.6765536409375381,0.8113,520.0,60.66,9.539,80.76923076923077,14.64050006866455,16468.7,1,0.3333333333333333,1,2171,356
R130C051,渝中区,ORI中,密集城区,混合/非居住,低质量,基本稳定-局部变化,main,0.8597935392,5,0.00037384,0.00170231,0.17051951,0.0,0.64835739,0.4408975883779473,0.6862,388.0,44.98,12.194,37.11340206185567,16.353099822998047,15788.9,1,0.3333333333333333,1,6485,357
R129C050,渝中区,ORI中,密集城区,居住主导,低质量,稳定,main,0.9145679452,5,0.22125117,0.0545819566666666,0.1901893633333333,0.0043468475,0.5759515775,0.7301841017491114,0.9481,628.0,66.18,7.405,52.22929936305732,13.13949966430664,20750.3,1,0.3333333333333333,1,2450,358
R129C057,渝中区,ORI中,密集城区,混合/非居住,低质量,稳定,main,0.8144077601,5,0.4485511766666666,0.0105590833333333,0.04081726,0.0132916766666666,0.43306732,0.5685593432767634,0.7735,820.0,28.68,8.8,26.82926829268293,18.876800537109375,17840.5,1,0.3333333333333333,1,9183,359
R130C055,渝中区,ORI中,密集城区,混合/非居住,高质量,稳定,main,0.8409717896,5,0.2324086503333333,0.0629243213333333,0.194166263125,0.0037421834523809,0.5575091041666667,0.6470421019683386,0.7096,700.0,38.24,4.279,45.14285714285714,16.10379981994629,14559.1,4,1.0,0,3179,360
R130C057,渝中区,ORI高,密集城区,混合/非居住,低质量,稳定,main,0.9260033817,5,0.1238212566666666,0.00336933,0.4583714833333334,0.0020780575,0.8334147166666668,0.5525113758036886,0.6727,468.0,65.4,8.388,39.31623931623932,15.136699676513672,14483.5,1,0.3333333333333333,1,17199,361
R126C060,渝中区,ORI高,密集城区,居住主导,低质量,稳定,main,0.9972412566,5,0.3725557324999999,0.0001436866666666,0.1065088933333333,0.0011024475,0.5341504433333334,0.6087687726351807,1.5196,1036.0,94.49,5.367,88.41698841698842,10.901399612426758,34077.4,1,0.3333333333333333,1,420,362
R129C054,渝中区,ORI高,密集城区,混合/非居住,低质量,稳定,main,0.9457595444,5,0.10808627,0.1828753166666666,0.1699148816666666,0.0027933125,0.5061422983333332,0.6136294441479695,0.7446,260.0,44.12,14.348,44.61538461538462,12.650799751281738,18311.3,2,0.6666666666666666,0,10793,363
R125C060,渝中区,ORI高,一般建成区,居住主导,低质量,稳定,main,0.9632464181,5,0.0608990966666666,0.2776234966666667,0.2826957733333333,0.0109691625,0.63778178,0.6309598786670982,1.0451,132.0,37.37,8.133,90.9090909090909,12.520700454711914,13487.8,1,0.3333333333333333,1,11217,364
R128C066,渝中区,ORI高,密集城区,居住主导,低质量,稳定,main,0.9723235739,5,0.2790285766666667,0.104356765,0.09736125,0.0014009475,0.5276591,0.6525337566778634,0.6706,312.0,45.33,4.572,84.61538461538461,9.068499565124512,16412.8,1,0.3333333333333333,1,413,365
R131C050,渝中区,ORI高,密集城区,居住主导,低质量,稳定,main,0.9975082317,5,0.01935196,0.1069501249999999,0.3638757066666667,3.671625e-05,0.7630710583333333,0.6291107814616494,1.7884,740.0,99.31,7.32,91.35135135135135,4.241199970245361,32546.1,2,0.6666666666666666,0,8601,366
R128C065,渝中区,ORI高,密集城区,居住主导,低质量,稳定,main,0.9981311738,5,0.3160222366666667,0.1710383133333333,0.0553220133333333,0.0039978025,0.40312831,0.6822373042608229,2.4109,1108.0,96.19,9.428,94.22382671480143,14.781499862670898,34954.6,1,0.3333333333333333,1,293,367
R126C062,渝中区,ORI高,密集城区,居住主导,高质量,稳定,main,0.9736584498,5,0.0972625941666666,0.0738140752777777,0.3745691497222221,0.0016384125,0.7162728838888889,0.5649912818709014,0.5846,304.0,56.99,22.294,63.1578947368421,10.706299781799316,12466.0,5,1.0,0,58,368
R131C052,渝中区,ORI高,密集城区,居住主导,高质量,稳定,main,0.997107769,5,0.3595835383333334,0.0584478372222222,0.1365903222222222,0.0009783658333333,0.4553714333333333,0.6903944345299867,1.7354,792.0,100.0,5.835,89.8989898989899,4.200500011444092,35441.2,3,1.0,0,2131,369
R129C056,渝中区,ORI中,密集城区,混合/非居住,高质量,稳定,main,0.8583251758,5,0.2718713544444444,0.23964903,0.0599231705555555,0.0037158333333333,0.4240536133333334,0.6790151484915433,0.5611,504.0,36.4,11.163,20.634920634920633,21.353099822998047,9772.1,3,1.0,0,2460,370
R107C097,江北区,ORI高,密集城区,混合/非居住,低质量,显著变化,sensitivity,0.9728575243,5,0.29591624,0.2823600766666667,0.0014584866666666,0.0484046933333333,0.41193962,0.570286803300578,0.0074,24.0,93.75,2.023,0.0,6.468699932098389,1874.5,1,0.3333333333333333,1,11141,371
R108C097,江北区,ORI高,密集城区,混合/非居住,低质量,显著变化,sensitivity,0.955860105,5,0.33722496,0.3174680066666666,0.0032806433333333,0.0852381366666666,0.4078025866666666,0.6499319626816449,2.089,136.0,87.89,1.618,0.0,6.403200149536133,1530.6,1,0.3333333333333333,1,11142,372
R097C026,沙坪坝区,ORI高,密集城区,混合/非居住,低质量,显著变化,sensitivity,0.9373053306,5,0.12031428,0.3887087533333333,0.0095202133333333,0.003217695,0.487559,0.5353568089179851,0.7568,304.0,73.7,13.053,13.157894736842104,3.5771000385284424,8314.2,1,0.3333333333333333,1,6127,373
R102C103,渝北区,ORI高,密集城区,混合/非居住,低质量,显著变化,sensitivity,0.9258698941,5,0.1811180099999999,0.3590265933333333,0.01032766,0.014678,0.4356803925,0.5844114676603392,0.0881,84.0,74.22,12.438,47.61904761904761,7.628399848937988,899.3,1,0.3333333333333333,1,18322,374
R172C031,大渡口区,ORI中,一般建成区,无/极少建筑,低质量,显著变化,sensitivity,0.8053751001,5,0.3912073766666666,0.2877349866666667,0.0012601233333333,0.0017585757142857,0.3120091766666666,0.5538576113249788,0.0,4.0,31.25,0.825,0.0,16.844499588012695,292.4,1,0.3333333333333333,1,5356,375
R130C026,沙坪坝区,ORI中,密集城区,居住主导,低质量,显著变化,sensitivity,0.8729643143,5,0.1814193733333333,0.3466746,0.13060252,0.0168635066666666,0.3857816066666666,0.6135370339594491,0.8664,364.0,52.25,0.0,58.24175824175825,2.6233999729156494,2012.4,1,0.3333333333333333,1,13587,376
R096C097,渝北区,ORI中,密集城区,混合/非居住,低质量,显著变化,sensitivity,0.855655424,5,0.0693066899999999,0.3901303599999999,0.12027486,0.0149383566666666,0.5215059866666666,0.6146041606471518,0.0704,44.0,49.22,4.847,0.0,10.380999565124512,218.5,1,0.3333333333333333,1,9820,377
R076C055,北碚区,ORI中,一般建成区,混合/非居住,低质量,显著变化,sensitivity,0.8296253448,5,0.1397501633333333,0.4070218399999999,0.0209121699999999,0.02107493,0.4365742999999999,0.600019495648335,0.0,92.0,35.29,6.56,8.695652173913043,10.072999954223633,832.0,1,0.3333333333333333,1,7056,378
R108C044,渝北区,ORI中,一般建成区,居住主导,低质量,显著变化,sensitivity,0.8148972146,5,0.4752388000000001,0.08177185,0.0093320233333333,0.00933075,0.4321785,0.5562562435068293,0.061,116.0,28.68,7.748,86.20689655172413,8.294500350952148,720.5,1,0.3333333333333333,1,11233,379
R097C103,渝北区,ORI中,密集城区,居住主导,低质量,显著变化,sensitivity,0.8572127792,5,0.035102205,0.4721635183333332,0.04879093,0.0099048612499999,0.473819255,0.5168696767125227,0.0033,60.0,48.16,9.662,80.0,10.235899925231934,188.8,2,0.6666666666666666,0,6435,380
R116C045,江北区,ORI中,密集城区,居住主导,低质量,显著变化,sensitivity,0.8191243214,5,0.2693875666666667,0.2416025766666666,0.0273450233333333,0.0257364933333333,0.46890386,0.6676451893307701,0.2315,200.0,31.49,6.349,76.0,9.829700469970703,2341.0,1,0.3333333333333333,1,6018,381
R107C026,沙坪坝区,ORI中,密集城区,混合/非居住,高质量,显著变化,sensitivity,0.825709709,5,0.1691814,0.3180317355555555,0.0564304991666666,0.0037371325,0.4887242866666666,0.6054580810901521,0.0242,48.0,40.48,5.497,8.333333333333332,3.736299991607666,938.9,3,1.0,0,11438,382
R108C046,渝北区,ORI中,密集城区,居住主导,低质量,显著变化,sensitivity,0.8359882531,5,0.06199773,0.20600891,0.1448364233333333,0.0093269325,0.6009025599999999,0.6732447409778987,0.1673,364.0,41.8,4.055,95.6043956043956,6.9217000007629395,1189.1,1,0.3333333333333333,1,8219,383
R179C016,九龙坡区,ORI中,一般建成区,混合/非居住,低质量,显著变化,sensitivity,0.7974548367,4,0.1115938799999999,0.362854,0.0915667199999999,0.0035947166666666,0.5126202866666666,0.6276919060539652,0.5489,140.0,27.94,8.321,31.428571428571427,4.438700199127197,1044.5,1,0.3333333333333333,1,7144,384
R137C012,九龙坡区,ORI低,密集城区,居住主导,低质量,显著变化,sensitivity,0.7853519623,4,0.0932350183333333,0.4258314766666666,0.0271422066666666,0.0087003725,0.4674212133333333,0.5605752845418632,0.6783,208.0,26.99,10.604,94.23076923076924,3.2525999546051025,1579.9,2,0.6666666666666666,0,9041,385
R100C084,渝北区,ORI低,一般建成区,混合/非居住,低质量,显著变化,sensitivity,0.714247575,4,0.1398264566666666,0.3709526083333333,0.0320790633333333,0.0047388075,0.4190661116666666,0.6728237471430851,0.0,12.0,16.96,4.894,33.33333333333333,7.660500049591064,223.1,2,0.6666666666666666,0,15177,386
R082C056,渝北区,ORI低,一般建成区,混合/非居住,低质量,显著变化,sensitivity,0.3480911275,2,0.14365387,0.39652888,0.0269546499999999,0.033966065,0.4162305166666666,0.6165776433770852,0.0,60.0,0.0,9.467,33.33333333333333,11.568599700927734,516.9,1,0.3333333333333333,1,7702,387
R147C020,九龙坡区,ORI低,密集城区,混合/非居住,低质量,显著变化,sensitivity,0.4070926404,3,0.4322350833333332,0.1618855816666666,0.0057107616666666,0.03921334,0.371628445,0.5209546782447347,0.0,248.0,0.37,2.891,46.774193548387096,4.797900199890137,791.6,2,0.6666666666666666,0,6978,388
R108C045,渝北区,ORI低,一般建成区,居住主导,低质量,显著变化,sensitivity,0.7917593664,4,0.1311022466666666,0.34901937,0.0953178399999999,0.0038045266666666,0.5018246966666666,0.621934164186371,0.024,24.0,25.74,6.028,100.0,7.999100208282471,561.6,1,0.3333333333333333,1,8245,389
R175C023,九龙坡区,ORI低,一般建成区,混合/非居住,低质量,显著变化,sensitivity,0.7820592685,4,0.2345695533333333,0.1808293666666666,0.1063677466666666,0.0116281525,0.4744901649999999,0.6907476053571447,0.0062,48.0,18.34,4.876,25.0,7.541500091552734,489.8,1,0.3333333333333333,1,12149,390
R105C025,沙坪坝区,ORI低,一般建成区,混合/非居住,高质量,显著变化,sensitivity,0.734537688,4,0.1856002808333333,0.3756122575,0.0092943502083333,0.023660898125,0.4344917933333334,0.5699654268373514,0.2209,48.0,16.02,9.947,0.0,3.840100049972534,941.3,4,1.0,0,11408,391
R091C061,渝北区,ORI低,一般建成区,混合/非居住,低质量,显著变化,sensitivity,0.7480199341,4,0.1347033166666666,0.4077606200000001,0.04622777,0.0158131933333333,0.4803533525,0.5790769582693039,0.0,64.0,20.22,8.967,0.0,11.404399871826172,444.1,1,0.3333333333333333,1,5230,392
R097C080,渝北区,ORI低,一般建成区,居住主导,低质量,显著变化,sensitivity,0.532526475,3,0.4794960033333333,0.03559494,0.0360666933333333,0.00079473,0.2560984333333333,0.607916428569898,0.0,84.0,0.69,6.779,90.47619047619048,11.634099960327148,560.1,1,0.3333333333333333,1,18275,393
R100C086,渝北区,ORI低,一般建成区,混合/非居住,低质量,显著变化,sensitivity,0.07871317967,1,0.3538475033333333,0.3187344866666666,0.0106639849999999,0.0208396899999999,0.3139190666666667,0.6180460560463436,0.0,76.0,0.0,2.804,47.368421052631575,10.810799598693848,236.9,1,0.3333333333333333,1,12392,394
R095C056,渝北区,ORI低,一般建成区,混合/非居住,高质量,显著变化,sensitivity,0.7704903444,4,0.1943143211111111,0.27004793,0.0753544694444444,0.0348895377777777,0.4967748833333332,0.6369287290950579,0.0,88.0,22.49,7.806,36.36363636363637,9.41100025177002,381.2,3,1.0,0,7741,395
R161C053,大渡口区,ORI低,一般建成区,无/极少建筑,低质量,显著变化,sensitivity,0.6928450654,4,0.3089001966666667,0.3836034133333333,0.0126953133333333,0.03938198,0.30730184,0.5874343792136513,0.0006,4.0,5.19,4.558,0.0,10.233099937438965,881.7,1,0.3333333333333333,1,498,396
R134C015,九龙坡区,ORI中,密集城区,混合/非居住,低质量,显著变化,sensitivity,0.9118981935,5,0.23403295,0.3200022366666666,0.0356801333333333,0.0477053333333333,0.3673146533333333,0.7032741880305998,0.0409,12.0,64.71,5.863,0.0,7.536099910736084,692.3,2,0.6666666666666666,0,6777,397
R075C055,北碚区,ORI低,乡村/自然,居住主导,低质量,显著变化,sensitivity,0.5324374833,3,0.1552721633333333,0.3776677433333333,0.004304885,0.02271366,0.46205393,0.5796366265388615,0.0,8.0,0.78,4.835,50.0,11.01550006866455,397.0,1,0.3333333333333333,1,7062,398
R114C022,沙坪坝区,ORI低,一般建成区,居住主导,低质量,显著变化,sensitivity,0.7819257809,4,0.127767565,0.3521448766666666,0.0647672033333333,0.0086061175,0.4877611833333333,0.6225459480413045,0.143,108.0,25.78,15.743,100.0,4.052299976348877,1505.4,2,0.6666666666666666,0,9311,399
R172C023,九龙坡区,ORI中,一般建成区,居住主导,高质量,显著变化,sensitivity,0.8166325532,5,0.1829153691666666,0.290349325,0.1025896083333333,0.0034937841666666,0.4802424108333333,0.6141021360203198,0.0,100.0,36.33,10.774,56.00000000000001,7.617099761962891,665.7,4,1.0,0,12190,400
